Respondent_id,Program,Batch,Institution,Delivery_mode,Gender,Academic_year,Trainer_effectiveness,Curriculum_relevance,Pace_of_delivery,Support_Mentorship,Platform,Overall_satisfaction,Would_recommend,Open_feedback,Batch_date
STU-01073,Networking Fundamentals,Mar 2025 Batch,Techno India University,Hybrid,Male,3rd Year,4.0,4.0,4.0,3.0,4.0,4,Yes,Session quality varied depending on the trainer.,2025-03-01
STU-01049,Blockchain Basics,Jul 2026 Batch,Techno India University,Online,Female,3rd Year,4.0,3.0,3.0,3.0,3.0,4,Yes,Would like the syllabus to be updated more frequently.,2026-07-01
STU-00205,Java Development,Jul 2026 Batch,Government College of Engineering & Textile Technology,Online,Female,3rd Year,5.0,4.0,5.0,5.0,4.0,5,Yes,"Loved the hands-on projects, they really built my confidence.",2026-07-01
STU-00695,Networking Fundamentals,Mar 2026 Batch,St. Xavier's College Kolkata,Online,Prefer not to say,1st Year,3.0,3.0,2.0,4.0,4.0,3,No,"Average experience, some sessions were better than others.",2026-03-01
STU-01759,Cybersecurity & Ethical Hacking,Mar 2026 Batch,St. Xavier's College Kolkata,Online,Male,3rd Year,4.0,4.0,4.0,4.0,3.0,4,Yes,Faced frequent audio/video issues during classes.,2026-03-01
STU-00285,Networking Fundamentals,Mar 2025 Batch,Government College of Engineering & Textile Technology,Offline,Female,Working Professional,5.0,5.0,5.0,5.0,5.0,5,Yes,"Well-paced sessions and very approachable trainer, learned a lot.",2025-03-01
STU-01867,Machine Learning,Jul 2025 Batch,Government College of Engineering & Textile Technology,Online,Female,4th Year,4.0,5.0,3.0,3.0,2.0,4,No,The portal for assignments was confusing and slow to load.,2025-07-01
STU-01927,Cybersecurity & Ethical Hacking,May 2025 Batch,JIS College of Engineering,Online,Prefer not to say,3rd Year,3.0,3.0,3.0,3.0,2.0,3,Yes,The portal for assignments was confusing and slow to load.,2025-05-01
STU-01887,Advanced Excel & Power BI,Jan 2025 Batch,Government College of Engineering & Textile Technology,Online,Female,3rd Year,4.0,5.0,4.0,4.0,4.0,4,No,"Very satisfied, the mentors were patient and encouraging throughout.",2025-01-01
STU-01725,Internet of Things (IoT),Jul 2026 Batch,JIS College of Engineering,Online,Female,4th Year,3.0,3.0,4.0,4.0,3.0,3,Yes,Session quality varied depending on the trainer.,2026-07-01
STU-00869,App Development (Android),Oct 2025 Batch,JIS College of Engineering,Online,Female,Graduate,4.0,3.0,2.0,3.0,3.0,3,No,"Wish there was more time per topic, felt rushed throughout.",2025-10-01
STU-01892,Cloud Computing (AWS),May 2025 Batch,Independent / Working Professional,Online,Male,3rd Year,3.0,4.0,3.0,4.0,4.0,4,Yes,Explanations were sometimes too fast to follow properly.,2025-05-01
STU-01783,Machine Learning,May 2025 Batch,Techno India University,Online,Male,3rd Year,4.0,3.0,2.0,4.0,4.0,4,No,"The sessions moved too fast, hard to keep up with the pace.",2025-05-01
STU-01704,Networking Fundamentals,Apr 2025 Batch,St. Xavier's College Kolkata,Online,Male,3rd Year,4.0,4.0,5.0,5.0,5.0,4,No,One of the best training experiences I have had so far.,2025-04-01
STU-00803,Advanced Excel & Power BI,May 2026 Batch,Techno India University,Online,Female,Working Professional,5.0,5.0,5.0,5.0,5.0,5,No,"Very satisfied, the mentors were patient and encouraging throughout.",2026-05-01
STU-01303,Cybersecurity & Ethical Hacking,Aug 2026 Batch,Maulana Azad College,Offline,Female,Working Professional,5.0,5.0,4.0,5.0,4.0,5,Yes,The curriculum was well structured and relevant to current industry needs.,2026-08-01
STU-01275,Database Management (SQL),Aug 2026 Batch,St. Xavier's College Kolkata,Hybrid,Male,2nd Year,4.0,3.0,4.0,5.0,4.0,4,No,Session quality varied depending on the trainer.,2026-08-01
STU-01038,Generative AI,Apr 2026 Batch,Government College of Engineering & Textile Technology,Online,Male,1st Year,4.0,4.0,4.0,4.0,4.0,4,Yes,Trainer was knowledgeable and made even tough topics easy to grasp.,2026-04-01
STU-00596,Machine Learning,Mar 2026 Batch,JIS College of Engineering,Online,Female,2nd Year,5.0,4.0,4.0,4.0,4.0,4,Yes,The program content was up to date and industry relevant.,2026-03-01
STU-01913,Advanced Excel & Power BI,Jun 2026 Batch,Techno India University,Hybrid,Female,3rd Year,4.0,3.0,2.0,4.0,3.0,3,No,"Overall okay experience, a few sessions could have been better planned.",2026-06-01
STU-01825,Blockchain Basics,Jul 2026 Batch,Narasingh Choudhuri Autonomous College,Online,Female,2nd Year,3.0,2.0,1.0,3.0,3.0,2,No,"Wish there was more time per topic, felt rushed throughout.",2026-07-01
STU-01029,Networking Fundamentals,Mar 2026 Batch,Government College of Engineering & Textile Technology,Online,Female,Working Professional,4.0,4.0,3.0,5.0,4.0,4,Yes,Struggled to keep up as new topics were introduced too quickly.,2026-03-01
STU-00351,App Development (Android),Jul 2025 Batch,Government College of Engineering & Textile Technology,Offline,Female,1st Year,3.0,4.0,4.0,4.0,4.0,4,Yes,Would appreciate a more engaging teaching style.,2025-07-01
STU-01090,Cybersecurity & Ethical Hacking,Feb 2026 Batch,St. Xavier's College Kolkata,Online,Male,3rd Year,5.0,4.0,4.0,5.0,5.0,5,Yes,"Great mentorship throughout the program, felt supported at every step.",2026-02-01
STU-00003,Digital Marketing,Jan 2025 Batch,Techno India University,Hybrid,Male,2nd Year,4.0,3.0,2.0,4.0,2.0,3,Yes,"Content was okay, though a few topics felt rushed.",2025-01-01
STU-01076,DevOps,Jul 2025 Batch,Techno India University,Online,Female,2nd Year,3.0,3.0,2.0,3.0,2.0,3,Yes,"Reasonably good, though I expected slightly more hands-on practice.",2025-07-01
STU-01505,Data Science,May 2026 Batch,Government College of Engineering & Textile Technology,Hybrid,Female,Working Professional,3.0,3.0,3.0,3.0,2.0,3,No,"Content was okay, though a few topics felt rushed.",2026-05-01
STU-00111,Digital Marketing,Aug 2026 Batch,St. Xavier's College Kolkata,Offline,Female,2nd Year,2.0,3.0,2.0,3.0,2.0,2,Yes,Trainer seemed unprepared in a couple of sessions.,2026-08-01
STU-01063,Advanced Excel & Power BI,Mar 2025 Batch,Maulana Azad College,Online,Male,2nd Year,5.0,5.0,5.0,5.0,5.0,5,Yes,"Enjoyed every module, especially the live project work.",2025-03-01
STU-00109,Cybersecurity & Ethical Hacking,May 2025 Batch,Techno India University,Online,Female,3rd Year,4.0,5.0,4.0,5.0,3.0,4,No,Nothing to add.,2025-05-01
STU-00919,Full Stack Development,Mar 2025 Batch,Government College of Engineering & Textile Technology,Online,Male,Graduate,3.0,4.0,2.0,4.0,4.0,4,No,"Wish there was more time per topic, felt rushed throughout.",2025-03-01
STU-00501,Machine Learning,Sep 2025 Batch,Government College of Engineering & Textile Technology,Hybrid,Male,3rd Year,4.0,4.0,4.0,4.0,3.0,4,Yes,"Average experience, some sessions were better than others.",2025-09-01
STU-00362,Full Stack Development,Jul 2025 Batch,Techno India University,Online,Male,4th Year,2.0,3.0,2.0,3.0,3.0,2,No,"Sessions felt monotonous, needed more interactive teaching.",2025-07-01
STU-01548,Blockchain Basics,Aug 2026 Batch,Techno India University,Hybrid,Male,4th Year,4.0,4.0,4.0,4.0,4.0,4,No,Practical assignments made the concepts much easier to understand.,2026-08-01
STU-01282,Python Programming,Mar 2026 Batch,Maulana Azad College,Online,Female,1st Year,4.0,3.0,2.0,3.0,4.0,3,No,"Wish there was more time per topic, felt rushed throughout.",2026-03-01
STU-01159,Database Management (SQL),Aug 2026 Batch,Maulana Azad College,Hybrid,Female,Graduate,5.0,4.0,4.0,5.0,4.0,5,No,"Really enjoyed the sessions, the trainer kept things engaging.",2026-08-01
STU-01328,Java Development,May 2026 Batch,Techno India University,Online,Female,Working Professional,5.0,5.0,5.0,4.0,5.0,5,Yes,"Clear explanations, useful resources, and prompt doubt-clearing sessions.",2026-05-01
STU-00197,Full Stack Development,Oct 2025 Batch,Neotia University,Online,Female,2nd Year,4.0,3.0,2.0,2.0,3.0,3,Yes,Session quality varied depending on the trainer.,2025-10-01
STU-01818,Cybersecurity & Ethical Hacking,Jul 2025 Batch,Techno India University,Offline,Male,3rd Year,5.0,4.0,4.0,5.0,4.0,4,Yes,One of the best training experiences I have had so far.,2025-07-01
STU-00238,UI/UX Design,Jul 2026 Batch,JIS College of Engineering,Online,Male,3rd Year,5.0,5.0,5.0,5.0,5.0,5,Yes,"Excellent program overall, would definitely recommend to my juniors.",2026-07-01
STU-00789,Competitive Programming,Oct 2025 Batch,Government College of Engineering & Textile Technology,Offline,Female,1st Year,4.0,4.0,3.0,4.0,4.0,4,No,Could use an extra week or two to cover everything properly.,2025-10-01
STU-00721,App Development (Android),Jul 2026 Batch,Maulana Azad College,Hybrid,Male,4th Year,5.0,5.0,5.0,5.0,5.0,5,Yes,"Really enjoyed the sessions, the trainer kept things engaging.",2026-07-01
STU-01296,Machine Learning,Feb 2025 Batch,Techno India University,Online,Female,4th Year,3.0,4.0,3.0,4.0,3.0,3,Yes,"Average experience, some sessions were better than others.",2025-02-01
STU-01410,Internet of Things (IoT),Jun 2025 Batch,Techno India University,Online,Female,4th Year,5.0,5.0,4.0,4.0,4.0,5,Yes,"Well-paced sessions and very approachable trainer, learned a lot.",2025-06-01
STU-01705,UI/UX Design,Sep 2025 Batch,St. Xavier's College Kolkata,Online,Female,1st Year,3.0,2.0,3.0,3.0,3.0,3,Yes,Curriculum could include more project-based learning.,2025-09-01
STU-00545,Weather Forecasting ML Project,Apr 2026 Batch,Independent / Working Professional,Offline,Female,1st Year,4.0,4.0,3.0,4.0,4.0,4,No,,2026-04-01
STU-01261,Cybersecurity & Ethical Hacking,Jul 2026 Batch,Government College of Engineering & Textile Technology,Offline,Female,3rd Year,2.0,3.0,3.0,2.0,3.0,2,No,Would appreciate a more engaging teaching style.,2026-07-01
STU-01885,Cloud Computing (AWS),Mar 2026 Batch,Techno India University,Online,Female,3rd Year,3.0,3.0,3.0,3.0,2.0,3,Yes,"Content was okay, though a few topics felt rushed.",2026-03-01
STU-01307,Advanced Excel & Power BI,Mar 2026 Batch,Neotia University,Online,Male,2nd Year,4.0,3.0,3.0,3.0,3.0,3,Yes,"Overall okay experience, a few sessions could have been better planned.",2026-03-01
STU-00846,Cloud Computing (AWS),Sep 2025 Batch,Heritage Institute of Technology,Offline,Female,4th Year,5.0,4.0,4.0,4.0,4.0,4,Yes,One of the best training experiences I have had so far.,2025-09-01
STU-00842,Weather Forecasting ML Project,Feb 2025 Batch,Techno India University,Online,Male,4th Year,4.0,5.0,5.0,4.0,4.0,4,Yes,One of the best training experiences I have had so far.,2025-02-01
STU-01318,AI in Biotechnology,Jul 2026 Batch,Techno India University,Hybrid,Female,Working Professional,4.0,5.0,3.0,4.0,4.0,4,No,"Content was okay, though a few topics felt rushed.",2026-07-01
STU-01546,Java Development,May 2025 Batch,JIS College of Engineering,Online,Male,2nd Year,5.0,5.0,5.0,5.0,5.0,5,Yes,"Well-paced sessions and very approachable trainer, learned a lot.",2025-05-01
STU-01648,Full Stack Development,Oct 2025 Batch,Techno India University,Hybrid,Male,3rd Year,5.0,4.0,4.0,5.0,4.0,5,Yes,The program content was up to date and industry relevant.,2025-10-01
STU-01734,App Development (Android),Jul 2026 Batch,Government College of Engineering & Textile Technology,Online,Female,2nd Year,4.0,4.0,4.0,4.0,3.0,3,Yes,Faced frequent audio/video issues during classes.,2026-07-01
STU-01057,Full Stack Development,May 2026 Batch,Narasingh Choudhuri Autonomous College,Online,Male,3rd Year,2.0,2.0,2.0,2.0,3.0,2,Yes,Explanations were sometimes too fast to follow properly. Some topics felt outdated compared to current industry trends.,2026-05-01
STU-01794,Cybersecurity & Ethical Hacking,Oct 2025 Batch,Government College of Engineering & Textile Technology,Online,Female,4th Year,5.0,5.0,5.0,5.0,5.0,5,Yes,"Great mentorship throughout the program, felt supported at every step.",2025-10-01
STU-00173,Advanced Excel & Power BI,Feb 2025 Batch,Neotia University,Offline,Female,Graduate,5.0,4.0,5.0,5.0,4.0,5,Yes,"Well-paced sessions and very approachable trainer, learned a lot.",2025-02-01
STU-01788,AI in Food Technology,Apr 2026 Batch,Government College of Engineering & Textile Technology,Online,Male,Working Professional,3.0,3.0,2.0,4.0,3.0,3,No,"Reasonably good, though I expected slightly more hands-on practice.",2026-04-01
STU-00836,Generative AI,Sep 2025 Batch,St. Xavier's College Kolkata,Online,Male,2nd Year,4.0,4.0,4.0,5.0,5.0,5,Yes,"Excellent program overall, would definitely recommend to my juniors.",2025-09-01
STU-00442,Web Development,Mar 2026 Batch,Techno India University,Online,Female,3rd Year,2.0,3.0,1.0,3.0,3.0,3,Yes,"Pace needs to slow down, especially for beginners in the batch.",2026-03-01
STU-01555,Networking Fundamentals,Jun 2025 Batch,Government College of Engineering & Textile Technology,Offline,Male,Graduate,5.0,5.0,5.0,4.0,3.0,4,Yes,Session quality varied depending on the trainer.,2025-06-01
STU-01376,Weather Forecasting ML Project,Jan 2026 Batch,St. Xavier's College Kolkata,Online,Female,4th Year,4.0,4.0,4.0,4.0,4.0,4,Yes,"Well-paced sessions and very approachable trainer, learned a lot.",2026-01-01
STU-00790,Blockchain Basics,Apr 2025 Batch,Neotia University,Online,Male,4th Year,4.0,4.0,4.0,4.0,3.0,4,Yes,"Overall okay experience, a few sessions could have been better planned.",2025-04-01
STU-00186,Full Stack Development,Feb 2026 Batch,Neotia University,Online,Female,2nd Year,4.0,4.0,3.0,4.0,3.0,4,Yes,Could use an extra week or two to cover everything properly.,2026-02-01
STU-00439,Cybersecurity & Ethical Hacking,May 2025 Batch,Techno India University,Online,Female,4th Year,3.0,4.0,3.0,3.0,2.0,3,No,"Decent program, could use a bit more structure in scheduling.",2025-05-01
STU-01004,Generative AI,Jul 2026 Batch,JIS College of Engineering,Online,Male,2nd Year,5.0,5.0,5.0,5.0,4.0,4,No,"Enjoyed every module, especially the live project work.",2026-07-01
STU-00141,Advanced Excel & Power BI,Jul 2025 Batch,Techno India University,Online,Male,4th Year,4.0,4.0,4.0,5.0,3.0,4,Yes,"Decent program, could use a bit more structure in scheduling.",2025-07-01
STU-01278,Networking Fundamentals,Mar 2025 Batch,Government College of Engineering & Textile Technology,Online,Male,Working Professional,2.0,2.0,2.0,3.0,2.0,2,Yes,Would appreciate a more engaging teaching style.,2025-03-01
STU-01397,AI in Biotechnology,Feb 2026 Batch,St. Xavier's College Kolkata,Online,Male,2nd Year,4.0,3.0,4.0,4.0,3.0,4,No,"Decent program, could use a bit more structure in scheduling.",2026-02-01
STU-01470,Internet of Things (IoT),Feb 2025 Batch,Techno India University,Offline,Female,3rd Year,4.0,5.0,4.0,5.0,5.0,5,Yes,The trainer's real-world examples made the sessions very useful.,2025-02-01
STU-00587,Digital Marketing,Feb 2026 Batch,Maulana Azad College,Online,Female,Graduate,4.0,4.0,4.0,4.0,4.0,4,No,The trainer explained concepts clearly and was always ready to help.,2026-02-01
STU-00849,Blockchain Basics,Feb 2026 Batch,JIS College of Engineering,Online,Male,3rd Year,5.0,4.0,4.0,4.0,4.0,4,Yes,"Loved the hands-on projects, they really built my confidence.",2026-02-01
STU-00300,Machine Learning,Jul 2026 Batch,Techno India University,Online,Female,1st Year,4.0,3.0,3.0,4.0,2.0,3,No,Recorded session links took too long to be uploaded.,2026-07-01
STU-00796,Agentic AI,May 2025 Batch,Government College of Engineering & Textile Technology,Online,Female,Graduate,4.0,4.0,3.0,5.0,4.0,4,Yes,"The program was decent overall, nothing major to complain about.",2025-05-01
STU-01413,Networking Fundamentals,Oct 2025 Batch,Direct / Online (ASD),Online,Male,3rd Year,5.0,3.0,3.0,4.0,4.0,4,Yes,"The program was decent overall, nothing major to complain about.",2025-10-01
STU-00354,AI in Food Technology,Mar 2025 Batch,Techno India University,Online,Prefer not to say,Graduate,4.0,4.0,4.0,4.0,4.0,4,No,The program content was up to date and industry relevant.,2025-03-01
STU-01071,Blockchain Basics,Mar 2025 Batch,St. Xavier's College Kolkata,Online,Male,Graduate,5.0,4.0,4.0,5.0,4.0,4,Yes,"Clear explanations, useful resources, and prompt doubt-clearing sessions.",2025-03-01
STU-01465,Generative AI,Feb 2026 Batch,Government College of Engineering & Textile Technology,Online,Male,4th Year,4.0,4.0,2.0,5.0,4.0,4,No,"Pace needs to slow down, especially for beginners in the batch.",2026-02-01
STU-01687,App Development (Android),Jul 2026 Batch,Techno India University,Online,Male,Working Professional,4.0,3.0,3.0,3.0,2.0,4,No,No comments.,2026-07-01
STU-01845,Generative AI,Oct 2025 Batch,Government College of Engineering & Textile Technology,Offline,Male,Graduate,3.0,4.0,3.0,5.0,4.0,4,Yes,Would appreciate a more engaging teaching style.,2025-10-01
STU-00958,Internet of Things (IoT),Jul 2026 Batch,Government College of Engineering & Textile Technology,Hybrid,Male,Graduate,3.0,3.0,3.0,3.0,2.0,3,No,"Overall okay experience, a few sessions could have been better planned.",2026-07-01
STU-01535,Internet of Things (IoT),Feb 2025 Batch,Government College of Engineering & Textile Technology,Hybrid,Female,Working Professional,5.0,4.0,3.0,4.0,3.0,4,No,Session quality varied depending on the trainer.,2025-02-01
STU-01683,Generative AI,Aug 2026 Batch,Techno India University,Online,Male,Graduate,5.0,4.0,4.0,4.0,3.0,4,Yes,"Lab access was unreliable, lost a lot of time troubleshooting.",2026-08-01
STU-00716,AI in Biotechnology,Apr 2025 Batch,Techno India University,Hybrid,Female,4th Year,3.0,3.0,3.0,4.0,2.0,3,Yes,"Decent program, could use a bit more structure in scheduling.",2025-04-01
STU-01433,Cybersecurity & Ethical Hacking,Aug 2026 Batch,Neotia University,Online,Female,1st Year,5.0,5.0,5.0,5.0,4.0,5,Yes,"Really enjoyed the sessions, the trainer kept things engaging.",2026-08-01
STU-00424,Internet of Things (IoT),Aug 2025 Batch,JIS College of Engineering,Online,Female,Working Professional,5.0,5.0,5.0,5.0,4.0,5,Yes,"Great mentorship throughout the program, felt supported at every step.",2025-08-01
STU-00312,Advanced Excel & Power BI,Sep 2025 Batch,Government College of Engineering & Textile Technology,Online,Male,4th Year,3.0,4.0,4.0,3.0,2.0,3,Yes,"Decent program, could use a bit more structure in scheduling.",2025-09-01
STU-00782,Machine Learning,Oct 2025 Batch,Government College of Engineering & Textile Technology,Online,Female,3rd Year,5.0,5.0,5.0,5.0,5.0,5,Yes,The trainer explained concepts clearly and was always ready to help.,2025-10-01
STU-01382,AI in Biotechnology,Jun 2026 Batch,Narasingh Choudhuri Autonomous College,Online,Female,4th Year,4.0,4.0,3.0,4.0,4.0,4,No,"The program was decent overall, nothing major to complain about.",2026-06-01
STU-01681,Networking Fundamentals,May 2025 Batch,Neotia University,Hybrid,Male,3rd Year,5.0,5.0,5.0,5.0,4.0,5,No,"Enjoyed every module, especially the live project work.",2025-05-01
STU-00038,Web Development,Oct 2025 Batch,Techno India University,Online,Female,Graduate,2.0,2.0,3.0,3.0,4.0,3,Yes,The trainer could explain concepts more clearly.,2025-10-01
STU-00528,Java Development,Apr 2026 Batch,Maulana Azad College,Offline,Male,1st Year,5.0,4.0,4.0,5.0,5.0,4,Yes,"Enjoyed every module, especially the live project work.",2026-04-01
STU-00692,AI in Food Technology,Feb 2026 Batch,JIS College of Engineering,Offline,Male,3rd Year,5.0,4.0,4.0,4.0,4.0,5,Yes,The program content was up to date and industry relevant.,2026-02-01
STU-01241,AI in Food Technology,Feb 2026 Batch,Government College of Engineering & Textile Technology,Offline,Male,3rd Year,5.0,5.0,3.0,5.0,4.0,4,Yes,"Content was okay, though a few topics felt rushed.",2026-02-01
STU-00708,Advanced Excel & Power BI,Feb 2026 Batch,Neotia University,Hybrid,Male,Graduate,3.0,3.0,2.0,3.0,3.0,3,Yes,Struggled to keep up as new topics were introduced too quickly.,2026-02-01
STU-00059,Networking Fundamentals,Jan 2025 Batch,Neotia University,Online,Male,Graduate,4.0,3.0,3.0,4.0,3.0,4,Yes,Wanted more advanced/real-world case studies in the curriculum.,2025-01-01
STU-01497,Cybersecurity & Ethical Hacking,Jun 2025 Batch,Government College of Engineering & Textile Technology,Online,Male,2nd Year,5.0,4.0,5.0,5.0,3.0,5,Yes,The portal for assignments was confusing and slow to load.,2025-06-01
STU-01211,Advanced Excel & Power BI,May 2025 Batch,Independent / Working Professional,Online,Male,3rd Year,2.0,3.0,3.0,2.0,2.0,2,No,Explanations were sometimes too fast to follow properly. Too much content packed into too few sessions.,2025-05-01
STU-00128,DevOps,Nov 2025 Batch,St. Xavier's College Kolkata,Hybrid,Male,Working Professional,5.0,5.0,4.0,5.0,4.0,4,Yes,"Great balance of theory and practicals, exceeded my expectations.",2025-11-01
STU-00448,Digital Marketing,Jul 2026 Batch,Techno India University,Hybrid,Male,1st Year,5.0,4.0,4.0,4.0,4.0,5,Yes,The trainer's real-world examples made the sessions very useful.,2026-07-01
STU-00398,Python Programming,Jul 2026 Batch,Techno India University,Offline,Female,4th Year,4.0,3.0,3.0,4.0,3.0,3,Yes,"It was fine, but I expected a bit more depth in the later modules.",2026-07-01
STU-00230,Generative AI,Mar 2025 Batch,St. Xavier's College Kolkata,Online,Female,3rd Year,4.0,5.0,3.0,4.0,4.0,4,Yes,"Decent program, could use a bit more structure in scheduling.",2025-03-01
STU-01837,App Development (Android),Oct 2025 Batch,Techno India University,Hybrid,Male,4th Year,4.0,4.0,2.0,3.0,3.0,4,No,Too much content packed into too few sessions.,2025-10-01
STU-00035,Agentic AI,Jul 2026 Batch,St. Xavier's College Kolkata,Online,Male,4th Year,5.0,4.0,3.0,5.0,3.0,4,No,Too much content packed into too few sessions.,2026-07-01
STU-00971,Python Programming,Jan 2026 Batch,Narasingh Choudhuri Autonomous College,Hybrid,Male,4th Year,4.0,5.0,5.0,5.0,4.0,5,Yes,Practical assignments made the concepts much easier to understand.,2026-01-01
STU-01486,Web Development,Jan 2025 Batch,Techno India University,Online,Prefer not to say,3rd Year,5.0,5.0,4.0,5.0,4.0,4,Yes,"Well-paced sessions and very approachable trainer, learned a lot.",2025-01-01
STU-01151,DevOps,Jun 2026 Batch,Maulana Azad College,Offline,Female,1st Year,4.0,5.0,5.0,4.0,3.0,4,No,The portal for assignments was confusing and slow to load.,2026-06-01
STU-01806,Machine Learning,May 2025 Batch,Techno India University,Offline,Female,Working Professional,3.0,3.0,2.0,4.0,2.0,3,Yes,"It was fine, but I expected a bit more depth in the later modules.",2025-05-01
STU-00749,Cybersecurity & Ethical Hacking,Aug 2026 Batch,Direct / Online (ASD),Offline,Male,Graduate,4.0,4.0,4.0,5.0,3.0,4,Yes,Had connectivity issues on the platform almost every week.,2026-08-01
STU-01921,Weather Forecasting ML Project,Feb 2025 Batch,Techno India University,Offline,Female,Graduate,5.0,5.0,4.0,4.0,5.0,5,Yes,One of the best training experiences I have had so far.,2025-02-01
STU-00591,AI in Food Technology,Aug 2025 Batch,Neotia University,Online,Female,2nd Year,3.0,3.0,2.0,2.0,1.0,2,Yes,Faced frequent audio/video issues during classes. Could use an extra week or two to cover everything properly.,2025-08-01
STU-00858,Internet of Things (IoT),Feb 2026 Batch,JIS College of Engineering,Offline,Male,Working Professional,4.0,4.0,3.0,4.0,3.0,4,Yes,Could use an extra week or two to cover everything properly.,2026-02-01
STU-00411,Machine Learning,Mar 2026 Batch,Government College of Engineering & Textile Technology,Hybrid,Male,3rd Year,4.0,4.0,4.0,4.0,3.0,4,Yes,Faced frequent audio/video issues during classes.,2026-03-01
STU-01107,Blockchain Basics,Feb 2026 Batch,Techno India University,Online,Male,3rd Year,4.0,3.0,3.0,4.0,2.0,3,Yes,Recorded session links took too long to be uploaded.,2026-02-01
STU-01785,Blockchain Basics,Feb 2026 Batch,Narasingh Choudhuri Autonomous College,Offline,Male,1st Year,4.0,4.0,3.0,4.0,4.0,4,Yes,,2026-02-01
STU-01400,Full Stack Development,Nov 2025 Batch,St. Xavier's College Kolkata,Online,Female,Working Professional,5.0,5.0,3.0,4.0,4.0,4,Yes,"Average experience, some sessions were better than others.",2025-11-01
STU-00929,AI in Biotechnology,Sep 2025 Batch,Government College of Engineering & Textile Technology,Online,Male,1st Year,5.0,5.0,4.0,5.0,4.0,5,Yes,The curriculum was well structured and relevant to current industry needs.,2025-09-01
STU-00008,Competitive Programming,Aug 2026 Batch,Techno India University,Offline,Male,Graduate,3.0,4.0,4.0,4.0,3.0,3,Yes,"Content was okay, though a few topics felt rushed.",2026-08-01
STU-00722,Cybersecurity & Ethical Hacking,May 2025 Batch,Independent / Working Professional,Online,Male,Graduate,4.0,3.0,3.0,4.0,4.0,4,Yes,"The program was decent overall, nothing major to complain about.",2025-05-01
STU-01442,Networking Fundamentals,Apr 2025 Batch,Heritage Institute of Technology,Hybrid,Male,3rd Year,3.0,4.0,3.0,3.0,4.0,3,No,"Content was okay, though a few topics felt rushed.",2025-04-01
STU-01936,Python Programming,Oct 2025 Batch,Maulana Azad College,Offline,Female,Working Professional,4.0,5.0,3.0,4.0,3.0,4,No,Too much content packed into too few sessions.,2025-10-01
STU-00972,Cybersecurity & Ethical Hacking,Aug 2026 Batch,Government College of Engineering & Textile Technology,Online,Female,3rd Year,4.0,4.0,3.0,3.0,2.0,3,No,Session quality varied depending on the trainer.,2026-08-01
STU-01445,Java FDP (Faculty Development),May 2025 Batch,Techno India University,Online,Male,3rd Year,3.0,3.0,3.0,3.0,4.0,3,No,"Sessions felt monotonous, needed more interactive teaching.",2025-05-01
STU-00573,Cloud Computing (AWS),May 2025 Batch,Neotia University,Online,Female,Working Professional,4.0,4.0,3.0,4.0,3.0,3,No,"It was fine, but I expected a bit more depth in the later modules.",2025-05-01
STU-01952,UI/UX Design,Aug 2025 Batch,Government College of Engineering & Textile Technology,Hybrid,Male,1st Year,3.0,4.0,4.0,4.0,3.0,4,No,Session quality varied depending on the trainer.,2025-08-01
STU-01815,Java Development,Jul 2026 Batch,Government College of Engineering & Textile Technology,Hybrid,Female,Working Professional,3.0,3.0,1.0,3.0,1.0,2,Yes,Struggled to keep up as new topics were introduced too quickly.,2026-07-01
STU-01421,Cybersecurity & Ethical Hacking,Sep 2025 Batch,Heritage Institute of Technology,Online,Male,4th Year,2.0,3.0,3.0,3.0,3.0,2,No,Trainer seemed unprepared in a couple of sessions. Faced frequent audio/video issues during classes.,2025-09-01
STU-01577,Cybersecurity & Ethical Hacking,Aug 2026 Batch,Neotia University,Offline,Male,4th Year,5.0,4.0,4.0,4.0,3.0,4,Yes,Recorded session links took too long to be uploaded.,2026-08-01
STU-00021,Internet of Things (IoT),Mar 2025 Batch,Neotia University,Online,Prefer not to say,3rd Year,4.0,5.0,4.0,4.0,4.0,4,Yes,"Really enjoyed the sessions, the trainer kept things engaging.",2025-03-01
STU-00453,Full Stack Development,Aug 2025 Batch,St. Xavier's College Kolkata,Online,Female,3rd Year,3.0,3.0,2.0,4.0,3.0,3,Yes,Could use an extra week or two to cover everything properly.,2025-08-01
STU-00376,Weather Forecasting ML Project,Apr 2025 Batch,Neotia University,Online,Male,2nd Year,5.0,5.0,4.0,5.0,4.0,5,Yes,One of the best training experiences I have had so far.,2025-04-01
STU-01045,Database Management (SQL),Oct 2025 Batch,Techno India University,Hybrid,Female,4th Year,4.0,3.0,4.0,2.0,4.0,4,Yes,Doubt resolution took longer than expected outside class hours.,2025-10-01
STU-01853,Java Development,Sep 2025 Batch,St. Xavier's College Kolkata,Online,Male,3rd Year,4.0,4.0,3.0,3.0,5.0,4,Yes,Too much content packed into too few sessions.,2025-09-01
STU-00893,Web Development,Jul 2026 Batch,St. Xavier's College Kolkata,Hybrid,Male,4th Year,3.0,4.0,4.0,3.0,2.0,3,Yes,Nothing to add.,2026-07-01
STU-01878,Advanced Excel & Power BI,May 2026 Batch,Narasingh Choudhuri Autonomous College,Online,Male,3rd Year,5.0,5.0,4.0,5.0,3.0,4,No,"The program was decent overall, nothing major to complain about.",2026-05-01
STU-00471,Machine Learning,Aug 2026 Batch,Government College of Engineering & Textile Technology,Offline,Male,4th Year,4.0,3.0,4.0,3.0,2.0,3,No,The online platform kept lagging during live sessions.,2026-08-01
STU-00926,Agentic AI,May 2025 Batch,Government College of Engineering & Textile Technology,Offline,Male,3rd Year,4.0,5.0,4.0,4.0,4.0,4,No,The trainer explained concepts clearly and was always ready to help.,2025-05-01
STU-00984,Machine Learning,May 2025 Batch,Techno India University,Offline,Male,Working Professional,3.0,3.0,2.0,3.0,3.0,3,Yes,"Wish there was more time per topic, felt rushed throughout.",2025-05-01
STU-01854,Full Stack Development,Jun 2025 Batch,Independent / Working Professional,Online,Female,Working Professional,4.0,3.0,3.0,3.0,3.0,4,No,Felt a few modules were not very relevant to the job market.,2025-06-01
STU-00361,Advanced Excel & Power BI,Apr 2026 Batch,JIS College of Engineering,Online,Male,4th Year,4.0,5.0,3.0,4.0,3.0,4,Yes,"The program was decent overall, nothing major to complain about.",2026-04-01
STU-00798,Generative AI,Mar 2025 Batch,Government College of Engineering & Textile Technology,Hybrid,Female,3rd Year,4.0,4.0,4.0,4.0,3.0,4,Yes,"Content was okay, though a few topics felt rushed.",2025-03-01
STU-01391,Web Development,Apr 2025 Batch,Government College of Engineering & Textile Technology,Hybrid,Female,2nd Year,4.0,3.0,3.0,3.0,3.0,3,Yes,"Decent program, could use a bit more structure in scheduling.",2025-04-01
STU-00480,Python Programming,Jun 2025 Batch,Government College of Engineering & Textile Technology,Online,Female,3rd Year,5.0,5.0,4.0,5.0,5.0,4,Yes,"Really enjoyed the sessions, the trainer kept things engaging.",2025-06-01
STU-01572,Networking Fundamentals,Jun 2025 Batch,Government College of Engineering & Textile Technology,Online,Male,4th Year,4.0,3.0,4.0,4.0,4.0,4,No,Wanted more advanced/real-world case studies in the curriculum.,2025-06-01
STU-00739,Generative AI,Feb 2026 Batch,Government College of Engineering & Textile Technology,Offline,Male,Graduate,3.0,4.0,3.0,4.0,4.0,3,No,"Average experience, some sessions were better than others.",2026-02-01
STU-01999,Advanced Excel & Power BI,May 2025 Batch,Techno India University,Online,Female,Graduate,5.0,5.0,5.0,5.0,5.0,5,Yes,,2025-05-01
STU-01595,Blockchain Basics,Jan 2026 Batch,Government College of Engineering & Textile Technology,Online,Male,4th Year,5.0,5.0,5.0,5.0,5.0,5,Yes,The support team responded quickly whenever I had doubts.,2026-01-01
STU-01196,Python Programming,Jun 2025 Batch,Government College of Engineering & Textile Technology,Online,Female,1st Year,5.0,5.0,5.0,5.0,5.0,5,Yes,"Clear explanations, useful resources, and prompt doubt-clearing sessions.",2025-06-01
STU-00263,Machine Learning,Jun 2025 Batch,Government College of Engineering & Textile Technology,Online,Male,Graduate,3.0,2.0,3.0,3.0,2.0,2,Yes,Curriculum could include more project-based learning.,2025-06-01
STU-00242,Generative AI,Sep 2025 Batch,Government College of Engineering & Textile Technology,Offline,Female,1st Year,4.0,3.0,3.0,4.0,4.0,4,Yes,Wanted more advanced/real-world case studies in the curriculum.,2025-09-01
STU-01364,Machine Learning,Sep 2025 Batch,Government College of Engineering & Textile Technology,Online,Male,3rd Year,5.0,5.0,4.0,5.0,4.0,4,Yes,"Clear explanations, useful resources, and prompt doubt-clearing sessions.",2025-09-01
STU-01351,Blockchain Basics,Apr 2026 Batch,Neotia University,Offline,Male,4th Year,4.0,3.0,2.0,4.0,3.0,4,Yes,Struggled to keep up as new topics were introduced too quickly.,2026-04-01
STU-01065,Web Development,Feb 2026 Batch,Techno India University,Offline,Male,4th Year,5.0,5.0,5.0,4.0,4.0,4,Yes,The curriculum was well structured and relevant to current industry needs.,2026-02-01
STU-00654,Competitive Programming,Jul 2026 Batch,Techno India University,Hybrid,Male,3rd Year,3.0,4.0,5.0,5.0,3.0,4,No,"Content was okay, though a few topics felt rushed.",2026-07-01
STU-01742,Weather Forecasting ML Project,Mar 2025 Batch,Government College of Engineering & Textile Technology,Hybrid,Female,Graduate,3.0,3.0,3.0,3.0,3.0,3,No,"It was fine, but I expected a bit more depth in the later modules.",2025-03-01
STU-00052,App Development (Android),Aug 2026 Batch,Neotia University,Offline,Male,3rd Year,5.0,4.0,4.0,5.0,3.0,4,No,"Content was okay, though a few topics felt rushed.",2026-08-01
STU-00037,Agentic AI,Sep 2025 Batch,Maulana Azad College,Online,Female,1st Year,3.0,3.0,3.0,4.0,4.0,3,Yes,"Average experience, some sessions were better than others.",2025-09-01
STU-00621,UI/UX Design,Sep 2025 Batch,Narasingh Choudhuri Autonomous College,Hybrid,Female,Working Professional,5.0,5.0,5.0,5.0,5.0,5,Yes,"Loved the hands-on projects, they really built my confidence.",2025-09-01
STU-01272,Cloud Computing (AWS),Nov 2025 Batch,Independent / Working Professional,Online,Male,2nd Year,4.0,5.0,4.0,4.0,4.0,4,Yes,"Great balance of theory and practicals, exceeded my expectations.",2025-11-01
STU-01758,Machine Learning,Aug 2025 Batch,Neotia University,Online,Male,Graduate,4.0,4.0,4.0,4.0,3.0,4,Yes,"Reasonably good, though I expected slightly more hands-on practice.",2025-08-01
STU-00863,Machine Learning,Nov 2025 Batch,Maulana Azad College,Online,Male,4th Year,5.0,4.0,4.0,5.0,4.0,5,Yes,The curriculum was well structured and relevant to current industry needs.,2025-11-01
STU-00639,Agentic AI,Jul 2026 Batch,Independent / Working Professional,Offline,Female,1st Year,4.0,3.0,3.0,3.0,2.0,3,Yes,"Lab access was unreliable, lost a lot of time troubleshooting.",2026-07-01
STU-01637,Cybersecurity & Ethical Hacking,Feb 2025 Batch,Maulana Azad College,Online,Male,2nd Year,5.0,5.0,5.0,5.0,4.0,5,Yes,"Very satisfied, the mentors were patient and encouraging throughout.",2025-02-01
STU-01117,Generative AI,Jun 2025 Batch,Heritage Institute of Technology,Online,Male,2nd Year,5.0,4.0,3.0,4.0,4.0,4,Yes,Struggled to keep up as new topics were introduced too quickly.,2025-06-01
STU-00736,Database Management (SQL),Sep 2025 Batch,JIS College of Engineering,Hybrid,Male,3rd Year,5.0,5.0,4.0,4.0,4.0,5,No,"Well-paced sessions and very approachable trainer, learned a lot.",2025-09-01
STU-00207,DevOps,Sep 2025 Batch,Government College of Engineering & Textile Technology,Offline,Male,Graduate,4.0,4.0,5.0,4.0,4.0,4,Yes,One of the best training experiences I have had so far.,2025-09-01
STU-01309,Python Programming,Mar 2025 Batch,Maulana Azad College,Offline,Female,Working Professional,4.0,3.0,4.0,3.0,5.0,4,Yes,Would like the syllabus to be updated more frequently.,2025-03-01
STU-01888,Web Development,Jan 2025 Batch,Government College of Engineering & Textile Technology,Online,Female,Graduate,3.0,3.0,4.0,4.0,3.0,3,No,Would appreciate a more engaging teaching style.,2025-01-01
STU-00946,Weather Forecasting ML Project,Nov 2025 Batch,Heritage Institute of Technology,Online,Female,3rd Year,5.0,5.0,5.0,5.0,5.0,5,Yes,"Clear explanations, useful resources, and prompt doubt-clearing sessions.",2025-11-01
STU-01232,Cloud Computing (AWS),Feb 2026 Batch,Government College of Engineering & Textile Technology,Hybrid,Prefer not to say,3rd Year,2.0,2.0,2.0,2.0,1.0,2,No,The online platform kept lagging during live sessions.,2026-02-01
STU-00748,Blockchain Basics,Apr 2025 Batch,Government College of Engineering & Textile Technology,Online,Male,4th Year,4.0,5.0,3.0,4.0,4.0,4,Yes,"Pace needs to slow down, especially for beginners in the batch.",2025-04-01
STU-00922,Advanced Excel & Power BI,Sep 2025 Batch,Government College of Engineering & Textile Technology,Hybrid,Female,Graduate,3.0,4.0,4.0,4.0,4.0,4,Yes,"Sessions felt monotonous, needed more interactive teaching.",2025-09-01
STU-01706,AI in Food Technology,Aug 2026 Batch,St. Xavier's College Kolkata,Hybrid,Female,1st Year,2.0,2.0,2.0,2.0,1.0,2,No,The online platform kept lagging during live sessions.,2026-08-01
STU-00147,Competitive Programming,Nov 2025 Batch,Heritage Institute of Technology,Offline,Male,3rd Year,2.0,4.0,2.0,3.0,3.0,3,Yes,"The program was decent overall, nothing major to complain about.",2025-11-01
STU-00279,Competitive Programming,Jun 2025 Batch,Government College of Engineering & Textile Technology,Offline,Female,4th Year,5.0,5.0,4.0,4.0,4.0,4,No,"Enjoyed every module, especially the live project work.",2025-06-01
STU-00431,Networking Fundamentals,Sep 2025 Batch,Independent / Working Professional,Online,Female,1st Year,4.0,4.0,3.0,4.0,4.0,4,Yes,"Average experience, some sessions were better than others.",2025-09-01
STU-00624,DevOps,Aug 2026 Batch,Techno India University,Hybrid,Male,2nd Year,4.0,4.0,4.0,4.0,4.0,4,Yes,Nothing to add.,2026-08-01
STU-00378,Java Development,Dec 2025 Batch,Government College of Engineering & Textile Technology,Online,Male,3rd Year,5.0,5.0,5.0,5.0,4.0,5,Yes,"Really enjoyed the sessions, the trainer kept things engaging.",2025-12-01
STU-01843,Cloud Computing (AWS),Feb 2025 Batch,JIS College of Engineering,Hybrid,Male,3rd Year,3.0,3.0,2.0,4.0,3.0,3,Yes,"The sessions moved too fast, hard to keep up with the pace.",2025-02-01
STU-00745,UI/UX Design,Aug 2026 Batch,Techno India University,Online,Female,3rd Year,5.0,4.0,4.0,5.0,4.0,4,Yes,The trainer explained concepts clearly and was always ready to help.,2026-08-01
STU-00375,DevOps,Jul 2026 Batch,Neotia University,Online,Female,Working Professional,4.0,3.0,3.0,4.0,3.0,3,No,"Overall okay experience, a few sessions could have been better planned.",2026-07-01
STU-00368,Python Programming,Sep 2025 Batch,JIS College of Engineering,Hybrid,Female,Graduate,4.0,3.0,3.0,4.0,5.0,3,Yes,Some topics felt outdated compared to current industry trends.,2025-09-01
STU-00817,Cloud Computing (AWS),Sep 2025 Batch,Neotia University,Online,Male,3rd Year,4.0,4.0,4.0,5.0,5.0,5,No,"Clear explanations, useful resources, and prompt doubt-clearing sessions.",2025-09-01
STU-01906,Full Stack Development,Apr 2025 Batch,Government College of Engineering & Textile Technology,Online,Female,2nd Year,2.0,2.0,2.0,2.0,3.0,2,No,Trainer seemed unprepared in a couple of sessions.,2025-04-01
STU-00260,Data Science,Feb 2025 Batch,Techno India University,Hybrid,Female,3rd Year,3.0,3.0,4.0,3.0,3.0,3,No,Session quality varied depending on the trainer.,2025-02-01
STU-01623,Agentic AI,May 2025 Batch,Maulana Azad College,Hybrid,Male,3rd Year,5.0,5.0,5.0,5.0,4.0,4,Yes,The curriculum was well structured and relevant to current industry needs.,2025-05-01
STU-01527,Competitive Programming,Aug 2026 Batch,St. Xavier's College Kolkata,Offline,Female,1st Year,5.0,5.0,3.0,4.0,3.0,4,Yes,"Overall okay experience, a few sessions could have been better planned.",2026-08-01
STU-01437,AI in Food Technology,Apr 2025 Batch,Government College of Engineering & Textile Technology,Online,Female,Working Professional,5.0,5.0,5.0,5.0,5.0,5,Yes,"Loved the hands-on projects, they really built my confidence.",2025-04-01
STU-00876,DevOps,Oct 2025 Batch,Techno India University,Offline,Male,Working Professional,4.0,4.0,4.0,5.0,3.0,4,No,The portal for assignments was confusing and slow to load.,2025-10-01
STU-01140,Java Development,Oct 2025 Batch,JIS College of Engineering,Hybrid,Male,Graduate,4.0,4.0,3.0,5.0,4.0,4,Yes,Struggled to keep up as new topics were introduced too quickly.,2025-10-01
STU-01833,Generative AI,Aug 2026 Batch,Government College of Engineering & Textile Technology,Online,Female,3rd Year,5.0,5.0,5.0,5.0,4.0,5,Yes,The curriculum was well structured and relevant to current industry needs.,2026-08-01
STU-00652,Blockchain Basics,Feb 2025 Batch,Government College of Engineering & Textile Technology,Hybrid,Male,4th Year,3.0,2.0,3.0,4.0,2.0,3,Yes,Wanted more advanced/real-world case studies in the curriculum.,2025-02-01
STU-01840,Cloud Computing (AWS),May 2025 Batch,Government College of Engineering & Textile Technology,Online,Female,3rd Year,4.0,3.0,4.0,4.0,4.0,4,Yes,Curriculum could include more project-based learning.,2025-05-01
STU-00218,Python Programming,Feb 2025 Batch,Narasingh Choudhuri Autonomous College,Offline,Male,3rd Year,5.0,4.0,4.0,5.0,3.0,5,Yes,"Reasonably good, though I expected slightly more hands-on practice.",2025-02-01
STU-01945,Advanced Excel & Power BI,Apr 2025 Batch,Techno India University,Online,Female,Working Professional,4.0,3.0,2.0,3.0,4.0,3,Yes,Struggled to keep up as new topics were introduced too quickly.,2025-04-01
STU-00142,AI in Biotechnology,Aug 2025 Batch,Government College of Engineering & Textile Technology,Offline,Male,2nd Year,3.0,3.0,2.0,3.0,3.0,3,Yes,,2025-08-01
STU-00340,Blockchain Basics,Sep 2025 Batch,JIS College of Engineering,Online,Male,Graduate,4.0,4.0,4.0,4.0,4.0,4,Yes,The program content was up to date and industry relevant.,2025-09-01
STU-01110,AI in Food Technology,Nov 2025 Batch,Techno India University,Online,Male,4th Year,3.0,4.0,3.0,3.0,3.0,3,No,"Overall okay experience, a few sessions could have been better planned.",2025-11-01
STU-01966,UI/UX Design,Jun 2026 Batch,Neotia University,Hybrid,Male,1st Year,4.0,4.0,3.0,4.0,2.0,3,Yes,Nothing to add.,2026-06-01
STU-00314,Weather Forecasting ML Project,Feb 2025 Batch,JIS College of Engineering,Online,Male,Graduate,5.0,5.0,4.0,5.0,5.0,5,Yes,"Loved the hands-on projects, they really built my confidence.",2025-02-01
STU-01119,Advanced Excel & Power BI,Apr 2026 Batch,Government College of Engineering & Textile Technology,Hybrid,Female,4th Year,3.0,3.0,2.0,3.0,2.0,3,Yes,"Decent program, could use a bit more structure in scheduling.",2026-04-01
STU-00529,Full Stack Development,Jan 2026 Batch,Heritage Institute of Technology,Online,Female,4th Year,4.0,4.0,4.0,3.0,3.0,3,No,"Reasonably good, though I expected slightly more hands-on practice.",2026-01-01
STU-00345,AI in Biotechnology,May 2026 Batch,Narasingh Choudhuri Autonomous College,Hybrid,Male,1st Year,4.0,3.0,4.0,4.0,4.0,4,Yes,Felt a few modules were not very relevant to the job market.,2026-05-01
STU-00998,Digital Marketing,Jul 2025 Batch,Techno India University,Online,Male,2nd Year,5.0,4.0,4.0,4.0,4.0,4,Yes,The curriculum was well structured and relevant to current industry needs.,2025-07-01
STU-00873,Machine Learning,Mar 2026 Batch,Government College of Engineering & Textile Technology,Online,Male,3rd Year,4.0,4.0,4.0,5.0,4.0,4,Yes,"Loved the hands-on projects, they really built my confidence.",2026-03-01
STU-01828,AI in Food Technology,Apr 2025 Batch,Government College of Engineering & Textile Technology,Online,Female,4th Year,4.0,5.0,3.0,4.0,4.0,4,No,Too much content packed into too few sessions.,2025-04-01
STU-01914,Digital Marketing,Apr 2025 Batch,JIS College of Engineering,Hybrid,Male,Working Professional,4.0,3.0,3.0,3.0,5.0,4,Yes,Some topics felt outdated compared to current industry trends.,2025-04-01
STU-01588,Cybersecurity & Ethical Hacking,Mar 2026 Batch,Government College of Engineering & Textile Technology,Online,Male,4th Year,5.0,4.0,3.0,5.0,4.0,4,No,Could use an extra week or two to cover everything properly.,2026-03-01
STU-01129,Data Science,Mar 2025 Batch,Government College of Engineering & Textile Technology,Offline,Female,4th Year,4.0,3.0,3.0,4.0,4.0,4,Yes,Wanted more advanced/real-world case studies in the curriculum.,2025-03-01
STU-00667,DevOps,Apr 2025 Batch,Narasingh Choudhuri Autonomous College,Online,Female,2nd Year,5.0,5.0,4.0,5.0,5.0,5,Yes,The support team responded quickly whenever I had doubts.,2025-04-01
STU-01277,Java Development,Oct 2025 Batch,Techno India University,Hybrid,Male,4th Year,5.0,4.0,4.0,4.0,5.0,5,Yes,The trainer's real-world examples made the sessions very useful.,2025-10-01
STU-01011,Cybersecurity & Ethical Hacking,May 2026 Batch,Neotia University,Online,Male,3rd Year,4.0,4.0,3.0,4.0,4.0,4,Yes,"Wish there was more time per topic, felt rushed throughout.",2026-05-01
STU-00451,Digital Marketing,May 2025 Batch,Maulana Azad College,Offline,Male,Graduate,5.0,4.0,3.0,4.0,4.0,4,No,"Overall okay experience, a few sessions could have been better planned.",2025-05-01
STU-00180,Machine Learning,Oct 2025 Batch,Neotia University,Online,Male,Working Professional,4.0,4.0,3.0,4.0,3.0,4,Yes,"Wish there was more time per topic, felt rushed throughout.",2025-10-01
STU-01485,App Development (Android),Sep 2025 Batch,St. Xavier's College Kolkata,Online,Female,4th Year,4.0,4.0,4.0,4.0,3.0,4,Yes,Faced frequent audio/video issues during classes.,2025-09-01
STU-00455,Cybersecurity & Ethical Hacking,Jul 2026 Batch,Neotia University,Online,Female,Graduate,4.0,4.0,3.0,4.0,4.0,4,Yes,"Overall okay experience, a few sessions could have been better planned.",2026-07-01
STU-01079,UI/UX Design,Aug 2026 Batch,Techno India University,Online,Male,3rd Year,3.0,3.0,3.0,4.0,4.0,3,Yes,"It was fine, but I expected a bit more depth in the later modules.",2026-08-01
STU-00636,Competitive Programming,Sep 2025 Batch,Narasingh Choudhuri Autonomous College,Online,Female,4th Year,4.0,4.0,3.0,4.0,4.0,4,Yes,"The sessions moved too fast, hard to keep up with the pace.",2025-09-01
STU-00329,Internet of Things (IoT),Feb 2026 Batch,St. Xavier's College Kolkata,Offline,Female,3rd Year,4.0,4.0,5.0,3.0,3.0,4,Yes,Mentors were hard to reach outside scheduled session hours.,2026-02-01
STU-00735,App Development (Android),Apr 2025 Batch,St. Xavier's College Kolkata,Online,Male,4th Year,3.0,2.0,3.0,3.0,3.0,3,Yes,"Decent program, could use a bit more structure in scheduling.",2025-04-01
STU-00579,Python Programming,Feb 2025 Batch,St. Xavier's College Kolkata,Online,Male,4th Year,3.0,3.0,2.0,3.0,3.0,3,Yes,"The sessions moved too fast, hard to keep up with the pace.",2025-02-01
STU-01123,Python Programming,Oct 2025 Batch,Techno India University,Online,Male,3rd Year,2.0,3.0,3.0,3.0,2.0,3,Yes,"Sessions felt monotonous, needed more interactive teaching.",2025-10-01
STU-01707,UI/UX Design,Jan 2026 Batch,Neotia University,Online,Male,Graduate,4.0,4.0,3.0,5.0,4.0,4,No,"The sessions moved too fast, hard to keep up with the pace.",2026-01-01
STU-01654,Java FDP (Faculty Development),Aug 2025 Batch,Government College of Engineering & Textile Technology,Online,Female,2nd Year,3.0,3.0,3.0,3.0,3.0,3,Yes,Explanations were sometimes too fast to follow properly.,2025-08-01
STU-01576,Python Programming,May 2025 Batch,St. Xavier's College Kolkata,Hybrid,Male,3rd Year,3.0,3.0,2.0,4.0,3.0,3,No,"Overall okay experience, a few sessions could have been better planned.",2025-05-01
STU-00072,App Development (Android),Apr 2026 Batch,Heritage Institute of Technology,Hybrid,Male,3rd Year,5.0,4.0,4.0,4.0,3.0,4,No,"Decent program, could use a bit more structure in scheduling.",2026-04-01
STU-00563,App Development (Android),Feb 2025 Batch,Techno India University,Offline,Female,3rd Year,3.0,4.0,3.0,3.0,3.0,3,Yes,Trainer seemed unprepared in a couple of sessions.,2025-02-01
STU-00766,DevOps,Jun 2025 Batch,JIS College of Engineering,Online,Male,3rd Year,3.0,4.0,3.0,3.0,4.0,3,No,Trainer seemed unprepared in a couple of sessions.,2025-06-01
STU-00393,Networking Fundamentals,Sep 2025 Batch,Maulana Azad College,Offline,Male,4th Year,3.0,3.0,2.0,3.0,2.0,3,Yes,"The sessions moved too fast, hard to keep up with the pace.",2025-09-01
STU-00475,Internet of Things (IoT),Nov 2025 Batch,Government College of Engineering & Textile Technology,Online,Female,4th Year,4.0,4.0,4.0,5.0,3.0,4,Yes,"Overall okay experience, a few sessions could have been better planned.",2025-11-01
STU-00427,Machine Learning,Dec 2025 Batch,Government College of Engineering & Textile Technology,Online,Male,Graduate,2.0,2.0,2.0,3.0,2.0,2,No,Nothing to add.,2025-12-01
STU-01875,Machine Learning,Feb 2026 Batch,Techno India University,Offline,Male,4th Year,5.0,5.0,5.0,5.0,5.0,5,Yes,Practical assignments made the concepts much easier to understand.,2026-02-01
STU-01462,AI in Food Technology,Aug 2026 Batch,Techno India University,Online,Female,3rd Year,5.0,4.0,4.0,5.0,4.0,4,Yes,"Great mentorship throughout the program, felt supported at every step.",2026-08-01
STU-00201,Cybersecurity & Ethical Hacking,Jul 2026 Batch,JIS College of Engineering,Online,Male,4th Year,4.0,3.0,4.0,3.0,4.0,4,No,Felt a few modules were not very relevant to the job market.,2026-07-01
STU-00566,App Development (Android),Feb 2026 Batch,Neotia University,Online,Female,4th Year,2.0,3.0,3.0,4.0,3.0,3,No,"Overall okay experience, a few sessions could have been better planned.",2026-02-01
STU-01105,Digital Marketing,Feb 2025 Batch,JIS College of Engineering,Hybrid,Female,2nd Year,4.0,3.0,3.0,4.0,4.0,3,Yes,"Decent program, could use a bit more structure in scheduling.",2025-02-01
STU-01114,Internet of Things (IoT),May 2025 Batch,JIS College of Engineering,Online,Male,Graduate,3.0,4.0,3.0,4.0,3.0,3,Yes,Nothing to add.,2025-05-01
STU-00309,Machine Learning,Aug 2026 Batch,Government College of Engineering & Textile Technology,Online,Prefer not to say,3rd Year,2.0,2.0,3.0,2.0,3.0,2,No,Trainer seemed unprepared in a couple of sessions.,2026-08-01
STU-01262,App Development (Android),Mar 2026 Batch,Narasingh Choudhuri Autonomous College,Offline,Female,4th Year,4.0,4.0,4.0,5.0,4.0,4,Yes,Practical assignments made the concepts much easier to understand.,2026-03-01
STU-01381,Blockchain Basics,Jan 2026 Batch,Government College of Engineering & Textile Technology,Online,Female,Graduate,4.0,3.0,3.0,5.0,3.0,4,Yes,"The program was decent overall, nothing major to complain about.",2026-01-01
STU-01691,Advanced Excel & Power BI,Jun 2025 Batch,Government College of Engineering & Textile Technology,Online,Female,2nd Year,4.0,4.0,4.0,4.0,5.0,4,No,"Excellent program overall, would definitely recommend to my juniors.",2025-06-01
STU-00801,Cybersecurity & Ethical Hacking,Sep 2025 Batch,Narasingh Choudhuri Autonomous College,Online,Male,Graduate,4.0,3.0,3.0,4.0,4.0,4,Yes,Curriculum could include more project-based learning.,2025-09-01
STU-00604,AI in Food Technology,Sep 2025 Batch,Heritage Institute of Technology,Online,Male,4th Year,5.0,5.0,4.0,5.0,5.0,5,Yes,The program content was up to date and industry relevant.,2025-09-01
STU-00770,Web Development,Feb 2026 Batch,Maulana Azad College,Online,Female,Graduate,5.0,5.0,3.0,5.0,4.0,5,Yes,"Decent program, could use a bit more structure in scheduling.",2026-02-01
STU-01629,Cloud Computing (AWS),Oct 2025 Batch,Techno India University,Hybrid,Male,3rd Year,4.0,5.0,3.0,4.0,4.0,4,No,Too much content packed into too few sessions.,2025-10-01
STU-00117,Cybersecurity & Ethical Hacking,Sep 2025 Batch,Government College of Engineering & Textile Technology,Online,Male,3rd Year,4.0,3.0,4.0,4.0,3.0,4,Yes,Session quality varied depending on the trainer.,2025-09-01
STU-01227,Generative AI,Jul 2025 Batch,Direct / Online (ASD),Online,Male,Working Professional,5.0,3.0,5.0,3.0,4.0,4,Yes,Session quality varied depending on the trainer.,2025-07-01
STU-00299,Advanced Excel & Power BI,Feb 2025 Batch,Government College of Engineering & Textile Technology,Online,Male,3rd Year,4.0,3.0,3.0,3.0,4.0,4,No,"The program was decent overall, nothing major to complain about.",2025-02-01
STU-01661,UI/UX Design,May 2025 Batch,Techno India University,Online,Female,Graduate,5.0,4.0,4.0,5.0,5.0,5,Yes,"Very satisfied, the mentors were patient and encouraging throughout.",2025-05-01
STU-00502,Blockchain Basics,Jun 2025 Batch,Government College of Engineering & Textile Technology,Online,Male,Working Professional,4.0,4.0,4.0,4.0,3.0,3,Yes,The portal for assignments was confusing and slow to load.,2025-06-01
STU-01991,Java Development,Nov 2025 Batch,Techno India University,Online,Male,4th Year,3.0,3.0,3.0,4.0,3.0,4,No,,2025-11-01
STU-01160,Python Programming,May 2025 Batch,Government College of Engineering & Textile Technology,Hybrid,Male,1st Year,4.0,5.0,5.0,5.0,3.0,4,Yes,"Reasonably good, though I expected slightly more hands-on practice.",2025-05-01
STU-00005,AI in Biotechnology,Feb 2026 Batch,Government College of Engineering & Textile Technology,Online,Female,4th Year,5.0,5.0,3.0,4.0,3.0,4,Yes,"The sessions moved too fast, hard to keep up with the pace.",2026-02-01
STU-01187,Python Programming,Feb 2026 Batch,JIS College of Engineering,Online,Female,Working Professional,2.0,2.0,3.0,3.0,2.0,2,Yes,The trainer could explain concepts more clearly. Would like the syllabus to be updated more frequently.,2026-02-01
STU-00508,Machine Learning,Mar 2026 Batch,Neotia University,Offline,Female,2nd Year,4.0,4.0,4.0,4.0,4.0,4,Yes,"Great balance of theory and practicals, exceeded my expectations.",2026-03-01
STU-00047,DevOps,May 2025 Batch,Government College of Engineering & Textile Technology,Online,Female,3rd Year,3.0,4.0,3.0,4.0,3.0,3,Yes,"Content was okay, though a few topics felt rushed.",2025-05-01
STU-01998,Digital Marketing,Oct 2025 Batch,Narasingh Choudhuri Autonomous College,Offline,Male,3rd Year,4.0,4.0,3.0,4.0,3.0,4,Yes,"Content was okay, though a few topics felt rushed.",2025-10-01
STU-01270,Networking Fundamentals,Oct 2025 Batch,Techno India University,Hybrid,Female,Graduate,5.0,4.0,4.0,5.0,5.0,5,Yes,"Excellent program overall, would definitely recommend to my juniors.",2025-10-01
STU-01826,App Development (Android),Sep 2025 Batch,St. Xavier's College Kolkata,Online,Female,1st Year,4.0,4.0,4.0,4.0,3.0,4,No,Recorded session links took too long to be uploaded.,2025-09-01
STU-00432,AI in Food Technology,Sep 2025 Batch,JIS College of Engineering,Hybrid,Male,3rd Year,4.0,4.0,4.0,4.0,3.0,4,Yes,Session quality varied depending on the trainer.,2025-09-01
STU-01023,Networking Fundamentals,Jul 2026 Batch,Maulana Azad College,Offline,Male,Graduate,5.0,3.0,4.0,5.0,3.0,5,Yes,"Content was okay, though a few topics felt rushed.",2026-07-01
STU-00331,Agentic AI,Feb 2025 Batch,Techno India University,Online,Female,Graduate,5.0,5.0,5.0,5.0,4.0,5,Yes,The support team responded quickly whenever I had doubts.,2025-02-01
STU-01600,Java FDP (Faculty Development),Sep 2025 Batch,Government College of Engineering & Textile Technology,Online,Female,Working Professional,3.0,4.0,4.0,3.0,3.0,3,Yes,"Average experience, some sessions were better than others.",2025-09-01
STU-01402,Cybersecurity & Ethical Hacking,Jul 2026 Batch,Government College of Engineering & Textile Technology,Offline,Female,1st Year,4.0,4.0,3.0,3.0,5.0,4,Yes,Struggled to keep up as new topics were introduced too quickly.,2026-07-01
STU-00594,Full Stack Development,Oct 2025 Batch,St. Xavier's College Kolkata,Offline,Female,Working Professional,4.0,4.0,4.0,4.0,3.0,4,Yes,"Lab access was unreliable, lost a lot of time troubleshooting.",2025-10-01
STU-00562,Python Programming,Sep 2025 Batch,Techno India University,Online,Male,2nd Year,5.0,4.0,4.0,4.0,4.0,4,Yes,The program content was up to date and industry relevant.,2025-09-01
STU-01589,Cloud Computing (AWS),Jun 2025 Batch,Direct / Online (ASD),Offline,Female,3rd Year,3.0,3.0,3.0,3.0,4.0,3,No,"Reasonably good, though I expected slightly more hands-on practice.",2025-06-01
STU-00195,Blockchain Basics,Aug 2026 Batch,Techno India University,Online,Male,Working Professional,4.0,4.0,4.0,5.0,3.0,4,Yes,Nothing to add.,2026-08-01
STU-01958,Blockchain Basics,Sep 2025 Batch,Direct / Online (ASD),Online,Male,4th Year,5.0,5.0,4.0,5.0,4.0,5,Yes,"Well-paced sessions and very approachable trainer, learned a lot.",2025-09-01
STU-01216,Advanced Excel & Power BI,Jun 2025 Batch,Maulana Azad College,Hybrid,Male,Graduate,4.0,4.0,4.0,4.0,3.0,4,Yes,Recorded session links took too long to be uploaded.,2025-06-01
STU-01492,Weather Forecasting ML Project,May 2025 Batch,Government College of Engineering & Textile Technology,Online,Male,1st Year,4.0,5.0,4.0,5.0,5.0,5,Yes,"Really enjoyed the sessions, the trainer kept things engaging.",2025-05-01
STU-00352,Networking Fundamentals,Sep 2025 Batch,Government College of Engineering & Textile Technology,Online,Male,2nd Year,4.0,4.0,2.0,5.0,3.0,4,Yes,Could use an extra week or two to cover everything properly.,2025-09-01
STU-01012,UI/UX Design,Feb 2025 Batch,Maulana Azad College,Offline,Female,1st Year,5.0,4.0,4.0,4.0,5.0,4,No,"Great mentorship throughout the program, felt supported at every step.",2025-02-01
STU-00464,Cybersecurity & Ethical Hacking,Apr 2025 Batch,Heritage Institute of Technology,Online,Male,1st Year,4.0,4.0,4.0,5.0,3.0,4,No,,2025-04-01
STU-01782,DevOps,Jun 2025 Batch,St. Xavier's College Kolkata,Online,Male,4th Year,4.0,3.0,4.0,5.0,3.0,4,No,"Average experience, some sessions were better than others.",2025-06-01
STU-00466,AI in Biotechnology,Feb 2026 Batch,St. Xavier's College Kolkata,Hybrid,Male,Working Professional,3.0,2.0,3.0,3.0,3.0,3,No,Some topics felt outdated compared to current industry trends.,2026-02-01
STU-01043,Machine Learning,Apr 2026 Batch,Techno India University,Hybrid,Female,3rd Year,4.0,3.0,3.0,4.0,2.0,4,Yes,Recorded session links took too long to be uploaded.,2026-04-01
STU-00342,Database Management (SQL),Jun 2025 Batch,JIS College of Engineering,Online,Male,3rd Year,4.0,4.0,2.0,4.0,3.0,3,Yes,"The sessions moved too fast, hard to keep up with the pace.",2025-06-01
STU-01797,Cybersecurity & Ethical Hacking,Jul 2026 Batch,Government College of Engineering & Textile Technology,Hybrid,Male,4th Year,4.0,5.0,4.0,4.0,3.0,4,Yes,Recorded session links took too long to be uploaded.,2026-07-01
STU-00397,Python Programming,Jan 2026 Batch,Maulana Azad College,Online,Female,4th Year,4.0,4.0,4.0,4.0,4.0,4,No,"Excellent program overall, would definitely recommend to my juniors.",2026-01-01
STU-00110,Competitive Programming,Aug 2026 Batch,Government College of Engineering & Textile Technology,Online,Female,Graduate,5.0,5.0,3.0,4.0,4.0,4,Yes,Struggled to keep up as new topics were introduced too quickly.,2026-08-01
STU-01341,Competitive Programming,Apr 2025 Batch,JIS College of Engineering,Offline,Male,4th Year,3.0,3.0,3.0,3.0,3.0,3,Yes,The trainer could explain concepts more clearly.,2025-04-01
STU-01578,Blockchain Basics,Oct 2025 Batch,Techno India University,Hybrid,Female,2nd Year,4.0,4.0,5.0,3.0,4.0,4,No,Support response on the query group was slow at times.,2025-10-01
STU-01730,Full Stack Development,Feb 2026 Batch,Government College of Engineering & Textile Technology,Online,Female,3rd Year,5.0,5.0,3.0,4.0,4.0,4,Yes,"The sessions moved too fast, hard to keep up with the pace.",2026-02-01
STU-01337,Networking Fundamentals,May 2025 Batch,Maulana Azad College,Online,Prefer not to say,4th Year,4.0,4.0,4.0,5.0,5.0,4,Yes,"Excellent program overall, would definitely recommend to my juniors.",2025-05-01
STU-00541,Java Development,Sep 2025 Batch,Narasingh Choudhuri Autonomous College,Online,Male,4th Year,2.0,2.0,3.0,4.0,3.0,3,No,"Average experience, some sessions were better than others.",2025-09-01
STU-00472,Web Development,Mar 2026 Batch,Government College of Engineering & Textile Technology,Online,Male,Graduate,2.0,3.0,2.0,2.0,1.0,2,No,Had connectivity issues on the platform almost every week.,2026-03-01
STU-01242,Web Development,Aug 2026 Batch,Direct / Online (ASD),Online,Female,3rd Year,5.0,5.0,4.0,5.0,5.0,5,Yes,"Great balance of theory and practicals, exceeded my expectations.",2026-08-01
STU-00096,Advanced Excel & Power BI,Jul 2026 Batch,JIS College of Engineering,Online,Female,4th Year,4.0,3.0,4.0,4.0,3.0,4,No,"Average experience, some sessions were better than others.",2026-07-01
STU-01639,Machine Learning,Feb 2026 Batch,JIS College of Engineering,Online,Male,1st Year,5.0,5.0,5.0,5.0,5.0,5,Yes,"Well-paced sessions and very approachable trainer, learned a lot.",2026-02-01
STU-01510,Internet of Things (IoT),Oct 2025 Batch,Government College of Engineering & Textile Technology,Hybrid,Female,Graduate,5.0,4.0,4.0,3.0,4.0,4,Yes,"Decent program, could use a bit more structure in scheduling.",2025-10-01
STU-00020,Machine Learning,Oct 2025 Batch,Neotia University,Offline,Male,Graduate,4.0,4.0,2.0,3.0,2.0,3,No,"Decent program, could use a bit more structure in scheduling.",2025-10-01
STU-00664,DevOps,Feb 2026 Batch,Neotia University,Online,Female,2nd Year,4.0,4.0,4.0,4.0,3.0,4,Yes,"Content was okay, though a few topics felt rushed.",2026-02-01
STU-01831,Cybersecurity & Ethical Hacking,Feb 2025 Batch,Maulana Azad College,Offline,Male,2nd Year,3.0,4.0,4.0,5.0,4.0,4,Yes,"Average experience, some sessions were better than others.",2025-02-01
STU-01929,AI in Food Technology,Sep 2025 Batch,Government College of Engineering & Textile Technology,Hybrid,Male,2nd Year,4.0,3.0,4.0,4.0,3.0,4,No,"The program was decent overall, nothing major to complain about.",2025-09-01
STU-01125,AI in Food Technology,May 2026 Batch,Independent / Working Professional,Offline,Female,3rd Year,4.0,5.0,4.0,5.0,5.0,5,Yes,"Great balance of theory and practicals, exceeded my expectations.",2026-05-01
STU-01258,Competitive Programming,Aug 2026 Batch,Techno India University,Hybrid,Female,Graduate,4.0,4.0,2.0,4.0,5.0,4,Yes,Too much content packed into too few sessions.,2026-08-01
STU-00341,Internet of Things (IoT),May 2026 Batch,Techno India University,Online,Female,3rd Year,3.0,4.0,3.0,4.0,3.0,4,Yes,"The program was decent overall, nothing major to complain about.",2026-05-01
STU-01602,DevOps,Aug 2025 Batch,St. Xavier's College Kolkata,Online,Female,3rd Year,4.0,4.0,4.0,5.0,4.0,4,Yes,The trainer's real-world examples made the sessions very useful.,2025-08-01
STU-00948,Networking Fundamentals,Mar 2026 Batch,Techno India University,Online,Female,4th Year,3.0,4.0,3.0,4.0,3.0,3,No,The trainer could explain concepts more clearly.,2026-03-01
STU-01590,DevOps,Jul 2026 Batch,Neotia University,Hybrid,Female,Graduate,3.0,4.0,4.0,4.0,3.0,4,Yes,The trainer could explain concepts more clearly.,2026-07-01
STU-00223,Blockchain Basics,Mar 2026 Batch,Techno India University,Offline,Female,3rd Year,5.0,5.0,4.0,5.0,4.0,5,Yes,Practical assignments made the concepts much easier to understand.,2026-03-01
STU-01078,Machine Learning,Oct 2025 Batch,Techno India University,Online,Female,Working Professional,5.0,5.0,3.0,5.0,4.0,5,Yes,Too much content packed into too few sessions.,2025-10-01
STU-00670,Cybersecurity & Ethical Hacking,Aug 2026 Batch,Independent / Working Professional,Hybrid,Male,4th Year,4.0,3.0,3.0,4.0,4.0,4,Yes,"Decent program, could use a bit more structure in scheduling.",2026-08-01
STU-01039,Machine Learning,Jun 2025 Batch,Government College of Engineering & Textile Technology,Offline,Male,3rd Year,5.0,5.0,3.0,5.0,2.0,4,Yes,Nothing to add.,2025-06-01
STU-00685,Full Stack Development,Jul 2026 Batch,Neotia University,Online,Female,4th Year,5.0,4.0,5.0,4.0,3.0,4,Yes,"Average experience, some sessions were better than others.",2026-07-01
STU-00112,Internet of Things (IoT),Apr 2025 Batch,Independent / Working Professional,Online,Male,3rd Year,3.0,2.0,4.0,3.0,3.0,3,No,Session quality varied depending on the trainer.,2025-04-01
STU-01530,Internet of Things (IoT),Jul 2026 Batch,JIS College of Engineering,Online,Female,Working Professional,2.0,3.0,3.0,3.0,3.0,3,Yes,"Average experience, some sessions were better than others.",2026-07-01
STU-00413,Web Development,May 2025 Batch,JIS College of Engineering,Hybrid,Female,1st Year,5.0,5.0,4.0,5.0,1.0,4,Yes,Nothing to add.,2025-05-01
STU-00359,Python Programming,May 2025 Batch,St. Xavier's College Kolkata,Hybrid,Female,Graduate,4.0,4.0,3.0,4.0,4.0,3,Yes,"Average experience, some sessions were better than others.",2025-05-01
STU-00288,Agentic AI,Apr 2025 Batch,Techno India University,Online,Male,4th Year,4.0,5.0,3.0,4.0,4.0,4,Yes,Struggled to keep up as new topics were introduced too quickly.,2025-04-01
STU-01305,Web Development,May 2025 Batch,St. Xavier's College Kolkata,Online,Male,3rd Year,4.0,4.0,4.0,4.0,4.0,4,Yes,"Well-paced sessions and very approachable trainer, learned a lot.",2025-05-01
STU-00888,Python Programming,Apr 2025 Batch,Government College of Engineering & Textile Technology,Online,Male,4th Year,3.0,4.0,3.0,4.0,3.0,4,No,Trainer seemed unprepared in a couple of sessions.,2025-04-01
STU-00489,AI in Food Technology,Jul 2025 Batch,Government College of Engineering & Textile Technology,Online,Male,Working Professional,4.0,4.0,4.0,4.0,3.0,4,Yes,The online platform kept lagging during live sessions.,2025-07-01
STU-00420,Cloud Computing (AWS),Feb 2026 Batch,St. Xavier's College Kolkata,Online,Female,4th Year,4.0,5.0,4.0,3.0,4.0,5,Yes,Mentors were hard to reach outside scheduled session hours.,2026-02-01
STU-00416,AI in Food Technology,Mar 2026 Batch,Government College of Engineering & Textile Technology,Hybrid,Female,4th Year,3.0,3.0,3.0,3.0,3.0,3,No,"Sessions felt monotonous, needed more interactive teaching.",2026-03-01
STU-01383,AI in Biotechnology,Jul 2026 Batch,Techno India University,Online,Male,Working Professional,4.0,4.0,2.0,4.0,4.0,3,Yes,Session quality varied depending on the trainer.,2026-07-01
STU-01846,Internet of Things (IoT),Feb 2025 Batch,Neotia University,Online,Female,Graduate,4.0,4.0,4.0,5.0,3.0,4,Yes,"Reasonably good, though I expected slightly more hands-on practice.",2025-02-01
STU-00747,AI in Biotechnology,Oct 2025 Batch,Maulana Azad College,Online,Male,4th Year,5.0,5.0,5.0,5.0,5.0,5,Yes,"Clear explanations, useful resources, and prompt doubt-clearing sessions.",2025-10-01
STU-01821,UI/UX Design,Feb 2026 Batch,Techno India University,Offline,Male,3rd Year,5.0,4.0,4.0,5.0,3.0,5,Yes,Session quality varied depending on the trainer.,2026-02-01
STU-00018,AI in Biotechnology,May 2026 Batch,Government College of Engineering & Textile Technology,Online,Prefer not to say,Graduate,4.0,4.0,3.0,4.0,4.0,4,Yes,"It was fine, but I expected a bit more depth in the later modules.",2026-05-01
STU-01500,Networking Fundamentals,Jul 2026 Batch,Government College of Engineering & Textile Technology,Online,Male,3rd Year,4.0,3.0,5.0,4.0,3.0,4,No,"The program was decent overall, nothing major to complain about.",2026-07-01
STU-01931,Cybersecurity & Ethical Hacking,Aug 2026 Batch,Maulana Azad College,Online,Female,4th Year,4.0,3.0,4.0,1.0,3.0,3,Yes,Needed quicker follow-up on queries raised after class.,2026-08-01
STU-01895,Web Development,Oct 2025 Batch,Techno India University,Online,Male,2nd Year,4.0,5.0,4.0,5.0,3.0,5,Yes,"It was fine, but I expected a bit more depth in the later modules.",2025-10-01
STU-00899,Blockchain Basics,Sep 2025 Batch,Techno India University,Online,Male,2nd Year,5.0,5.0,4.0,4.0,4.0,5,Yes,The trainer's real-world examples made the sessions very useful.,2025-09-01
STU-00515,Blockchain Basics,Aug 2025 Batch,Independent / Working Professional,Online,Female,2nd Year,4.0,4.0,3.0,4.0,5.0,4,No,No comments.,2025-08-01
STU-00526,Cybersecurity & Ethical Hacking,Aug 2025 Batch,Narasingh Choudhuri Autonomous College,Online,Male,3rd Year,3.0,3.0,3.0,3.0,4.0,3,No,"It was fine, but I expected a bit more depth in the later modules.",2025-08-01
STU-01610,DevOps,Mar 2025 Batch,Techno India University,Online,Male,4th Year,4.0,3.0,2.0,4.0,3.0,3,No,"Pace needs to slow down, especially for beginners in the batch.",2025-03-01
STU-00055,Robotics & Embedded Systems,Jul 2026 Batch,Techno India University,Online,Male,3rd Year,4.0,4.0,4.0,4.0,3.0,4,Yes,"It was fine, but I expected a bit more depth in the later modules.",2026-07-01
STU-00264,DevOps,Mar 2026 Batch,Techno India University,Offline,Female,3rd Year,4.0,3.0,3.0,4.0,3.0,4,Yes,,2026-03-01
STU-00102,Advanced Excel & Power BI,Oct 2025 Batch,Government College of Engineering & Textile Technology,Online,Male,4th Year,4.0,5.0,4.0,5.0,3.0,5,Yes,"It was fine, but I expected a bit more depth in the later modules.",2025-10-01
STU-00276,Agentic AI,Apr 2026 Batch,Government College of Engineering & Textile Technology,Offline,Female,2nd Year,4.0,4.0,4.0,4.0,5.0,4,Yes,Practical assignments made the concepts much easier to understand.,2026-04-01
STU-00859,DevOps,Apr 2025 Batch,JIS College of Engineering,Online,Female,Working Professional,5.0,4.0,4.0,4.0,4.0,4,No,The projects assigned really helped me apply what was taught.,2025-04-01
STU-00952,App Development (Android),Aug 2025 Batch,JIS College of Engineering,Online,Male,2nd Year,5.0,5.0,4.0,5.0,4.0,4,No,"Excellent program overall, would definitely recommend to my juniors.",2025-08-01
STU-00250,AI in Food Technology,Nov 2025 Batch,Techno India University,Online,Male,3rd Year,4.0,4.0,5.0,5.0,5.0,5,Yes,"Well-paced sessions and very approachable trainer, learned a lot.",2025-11-01
STU-00968,Python Programming,Jun 2026 Batch,Independent / Working Professional,Online,Male,4th Year,3.0,3.0,2.0,3.0,3.0,3,No,"Reasonably good, though I expected slightly more hands-on practice.",2026-06-01
STU-01418,Web Development,Oct 2025 Batch,Techno India University,Online,Female,Graduate,4.0,4.0,4.0,4.0,3.0,4,Yes,"The program was decent overall, nothing major to complain about.",2025-10-01
STU-00387,Advanced Excel & Power BI,Apr 2025 Batch,Government College of Engineering & Textile Technology,Online,Female,1st Year,4.0,5.0,3.0,5.0,4.0,4,No,"Reasonably good, though I expected slightly more hands-on practice.",2025-04-01
STU-00557,Data Science,Feb 2026 Batch,Techno India University,Hybrid,Male,2nd Year,3.0,3.0,3.0,3.0,2.0,3,No,The portal for assignments was confusing and slow to load.,2026-02-01
STU-01396,Java Development,Feb 2025 Batch,Government College of Engineering & Textile Technology,Hybrid,Male,4th Year,4.0,4.0,3.0,4.0,3.0,3,Yes,"It was fine, but I expected a bit more depth in the later modules.",2025-02-01
STU-01050,AI in Food Technology,Feb 2025 Batch,Direct / Online (ASD),Online,Female,2nd Year,4.0,3.0,1.0,3.0,3.0,3,No,"It was fine, but I expected a bit more depth in the later modules.",2025-02-01
STU-01753,Weather Forecasting ML Project,Sep 2025 Batch,Techno India University,Offline,Female,Graduate,4.0,4.0,3.0,3.0,3.0,3,Yes,"Reasonably good, though I expected slightly more hands-on practice.",2025-09-01
STU-01344,Data Science,May 2026 Batch,St. Xavier's College Kolkata,Offline,Female,Graduate,4.0,5.0,3.0,4.0,3.0,4,No,"Pace needs to slow down, especially for beginners in the batch.",2026-05-01
STU-00061,Python Programming,Aug 2026 Batch,JIS College of Engineering,Online,Male,3rd Year,5.0,4.0,4.0,4.0,3.0,4,Yes,Had connectivity issues on the platform almost every week.,2026-08-01
STU-00364,Python Programming,May 2026 Batch,St. Xavier's College Kolkata,Online,Female,Working Professional,3.0,4.0,4.0,4.0,3.0,4,No,"It was fine, but I expected a bit more depth in the later modules.",2026-05-01
STU-01184,Weather Forecasting ML Project,Oct 2025 Batch,JIS College of Engineering,Online,Female,3rd Year,4.0,3.0,3.0,5.0,3.0,4,No,"Content was okay, though a few topics felt rushed.",2025-10-01
STU-01660,Competitive Programming,Aug 2026 Batch,St. Xavier's College Kolkata,Offline,Male,Working Professional,5.0,5.0,5.0,5.0,4.0,5,Yes,Practical assignments made the concepts much easier to understand.,2026-08-01
STU-00211,AI in Food Technology,May 2025 Batch,St. Xavier's College Kolkata,Hybrid,Female,2nd Year,5.0,4.0,4.0,4.0,5.0,4,No,One of the best training experiences I have had so far.,2025-05-01
STU-00282,AI in Biotechnology,Feb 2025 Batch,Government College of Engineering & Textile Technology,Online,Female,2nd Year,4.0,4.0,3.0,3.0,4.0,4,Yes,"Decent program, could use a bit more structure in scheduling.",2025-02-01
STU-01415,Machine Learning,Sep 2025 Batch,Government College of Engineering & Textile Technology,Offline,Male,3rd Year,4.0,4.0,3.0,4.0,3.0,4,No,"Decent program, could use a bit more structure in scheduling.",2025-09-01
STU-00638,Agentic AI,May 2026 Batch,Techno India University,Offline,Female,3rd Year,4.0,4.0,4.0,5.0,3.0,4,Yes,The portal for assignments was confusing and slow to load.,2026-05-01
STU-00518,Machine Learning,May 2026 Batch,Techno India University,Hybrid,Female,4th Year,5.0,3.0,3.0,5.0,4.0,4,No,Felt a few modules were not very relevant to the job market.,2026-05-01
STU-01294,Python Programming,Sep 2025 Batch,Government College of Engineering & Textile Technology,Offline,Female,Graduate,3.0,3.0,2.0,2.0,3.0,2,No,"The sessions moved too fast, hard to keep up with the pace. The portal for assignments was confusing and slow to load.",2025-09-01
STU-01228,DevOps,Jul 2025 Batch,Government College of Engineering & Textile Technology,Online,Female,Working Professional,4.0,3.0,3.0,3.0,3.0,3,No,Would like the syllabus to be updated more frequently.,2025-07-01
STU-01009,Web Development,Apr 2026 Batch,Techno India University,Hybrid,Male,1st Year,5.0,5.0,5.0,5.0,5.0,5,Yes,The support team responded quickly whenever I had doubts.,2026-04-01
STU-01325,Java FDP (Faculty Development),Jul 2026 Batch,JIS College of Engineering,Offline,Female,1st Year,5.0,5.0,5.0,5.0,4.0,5,Yes,"Very satisfied, the mentors were patient and encouraging throughout.",2026-07-01
STU-01670,Data Science,Mar 2026 Batch,Techno India University,Online,Male,Graduate,4.0,4.0,4.0,5.0,4.0,4,Yes,"Great balance of theory and practicals, exceeded my expectations.",2026-03-01
STU-00325,Competitive Programming,Feb 2026 Batch,Techno India University,Online,Female,1st Year,5.0,5.0,4.0,4.0,4.0,4,Yes,The trainer's real-world examples made the sessions very useful.,2026-02-01
STU-00505,Networking Fundamentals,May 2025 Batch,St. Xavier's College Kolkata,Hybrid,Female,3rd Year,3.0,3.0,3.0,3.0,3.0,3,Yes,Would appreciate a more engaging teaching style.,2025-05-01
STU-01688,Weather Forecasting ML Project,Mar 2026 Batch,St. Xavier's College Kolkata,Online,Male,Working Professional,4.0,4.0,4.0,5.0,4.0,4,Yes,The program content was up to date and industry relevant.,2026-03-01
STU-00029,Blockchain Basics,Jun 2025 Batch,Techno India University,Online,Female,3rd Year,4.0,4.0,4.0,3.0,2.0,3,No,The portal for assignments was confusing and slow to load.,2025-06-01
STU-01624,Full Stack Development,Sep 2025 Batch,Narasingh Choudhuri Autonomous College,Online,Male,3rd Year,3.0,3.0,3.0,4.0,4.0,3,No,Would appreciate a more engaging teaching style.,2025-09-01
STU-00588,AI in Biotechnology,Jun 2026 Batch,Maulana Azad College,Online,Male,3rd Year,3.0,4.0,4.0,4.0,3.0,3,Yes,"The program was decent overall, nothing major to complain about.",2026-06-01
STU-00331,Agentic AI,Feb 2025 Batch,Techno India University,Online,Female,Graduate,5.0,5.0,5.0,5.0,4.0,5,Yes,The support team responded quickly whenever I had doubts.,2025-02-01
STU-00729,Blockchain Basics,Feb 2026 Batch,Direct / Online (ASD),Online,Male,Graduate,3.0,4.0,2.0,3.0,4.0,3,No,Could use an extra week or two to cover everything properly.,2026-02-01
STU-01778,AI in Biotechnology,Mar 2026 Batch,Government College of Engineering & Textile Technology,Offline,Female,Working Professional,3.0,3.0,2.0,3.0,4.0,3,Yes,Struggled to keep up as new topics were introduced too quickly.,2026-03-01
STU-00225,Web Development,Mar 2026 Batch,St. Xavier's College Kolkata,Hybrid,Male,3rd Year,4.0,4.0,3.0,4.0,3.0,4,Yes,Could use an extra week or two to cover everything properly.,2026-03-01
STU-01855,Digital Marketing,Oct 2025 Batch,Maulana Azad College,Online,Female,Working Professional,3.0,4.0,4.0,5.0,4.0,4,Yes,"Reasonably good, though I expected slightly more hands-on practice.",2025-10-01
STU-01174,Advanced Excel & Power BI,Jun 2025 Batch,Narasingh Choudhuri Autonomous College,Hybrid,Male,4th Year,4.0,4.0,3.0,5.0,4.0,4,Yes,"Pace needs to slow down, especially for beginners in the batch.",2025-06-01
STU-00821,AI in Biotechnology,Mar 2025 Batch,Government College of Engineering & Textile Technology,Offline,Female,4th Year,4.0,3.0,4.0,5.0,4.0,4,No,"Reasonably good, though I expected slightly more hands-on practice.",2025-03-01
STU-00857,Full Stack Development,Jul 2026 Batch,Government College of Engineering & Textile Technology,Online,Male,2nd Year,4.0,5.0,5.0,5.0,5.0,5,Yes,Practical assignments made the concepts much easier to understand.,2026-07-01
STU-01733,Weather Forecasting ML Project,Feb 2025 Batch,Government College of Engineering & Textile Technology,Hybrid,Male,1st Year,4.0,4.0,3.0,4.0,4.0,4,No,"Wish there was more time per topic, felt rushed throughout.",2025-02-01
STU-01472,Data Science,Aug 2026 Batch,Independent / Working Professional,Online,Male,3rd Year,5.0,5.0,4.0,5.0,5.0,5,Yes,"Really enjoyed the sessions, the trainer kept things engaging.",2026-08-01
STU-01748,Machine Learning,Aug 2026 Batch,Narasingh Choudhuri Autonomous College,Online,Male,Graduate,3.0,3.0,3.0,3.0,4.0,3,No,"Overall okay experience, a few sessions could have been better planned.",2026-08-01
STU-01842,Machine Learning,May 2025 Batch,Narasingh Choudhuri Autonomous College,Hybrid,Female,3rd Year,5.0,5.0,5.0,5.0,4.0,5,Yes,The trainer explained concepts clearly and was always ready to help.,2025-05-01
STU-01800,Machine Learning,Mar 2026 Batch,Government College of Engineering & Textile Technology,Offline,Female,2nd Year,5.0,4.0,4.0,5.0,3.0,4,Yes,Had connectivity issues on the platform almost every week.,2026-03-01
STU-01994,Generative AI,Aug 2026 Batch,Techno India University,Online,Male,Working Professional,4.0,4.0,4.0,4.0,4.0,4,Yes,"Enjoyed every module, especially the live project work.",2026-08-01
STU-00861,Agentic AI,Jul 2026 Batch,Techno India University,Online,Male,3rd Year,4.0,4.0,4.0,4.0,3.0,4,No,The portal for assignments was confusing and slow to load.,2026-07-01
STU-00152,Cybersecurity & Ethical Hacking,Sep 2025 Batch,Government College of Engineering & Textile Technology,Online,Female,2nd Year,5.0,5.0,5.0,5.0,5.0,5,Yes,"Very satisfied, the mentors were patient and encouraging throughout.",2025-09-01
STU-00216,Internet of Things (IoT),Aug 2026 Batch,Government College of Engineering & Textile Technology,Hybrid,Male,4th Year,4.0,4.0,4.0,4.0,4.0,4,No,Trainer was knowledgeable and made even tough topics easy to grasp.,2026-08-01
STU-00099,Python Programming,Jun 2026 Batch,Neotia University,Online,Male,4th Year,3.0,4.0,3.0,4.0,3.0,3,Yes,The trainer could explain concepts more clearly.,2026-06-01
STU-00493,Java FDP (Faculty Development),Oct 2025 Batch,Neotia University,Offline,Male,2nd Year,4.0,4.0,3.0,5.0,4.0,4,No,"Average experience, some sessions were better than others.",2025-10-01
STU-01085,Web Development,Feb 2025 Batch,Techno India University,Online,Male,2nd Year,4.0,4.0,3.0,4.0,3.0,4,Yes,"Overall okay experience, a few sessions could have been better planned.",2025-02-01
STU-00657,Full Stack Development,Mar 2026 Batch,Neotia University,Online,Prefer not to say,4th Year,3.0,2.0,3.0,4.0,3.0,3,No,"Overall okay experience, a few sessions could have been better planned.",2026-03-01
STU-01287,Python Programming,Jul 2026 Batch,Government College of Engineering & Textile Technology,Online,Female,Graduate,4.0,4.0,3.0,3.0,3.0,3,Yes,"Overall okay experience, a few sessions could have been better planned.",2026-07-01
STU-01471,Machine Learning,Dec 2025 Batch,Government College of Engineering & Textile Technology,Offline,Female,4th Year,4.0,3.0,4.0,3.0,4.0,4,Yes,"The program was decent overall, nothing major to complain about.",2025-12-01
STU-00013,AI in Food Technology,Jun 2025 Batch,JIS College of Engineering,Hybrid,Male,3rd Year,5.0,5.0,5.0,5.0,5.0,5,Yes,The trainer explained concepts clearly and was always ready to help.,2025-06-01
STU-00689,Data Science,Apr 2025 Batch,St. Xavier's College Kolkata,Online,Female,Graduate,5.0,5.0,4.0,4.0,5.0,4,Yes,"Very satisfied, the mentors were patient and encouraging throughout.",2025-04-01
STU-01720,Web Development,Jan 2025 Batch,Independent / Working Professional,Hybrid,Female,3rd Year,4.0,4.0,3.0,5.0,4.0,4,No,Could use an extra week or two to cover everything properly.,2025-01-01
STU-00168,Full Stack Development,Nov 2025 Batch,Maulana Azad College,Offline,Male,3rd Year,3.0,3.0,2.0,2.0,3.0,2,Yes,"The sessions moved too fast, hard to keep up with the pace. Some topics felt outdated compared to current industry trends.",2025-11-01
STU-00759,DevOps,May 2025 Batch,Government College of Engineering & Textile Technology,Offline,Female,3rd Year,4.0,4.0,4.0,4.0,4.0,4,Yes,"Well-paced sessions and very approachable trainer, learned a lot.",2025-05-01
STU-01889,App Development (Android),Feb 2026 Batch,St. Xavier's College Kolkata,Online,Male,3rd Year,3.0,3.0,1.0,2.0,2.0,3,No,"Wish there was more time per topic, felt rushed throughout.",2026-02-01
STU-00189,Cybersecurity & Ethical Hacking,Jun 2025 Batch,Techno India University,Online,Male,1st Year,4.0,4.0,4.0,5.0,4.0,4,Yes,"Great balance of theory and practicals, exceeded my expectations.",2025-06-01
STU-01804,Cybersecurity & Ethical Hacking,May 2025 Batch,Independent / Working Professional,Online,Female,3rd Year,2.0,4.0,3.0,3.0,4.0,3,Yes,Would appreciate a more engaging teaching style.,2025-05-01
STU-00044,Digital Marketing,Mar 2025 Batch,St. Xavier's College Kolkata,Hybrid,Female,4th Year,4.0,3.0,4.0,3.0,4.0,3,Yes,Some topics felt outdated compared to current industry trends.,2025-03-01
STU-01091,Cybersecurity & Ethical Hacking,Apr 2026 Batch,St. Xavier's College Kolkata,Online,Male,4th Year,4.0,4.0,4.0,4.0,5.0,4,Yes,,2026-04-01
STU-00010,Data Science,Jan 2025 Batch,Neotia University,Online,Female,1st Year,5.0,4.0,4.0,4.0,4.0,4,Yes,"Great mentorship throughout the program, felt supported at every step.",2025-01-01
STU-01339,Advanced Excel & Power BI,Apr 2026 Batch,JIS College of Engineering,Offline,Female,Graduate,3.0,2.0,2.0,2.0,3.0,3,Yes,"Decent program, could use a bit more structure in scheduling.",2026-04-01
STU-00148,Cybersecurity & Ethical Hacking,Apr 2026 Batch,St. Xavier's College Kolkata,Hybrid,Male,2nd Year,4.0,4.0,2.0,4.0,2.0,3,Yes,"Pace needs to slow down, especially for beginners in the batch.",2026-04-01
STU-01774,Networking Fundamentals,Feb 2025 Batch,Independent / Working Professional,Online,Male,1st Year,4.0,5.0,4.0,4.0,4.0,4,Yes,"Really enjoyed the sessions, the trainer kept things engaging.",2025-02-01
STU-00014,Networking Fundamentals,Jan 2026 Batch,Neotia University,Online,Male,1st Year,3.0,4.0,2.0,3.0,2.0,3,No,"Content was okay, though a few topics felt rushed.",2026-01-01
STU-00390,Machine Learning,Feb 2026 Batch,JIS College of Engineering,Online,Male,4th Year,5.0,5.0,4.0,5.0,5.0,5,Yes,"Well-paced sessions and very approachable trainer, learned a lot.",2026-02-01
STU-00947,Networking Fundamentals,Apr 2026 Batch,Heritage Institute of Technology,Online,Male,4th Year,3.0,2.0,3.0,3.0,3.0,3,Yes,,2026-04-01
STU-00597,UI/UX Design,Feb 2026 Batch,Government College of Engineering & Textile Technology,Online,Prefer not to say,2nd Year,2.0,2.0,3.0,3.0,2.0,3,Yes,The trainer could explain concepts more clearly.,2026-02-01
STU-01525,Data Science,Mar 2025 Batch,Techno India University,Online,Male,1st Year,4.0,4.0,4.0,3.0,3.0,3,Yes,Needed quicker follow-up on queries raised after class.,2025-03-01
STU-01488,UI/UX Design,Apr 2025 Batch,Heritage Institute of Technology,Online,Male,3rd Year,5.0,5.0,5.0,5.0,5.0,5,Yes,"Great balance of theory and practicals, exceeded my expectations.",2025-04-01
STU-01890,Robotics & Embedded Systems,Aug 2026 Batch,St. Xavier's College Kolkata,Online,Female,Working Professional,4.0,4.0,4.0,4.0,4.0,4,Yes,The trainer explained concepts clearly and was always ready to help.,2026-08-01
STU-00957,Competitive Programming,Feb 2025 Batch,Neotia University,Hybrid,Female,3rd Year,4.0,5.0,4.0,5.0,4.0,5,Yes,"Excellent program overall, would definitely recommend to my juniors.",2025-02-01
STU-01697,Blockchain Basics,Oct 2025 Batch,Narasingh Choudhuri Autonomous College,Online,Female,4th Year,3.0,3.0,2.0,3.0,3.0,3,No,Could use an extra week or two to cover everything properly.,2025-10-01
STU-01777,AI in Food Technology,Apr 2026 Batch,Narasingh Choudhuri Autonomous College,Offline,Female,Working Professional,4.0,3.0,4.0,4.0,4.0,4,No,No comments.,2026-04-01
STU-00675,Cybersecurity & Ethical Hacking,Jul 2025 Batch,Techno India University,Online,Female,4th Year,3.0,3.0,4.0,4.0,3.0,3,No,"Sessions felt monotonous, needed more interactive teaching.",2025-07-01
STU-00702,Python Programming,Apr 2025 Batch,Neotia University,Online,Female,3rd Year,3.0,3.0,2.0,3.0,3.0,3,No,"Pace needs to slow down, especially for beginners in the batch.",2025-04-01
STU-01274,App Development (Android),Oct 2025 Batch,Techno India University,Online,Female,1st Year,4.0,4.0,3.0,4.0,4.0,4,Yes,Could use an extra week or two to cover everything properly.,2025-10-01
STU-01480,Cloud Computing (AWS),May 2025 Batch,Neotia University,Online,Male,3rd Year,4.0,4.0,4.0,4.0,3.0,4,Yes,"Overall okay experience, a few sessions could have been better planned.",2025-05-01
STU-01937,Cybersecurity & Ethical Hacking,Apr 2026 Batch,JIS College of Engineering,Hybrid,Female,2nd Year,2.0,3.0,3.0,3.0,2.0,2,No,The trainer could explain concepts more clearly.,2026-04-01
STU-00456,AI in Food Technology,Sep 2025 Batch,Government College of Engineering & Textile Technology,Online,Female,3rd Year,4.0,5.0,4.0,4.0,4.0,4,Yes,"Well-paced sessions and very approachable trainer, learned a lot.",2025-09-01
STU-00928,Full Stack Development,Nov 2025 Batch,Maulana Azad College,Online,Female,3rd Year,3.0,3.0,2.0,3.0,2.0,3,No,Struggled to keep up as new topics were introduced too quickly.,2025-11-01
STU-00684,Robotics & Embedded Systems,May 2025 Batch,Maulana Azad College,Online,Female,Graduate,5.0,5.0,4.0,5.0,4.0,5,Yes,The projects assigned really helped me apply what was taught.,2025-05-01
STU-01158,Cybersecurity & Ethical Hacking,Mar 2025 Batch,Maulana Azad College,Hybrid,Female,Working Professional,3.0,4.0,4.0,4.0,3.0,4,Yes,The trainer could explain concepts more clearly.,2025-03-01
STU-00507,Cybersecurity & Ethical Hacking,Apr 2026 Batch,Maulana Azad College,Offline,Male,3rd Year,4.0,5.0,4.0,4.0,4.0,4,No,The trainer explained concepts clearly and was always ready to help.,2026-04-01
STU-00026,Digital Marketing,Apr 2025 Batch,Neotia University,Hybrid,Prefer not to say,3rd Year,3.0,4.0,4.0,3.0,3.0,3,Yes,"Average experience, some sessions were better than others.",2025-04-01
STU-01204,Weather Forecasting ML Project,Jan 2026 Batch,JIS College of Engineering,Online,Male,3rd Year,5.0,5.0,5.0,5.0,4.0,5,Yes,Practical assignments made the concepts much easier to understand.,2026-01-01
STU-01454,Robotics & Embedded Systems,Jan 2025 Batch,Independent / Working Professional,Online,Male,3rd Year,4.0,5.0,4.0,5.0,5.0,5,Yes,"Very satisfied, the mentors were patient and encouraging throughout.",2025-01-01
STU-01153,DevOps,Jul 2026 Batch,Maulana Azad College,Online,Male,1st Year,4.0,4.0,3.0,4.0,4.0,4,Yes,"Reasonably good, though I expected slightly more hands-on practice.",2026-07-01
STU-00831,Web Development,Aug 2025 Batch,Techno India University,Online,Female,3rd Year,3.0,4.0,2.0,4.0,4.0,3,Yes,"Wish there was more time per topic, felt rushed throughout.",2025-08-01
STU-00116,AI in Biotechnology,Aug 2026 Batch,Techno India University,Online,Female,1st Year,5.0,5.0,5.0,5.0,5.0,5,No,One of the best training experiences I have had so far.,2026-08-01
STU-00025,Networking Fundamentals,Apr 2025 Batch,St. Xavier's College Kolkata,Online,Female,3rd Year,3.0,4.0,4.0,3.0,4.0,3,No,"Overall okay experience, a few sessions could have been better planned.",2025-04-01
STU-00371,Internet of Things (IoT),Oct 2025 Batch,Techno India University,Offline,Male,4th Year,1.0,2.0,2.0,1.0,3.0,2,No,"Explanations were sometimes too fast to follow properly. Lab access was unreliable, lost a lot of time troubleshooting.",2025-10-01
STU-01795,Competitive Programming,Aug 2026 Batch,Techno India University,Online,Male,3rd Year,4.0,4.0,3.0,4.0,4.0,4,No,"The sessions moved too fast, hard to keep up with the pace.",2026-08-01
STU-00097,Networking Fundamentals,Jul 2026 Batch,Government College of Engineering & Textile Technology,Online,Male,Graduate,5.0,5.0,4.0,5.0,5.0,4,Yes,"Very satisfied, the mentors were patient and encouraging throughout.",2026-07-01
STU-01436,AI in Biotechnology,Sep 2025 Batch,Techno India University,Offline,Male,2nd Year,5.0,5.0,5.0,5.0,5.0,5,Yes,"Great balance of theory and practicals, exceeded my expectations.",2025-09-01
STU-00954,Cybersecurity & Ethical Hacking,May 2025 Batch,Neotia University,Offline,Male,3rd Year,3.0,3.0,3.0,4.0,3.0,3,No,Trainer seemed unprepared in a couple of sessions.,2025-05-01
STU-01444,Cybersecurity & Ethical Hacking,Jul 2025 Batch,JIS College of Engineering,Online,Male,Working Professional,5.0,5.0,4.0,5.0,5.0,5,Yes,Practical assignments made the concepts much easier to understand.,2025-07-01
STU-00100,Data Science,Jul 2026 Batch,Narasingh Choudhuri Autonomous College,Online,Male,Graduate,4.0,3.0,3.0,3.0,3.0,3,No,"Average experience, some sessions were better than others.",2026-07-01
STU-01657,Networking Fundamentals,Apr 2025 Batch,Government College of Engineering & Textile Technology,Online,Male,2nd Year,5.0,4.0,3.0,5.0,3.0,4,Yes,Session quality varied depending on the trainer.,2025-04-01
STU-01491,UI/UX Design,Apr 2025 Batch,Narasingh Choudhuri Autonomous College,Hybrid,Female,1st Year,4.0,4.0,3.0,4.0,4.0,4,Yes,Could use an extra week or two to cover everything properly.,2025-04-01
STU-01047,Cybersecurity & Ethical Hacking,Mar 2025 Batch,Government College of Engineering & Textile Technology,Offline,Female,1st Year,3.0,4.0,3.0,4.0,2.0,3,Yes,"The program was decent overall, nothing major to complain about.",2025-03-01
STU-00358,Competitive Programming,Feb 2025 Batch,St. Xavier's College Kolkata,Online,Male,2nd Year,4.0,3.0,3.0,3.0,2.0,4,Yes,The online platform kept lagging during live sessions.,2025-02-01
STU-00944,Agentic AI,Mar 2025 Batch,Government College of Engineering & Textile Technology,Offline,Male,4th Year,4.0,4.0,3.0,4.0,4.0,4,Yes,"Pace needs to slow down, especially for beginners in the batch.",2025-03-01
STU-00572,Cloud Computing (AWS),Feb 2025 Batch,Techno India University,Hybrid,Female,2nd Year,4.0,3.0,5.0,4.0,3.0,3,Yes,Wanted more advanced/real-world case studies in the curriculum.,2025-02-01
STU-01819,AI in Food Technology,Jul 2026 Batch,Government College of Engineering & Textile Technology,Online,Male,Graduate,4.0,5.0,4.0,4.0,4.0,4,Yes,"Great balance of theory and practicals, exceeded my expectations.",2026-07-01
STU-01138,Weather Forecasting ML Project,Oct 2025 Batch,Government College of Engineering & Textile Technology,Online,Male,Graduate,5.0,5.0,5.0,5.0,4.0,5,Yes,"Great balance of theory and practicals, exceeded my expectations.",2025-10-01
STU-00780,Generative AI,Mar 2026 Batch,Government College of Engineering & Textile Technology,Online,Female,4th Year,4.0,4.0,3.0,3.0,3.0,4,No,"Content was okay, though a few topics felt rushed.",2026-03-01
STU-01209,AI in Food Technology,Sep 2025 Batch,Government College of Engineering & Textile Technology,Hybrid,Male,3rd Year,5.0,5.0,4.0,4.0,3.0,4,Yes,"Lab access was unreliable, lost a lot of time troubleshooting.",2025-09-01
STU-01762,Cloud Computing (AWS),Aug 2026 Batch,Techno India University,Online,Female,Working Professional,4.0,4.0,4.0,4.0,4.0,4,Yes,"Pace needs to slow down, especially for beginners in the batch.",2026-08-01
STU-01699,Python Programming,Feb 2025 Batch,Government College of Engineering & Textile Technology,Online,Male,Graduate,3.0,2.0,3.0,3.0,3.0,2,No,Curriculum could include more project-based learning. Would have liked more one-on-one mentorship time.,2025-02-01
STU-00271,Web Development,Aug 2026 Batch,Direct / Online (ASD),Hybrid,Female,3rd Year,1.0,3.0,2.0,3.0,2.0,2,No,The trainer could explain concepts more clearly. Recorded session links took too long to be uploaded.,2026-08-01
STU-00119,Data Science,Aug 2026 Batch,Government College of Engineering & Textile Technology,Online,Male,4th Year,3.0,3.0,3.0,3.0,3.0,3,Yes,,2026-08-01
STU-00118,AI in Food Technology,Mar 2026 Batch,St. Xavier's College Kolkata,Online,Female,Graduate,4.0,5.0,4.0,4.0,4.0,4,Yes,"Great balance of theory and practicals, exceeded my expectations.",2026-03-01
STU-01902,Machine Learning,Apr 2026 Batch,Independent / Working Professional,Online,Male,Graduate,5.0,5.0,4.0,5.0,5.0,5,Yes,The trainer explained concepts clearly and was always ready to help.,2026-04-01
STU-01615,Agentic AI,Jul 2026 Batch,Techno India University,Online,Male,Working Professional,3.0,2.0,2.0,3.0,2.0,2,No,Felt a few modules were not very relevant to the job market. Explanations were sometimes too fast to follow properly.,2026-07-01
STU-01464,Advanced Excel & Power BI,Feb 2026 Batch,Government College of Engineering & Textile Technology,Online,Male,4th Year,4.0,4.0,4.0,4.0,4.0,4,Yes,"Really enjoyed the sessions, the trainer kept things engaging.",2026-02-01
STU-00978,Full Stack Development,Mar 2025 Batch,Techno India University,Online,Female,Graduate,2.0,2.0,1.0,3.0,2.0,2,No,"Struggled to keep up as new topics were introduced too quickly. Sessions felt monotonous, needed more interactive teaching.",2025-03-01
STU-00741,Full Stack Development,Sep 2025 Batch,Neotia University,Hybrid,Female,1st Year,5.0,4.0,5.0,4.0,2.0,4,Yes,Had connectivity issues on the platform almost every week.,2025-09-01
STU-01084,Networking Fundamentals,May 2026 Batch,Techno India University,Online,Female,1st Year,4.0,4.0,3.0,4.0,2.0,3,No,Recorded session links took too long to be uploaded.,2026-05-01
STU-00165,Agentic AI,May 2025 Batch,Neotia University,Online,Female,3rd Year,4.0,4.0,3.0,4.0,3.0,3,Yes,"Pace needs to slow down, especially for beginners in the batch.",2025-05-01
STU-01257,App Development (Android),Aug 2026 Batch,Techno India University,Hybrid,Male,3rd Year,3.0,2.0,3.0,4.0,3.0,3,Yes,Some topics felt outdated compared to current industry trends.,2026-08-01
STU-01484,Internet of Things (IoT),Jun 2025 Batch,Government College of Engineering & Textile Technology,Offline,Female,Working Professional,5.0,4.0,3.0,4.0,3.0,4,Yes,Too much content packed into too few sessions.,2025-06-01
STU-01791,Agentic AI,Aug 2026 Batch,Maulana Azad College,Online,Male,2nd Year,2.0,2.0,2.0,3.0,2.0,2,No,Explanations were sometimes too fast to follow properly. Wanted more advanced/real-world case studies in the curriculum.,2026-08-01
STU-01584,DevOps,Jul 2026 Batch,Government College of Engineering & Textile Technology,Online,Female,1st Year,4.0,4.0,4.0,4.0,4.0,4,Yes,The projects assigned really helped me apply what was taught.,2026-07-01
STU-01593,Cybersecurity & Ethical Hacking,May 2025 Batch,Government College of Engineering & Textile Technology,Online,Male,3rd Year,2.0,2.0,3.0,4.0,2.0,3,Yes,,2025-05-01
STU-00143,Full Stack Development,Jul 2026 Batch,Government College of Engineering & Textile Technology,Online,Female,Working Professional,4.0,3.0,3.0,3.0,3.0,3,Yes,Wanted more advanced/real-world case studies in the curriculum.,2026-07-01
STU-00114,Full Stack Development,Jan 2025 Batch,Maulana Azad College,Online,Female,3rd Year,3.0,3.0,3.0,4.0,3.0,3,Yes,Session quality varied depending on the trainer.,2025-01-01
STU-01188,Machine Learning,Aug 2026 Batch,Independent / Working Professional,Online,Male,4th Year,4.0,3.0,4.0,4.0,3.0,4,Yes,"Content was okay, though a few topics felt rushed.",2026-08-01
STU-00379,Full Stack Development,Jun 2025 Batch,Government College of Engineering & Textile Technology,Online,Male,3rd Year,3.0,4.0,3.0,4.0,2.0,3,No,Recorded session links took too long to be uploaded.,2025-06-01
STU-00064,Python Programming,Apr 2025 Batch,Neotia University,Hybrid,Female,Working Professional,4.0,5.0,3.0,3.0,4.0,3,Yes,Could use an extra week or two to cover everything properly.,2025-04-01
STU-01377,Internet of Things (IoT),Apr 2025 Batch,St. Xavier's College Kolkata,Hybrid,Male,2nd Year,4.0,5.0,5.0,4.0,5.0,4,Yes,The support team responded quickly whenever I had doubts.,2025-04-01
STU-01512,Cybersecurity & Ethical Hacking,Aug 2026 Batch,JIS College of Engineering,Offline,Female,Working Professional,3.0,4.0,3.0,3.0,3.0,3,Yes,"Content was okay, though a few topics felt rushed.",2026-08-01
STU-00187,Generative AI,Nov 2025 Batch,Neotia University,Online,Male,Graduate,5.0,5.0,3.0,5.0,5.0,4,Yes,Session quality varied depending on the trainer.,2025-11-01
STU-01086,Cybersecurity & Ethical Hacking,Jun 2025 Batch,Techno India University,Offline,Male,Graduate,5.0,5.0,4.0,5.0,4.0,5,Yes,"Clear explanations, useful resources, and prompt doubt-clearing sessions.",2025-06-01
STU-01095,AI in Food Technology,Mar 2025 Batch,Techno India University,Offline,Male,4th Year,4.0,4.0,3.0,4.0,3.0,3,No,"Average experience, some sessions were better than others.",2025-03-01
STU-01019,Machine Learning,Apr 2025 Batch,Techno India University,Hybrid,Female,3rd Year,4.0,4.0,3.0,4.0,4.0,4,Yes,Could use an extra week or two to cover everything properly.,2025-04-01
STU-00295,Agentic AI,Nov 2025 Batch,St. Xavier's College Kolkata,Online,Male,3rd Year,4.0,3.0,3.0,4.0,2.0,3,Yes,The online platform kept lagging during live sessions.,2025-11-01
STU-01233,Python Programming,Apr 2026 Batch,St. Xavier's College Kolkata,Hybrid,Female,3rd Year,3.0,3.0,2.0,2.0,2.0,3,Yes,"Pace needs to slow down, especially for beginners in the batch.",2026-04-01
STU-01739,Competitive Programming,Feb 2025 Batch,Techno India University,Online,Female,Working Professional,4.0,3.0,2.0,3.0,3.0,3,Yes,Could use an extra week or two to cover everything properly.,2025-02-01
STU-00287,Blockchain Basics,Sep 2025 Batch,St. Xavier's College Kolkata,Online,Female,Graduate,5.0,4.0,4.0,4.0,4.0,4,Yes,"Very satisfied, the mentors were patient and encouraging throughout.",2025-09-01
STU-01861,Networking Fundamentals,Mar 2026 Batch,Narasingh Choudhuri Autonomous College,Hybrid,Male,3rd Year,2.0,2.0,1.0,2.0,1.0,2,No,Too much content packed into too few sessions.,2026-03-01
STU-01627,Full Stack Development,Sep 2025 Batch,Maulana Azad College,Offline,Female,4th Year,3.0,3.0,3.0,4.0,3.0,3,No,Session quality varied depending on the trainer.,2025-09-01
STU-00301,Generative AI,Mar 2025 Batch,JIS College of Engineering,Online,Female,1st Year,4.0,4.0,4.0,3.0,3.0,3,Yes,"It was fine, but I expected a bit more depth in the later modules.",2025-03-01
STU-01974,Web Development,Oct 2025 Batch,St. Xavier's College Kolkata,Online,Male,Graduate,4.0,3.0,4.0,4.0,4.0,4,Yes,"Content was okay, though a few topics felt rushed.",2025-10-01
STU-00316,Cybersecurity & Ethical Hacking,Sep 2025 Batch,Techno India University,Online,Female,4th Year,4.0,4.0,4.0,4.0,3.0,4,Yes,"Overall okay experience, a few sessions could have been better planned.",2025-09-01
STU-00877,Networking Fundamentals,Sep 2025 Batch,Maulana Azad College,Online,Male,4th Year,5.0,5.0,5.0,5.0,5.0,5,Yes,The program content was up to date and industry relevant.,2025-09-01
STU-00673,Cloud Computing (AWS),Feb 2025 Batch,Independent / Working Professional,Online,Female,2nd Year,3.0,3.0,2.0,4.0,3.0,3,Yes,"The sessions moved too fast, hard to keep up with the pace.",2025-02-01
STU-00360,Web Development,Mar 2025 Batch,Techno India University,Online,Male,4th Year,5.0,4.0,3.0,4.0,3.0,4,Yes,"Overall okay experience, a few sessions could have been better planned.",2025-03-01
STU-00131,DevOps,Oct 2025 Batch,Techno India University,Online,Female,3rd Year,3.0,4.0,4.0,4.0,4.0,4,Yes,"Decent program, could use a bit more structure in scheduling.",2025-10-01
STU-00856,DevOps,Dec 2025 Batch,Maulana Azad College,Hybrid,Male,3rd Year,3.0,3.0,3.0,3.0,2.0,2,Yes,Recorded session links took too long to be uploaded.,2025-12-01
STU-01330,AI in Biotechnology,Sep 2025 Batch,Narasingh Choudhuri Autonomous College,Online,Male,1st Year,3.0,3.0,3.0,3.0,3.0,3,No,"It was fine, but I expected a bit more depth in the later modules.",2025-09-01
STU-00190,Robotics & Embedded Systems,Oct 2025 Batch,Techno India University,Online,Male,4th Year,2.0,2.0,1.0,3.0,3.0,2,Yes,"Wish there was more time per topic, felt rushed throughout.",2025-10-01
STU-00028,AI in Biotechnology,Oct 2025 Batch,Government College of Engineering & Textile Technology,Offline,Male,3rd Year,3.0,4.0,3.0,4.0,2.0,3,Yes,,2025-10-01
STU-00838,Machine Learning,Mar 2026 Batch,St. Xavier's College Kolkata,Hybrid,Female,3rd Year,3.0,2.0,2.0,2.0,2.0,2,Yes,Wanted more advanced/real-world case studies in the curriculum.,2026-03-01
STU-01566,Weather Forecasting ML Project,Feb 2026 Batch,Government College of Engineering & Textile Technology,Online,Male,2nd Year,4.0,3.0,2.0,3.0,2.0,3,Yes,Too much content packed into too few sessions.,2026-02-01
STU-00900,Database Management (SQL),Nov 2025 Batch,Techno India University,Online,Female,2nd Year,4.0,4.0,3.0,4.0,4.0,4,Yes,"Pace needs to slow down, especially for beginners in the batch.",2025-11-01
STU-01582,Internet of Things (IoT),Jun 2026 Batch,St. Xavier's College Kolkata,Online,Male,Working Professional,5.0,5.0,5.0,5.0,5.0,4,No,The curriculum was well structured and relevant to current industry needs.,2026-06-01
STU-01764,Cybersecurity & Ethical Hacking,Jul 2026 Batch,JIS College of Engineering,Online,Male,Graduate,3.0,3.0,2.0,3.0,3.0,3,Yes,"Wish there was more time per topic, felt rushed throughout.",2026-07-01
STU-00757,Blockchain Basics,May 2025 Batch,Government College of Engineering & Textile Technology,Online,Female,3rd Year,3.0,4.0,3.0,3.0,3.0,3,Yes,"Sessions felt monotonous, needed more interactive teaching.",2025-05-01
STU-00620,Weather Forecasting ML Project,Feb 2025 Batch,St. Xavier's College Kolkata,Online,Female,2nd Year,4.0,4.0,4.0,4.0,4.0,4,Yes,"Really enjoyed the sessions, the trainer kept things engaging.",2025-02-01
STU-00758,Generative AI,Feb 2025 Batch,JIS College of Engineering,Online,Female,3rd Year,5.0,4.0,3.0,4.0,4.0,4,Yes,"Content was okay, though a few topics felt rushed.",2025-02-01
STU-01968,Cloud Computing (AWS),Feb 2025 Batch,Independent / Working Professional,Hybrid,Female,2nd Year,4.0,4.0,3.0,4.0,4.0,4,Yes,"Average experience, some sessions were better than others.",2025-02-01
STU-01466,Full Stack Development,Mar 2026 Batch,JIS College of Engineering,Online,Female,3rd Year,3.0,3.0,2.0,3.0,1.0,3,Yes,"Overall okay experience, a few sessions could have been better planned.",2026-03-01
STU-01202,Python Programming,Mar 2026 Batch,Techno India University,Online,Female,Working Professional,4.0,4.0,4.0,5.0,4.0,4,No,No comments.,2026-03-01
STU-01562,Full Stack Development,Apr 2026 Batch,Neotia University,Online,Male,2nd Year,4.0,4.0,5.0,4.0,5.0,5,Yes,The trainer explained concepts clearly and was always ready to help.,2026-04-01
STU-01163,App Development (Android),Apr 2026 Batch,Maulana Azad College,Online,Male,2nd Year,5.0,4.0,4.0,5.0,4.0,4,No,,2026-04-01
STU-01268,Cloud Computing (AWS),Aug 2026 Batch,Techno India University,Online,Female,Graduate,4.0,4.0,3.0,3.0,3.0,3,No,"Wish there was more time per topic, felt rushed throughout.",2026-08-01
STU-00267,Cybersecurity & Ethical Hacking,Feb 2026 Batch,Maulana Azad College,Offline,Male,Working Professional,4.0,4.0,4.0,4.0,4.0,4,Yes,The program content was up to date and industry relevant.,2026-02-01
STU-00595,Cybersecurity & Ethical Hacking,Feb 2025 Batch,Government College of Engineering & Textile Technology,Online,Male,3rd Year,4.0,4.0,2.0,4.0,3.0,3,Yes,Could use an extra week or two to cover everything properly.,2025-02-01
STU-00705,Python Programming,Nov 2025 Batch,Techno India University,Hybrid,Male,Working Professional,3.0,3.0,2.0,4.0,3.0,3,No,Could use an extra week or two to cover everything properly.,2025-11-01
STU-00326,AI in Food Technology,Apr 2025 Batch,Maulana Azad College,Hybrid,Female,4th Year,4.0,3.0,3.0,3.0,3.0,3,Yes,Curriculum could include more project-based learning.,2025-04-01
STU-01128,Data Science,Apr 2026 Batch,Neotia University,Online,Male,Working Professional,4.0,3.0,4.0,4.0,4.0,4,Yes,Felt a few modules were not very relevant to the job market.,2026-04-01
STU-00864,App Development (Android),Feb 2025 Batch,Techno India University,Online,Female,3rd Year,3.0,4.0,3.0,4.0,3.0,3,Yes,Session quality varied depending on the trainer.,2025-02-01
STU-00631,Robotics & Embedded Systems,Jun 2026 Batch,Techno India University,Online,Female,3rd Year,4.0,3.0,3.0,3.0,4.0,3,No,"Reasonably good, though I expected slightly more hands-on practice.",2026-06-01
STU-01495,Advanced Excel & Power BI,Mar 2025 Batch,St. Xavier's College Kolkata,Hybrid,Male,3rd Year,4.0,4.0,4.0,5.0,3.0,4,Yes,No comments.,2025-03-01
STU-00076,Competitive Programming,Feb 2025 Batch,Government College of Engineering & Textile Technology,Offline,Female,Working Professional,5.0,4.0,4.0,4.0,3.0,4,Yes,"The program was decent overall, nothing major to complain about.",2025-02-01
STU-01434,Machine Learning,Apr 2026 Batch,Heritage Institute of Technology,Online,Female,2nd Year,3.0,3.0,3.0,3.0,4.0,3,No,Trainer seemed unprepared in a couple of sessions.,2026-04-01
STU-01607,Advanced Excel & Power BI,Aug 2025 Batch,St. Xavier's College Kolkata,Online,Male,3rd Year,4.0,4.0,4.0,4.0,4.0,4,Yes,"Great mentorship throughout the program, felt supported at every step.",2025-08-01
STU-00902,Java Development,Sep 2025 Batch,JIS College of Engineering,Offline,Female,Graduate,4.0,4.0,4.0,5.0,4.0,4,No,"Enjoyed every module, especially the live project work.",2025-09-01
STU-00718,Advanced Excel & Power BI,Sep 2025 Batch,Neotia University,Online,Male,4th Year,4.0,4.0,3.0,4.0,4.0,4,Yes,"The program was decent overall, nothing major to complain about.",2025-09-01
STU-00738,Internet of Things (IoT),Mar 2025 Batch,Techno India University,Online,Male,3rd Year,3.0,4.0,3.0,3.0,3.0,3,No,The trainer could explain concepts more clearly.,2025-03-01
STU-01269,Full Stack Development,May 2026 Batch,Government College of Engineering & Textile Technology,Online,Male,2nd Year,4.0,4.0,3.0,4.0,4.0,4,No,"Pace needs to slow down, especially for beginners in the batch.",2026-05-01
STU-01308,Weather Forecasting ML Project,Apr 2025 Batch,JIS College of Engineering,Online,Female,2nd Year,5.0,4.0,5.0,5.0,4.0,5,Yes,The support team responded quickly whenever I had doubts.,2025-04-01
STU-00830,Machine Learning,May 2025 Batch,Government College of Engineering & Textile Technology,Hybrid,Prefer not to say,Working Professional,5.0,5.0,4.0,5.0,4.0,4,No,The projects assigned really helped me apply what was taught.,2025-05-01
STU-00834,Weather Forecasting ML Project,Jul 2026 Batch,JIS College of Engineering,Offline,Female,Working Professional,4.0,3.0,3.0,3.0,3.0,3,Yes,Wanted more advanced/real-world case studies in the curriculum.,2026-07-01
STU-00181,AI in Biotechnology,Aug 2026 Batch,Neotia University,Online,Male,4th Year,2.0,3.0,3.0,2.0,3.0,2,Yes,"Sessions felt monotonous, needed more interactive teaching. The sessions moved too fast, hard to keep up with the pace.",2026-08-01
STU-00743,Java Development,Sep 2025 Batch,Neotia University,Online,Male,2nd Year,4.0,4.0,3.0,4.0,4.0,4,Yes,"The program was decent overall, nothing major to complain about.",2025-09-01
STU-01638,Blockchain Basics,Jan 2025 Batch,JIS College of Engineering,Online,Female,Graduate,5.0,5.0,5.0,5.0,5.0,5,Yes,The projects assigned really helped me apply what was taught.,2025-01-01
STU-00916,Machine Learning,Nov 2025 Batch,JIS College of Engineering,Hybrid,Female,2nd Year,3.0,4.0,2.0,3.0,2.0,3,Yes,"Wish there was more time per topic, felt rushed throughout.",2025-11-01
STU-00377,Data Science,Apr 2025 Batch,Techno India University,Hybrid,Male,3rd Year,4.0,3.0,3.0,4.0,3.0,4,Yes,"Reasonably good, though I expected slightly more hands-on practice.",2025-04-01
STU-01979,Python Programming,Apr 2025 Batch,Government College of Engineering & Textile Technology,Online,Male,2nd Year,4.0,5.0,4.0,5.0,5.0,5,Yes,Practical assignments made the concepts much easier to understand.,2025-04-01
STU-00024,Networking Fundamentals,Oct 2025 Batch,Government College of Engineering & Textile Technology,Online,Male,3rd Year,4.0,3.0,3.0,4.0,4.0,4,Yes,,2025-10-01
STU-00347,Advanced Excel & Power BI,Apr 2026 Batch,Government College of Engineering & Textile Technology,Hybrid,Female,3rd Year,4.0,5.0,4.0,5.0,4.0,4,Yes,"Really enjoyed the sessions, the trainer kept things engaging.",2026-04-01
STU-01635,Cybersecurity & Ethical Hacking,Sep 2025 Batch,Government College of Engineering & Textile Technology,Offline,Female,3rd Year,4.0,5.0,5.0,3.0,3.0,4,Yes,"Decent program, could use a bit more structure in scheduling.",2025-09-01
STU-00269,AI in Biotechnology,Oct 2025 Batch,JIS College of Engineering,Online,Female,2nd Year,5.0,5.0,4.0,5.0,5.0,5,Yes,Trainer was knowledgeable and made even tough topics easy to grasp.,2025-10-01
STU-00009,Networking Fundamentals,May 2025 Batch,Techno India University,Online,Male,Graduate,5.0,5.0,5.0,5.0,5.0,5,Yes,"Well-paced sessions and very approachable trainer, learned a lot.",2025-05-01
STU-00229,Python Programming,Jun 2025 Batch,Government College of Engineering & Textile Technology,Online,Male,Working Professional,3.0,3.0,4.0,4.0,2.0,3,Yes,"Reasonably good, though I expected slightly more hands-on practice.",2025-06-01
STU-00490,Cybersecurity & Ethical Hacking,Mar 2025 Batch,Government College of Engineering & Textile Technology,Offline,Male,3rd Year,3.0,4.0,3.0,3.0,3.0,3,No,"It was fine, but I expected a bit more depth in the later modules.",2025-03-01
STU-00214,Cloud Computing (AWS),Feb 2025 Batch,St. Xavier's College Kolkata,Online,Female,Graduate,2.0,3.0,3.0,3.0,3.0,3,Yes,Trainer seemed unprepared in a couple of sessions.,2025-02-01
STU-00818,Advanced Excel & Power BI,Jul 2026 Batch,Techno India University,Online,Female,Graduate,4.0,4.0,3.0,4.0,3.0,3,No,Too much content packed into too few sessions.,2026-07-01
STU-01451,Data Science,May 2026 Batch,St. Xavier's College Kolkata,Online,Male,4th Year,4.0,5.0,5.0,4.0,4.0,4,No,Nothing to add.,2026-05-01
STU-00450,Java Development,Oct 2025 Batch,Heritage Institute of Technology,Hybrid,Male,3rd Year,3.0,4.0,3.0,4.0,4.0,4,Yes,Would appreciate a more engaging teaching style.,2025-10-01
STU-00726,Python Programming,Jul 2026 Batch,Government College of Engineering & Textile Technology,Offline,Female,Working Professional,4.0,3.0,3.0,5.0,5.0,4,Yes,Would like the syllabus to be updated more frequently.,2026-07-01
STU-00016,DevOps,Jul 2025 Batch,JIS College of Engineering,Hybrid,Male,3rd Year,4.0,3.0,3.0,3.0,3.0,4,Yes,Felt a few modules were not very relevant to the job market.,2025-07-01
STU-01802,AI in Food Technology,Jul 2026 Batch,Techno India University,Online,Female,3rd Year,5.0,4.0,3.0,4.0,3.0,4,Yes,"It was fine, but I expected a bit more depth in the later modules.",2026-07-01
STU-01772,AI in Food Technology,Mar 2025 Batch,Techno India University,Online,Male,3rd Year,4.0,4.0,4.0,4.0,3.0,4,Yes,"The program was decent overall, nothing major to complain about.",2025-03-01
STU-00644,Internet of Things (IoT),Sep 2025 Batch,Independent / Working Professional,Online,Male,3rd Year,5.0,5.0,5.0,5.0,4.0,5,Yes,The trainer explained concepts clearly and was always ready to help.,2025-09-01
STU-01302,Networking Fundamentals,Apr 2025 Batch,JIS College of Engineering,Offline,Male,4th Year,2.0,3.0,4.0,2.0,3.0,3,No,"Overall okay experience, a few sessions could have been better planned.",2025-04-01
STU-01334,AI in Food Technology,Apr 2026 Batch,Government College of Engineering & Textile Technology,Offline,Female,3rd Year,5.0,4.0,3.0,4.0,4.0,4,Yes,"Decent program, could use a bit more structure in scheduling.",2026-04-01
STU-00547,Competitive Programming,Mar 2026 Batch,Neotia University,Hybrid,Female,4th Year,4.0,4.0,4.0,5.0,4.0,4,Yes,Practical assignments made the concepts much easier to understand.,2026-03-01
STU-01154,Internet of Things (IoT),Mar 2025 Batch,St. Xavier's College Kolkata,Hybrid,Female,4th Year,5.0,4.0,4.0,5.0,4.0,5,Yes,The projects assigned really helped me apply what was taught.,2025-03-01
STU-00641,Robotics & Embedded Systems,Aug 2025 Batch,Direct / Online (ASD),Hybrid,Female,2nd Year,3.0,4.0,3.0,4.0,3.0,3,Yes,"Content was okay, though a few topics felt rushed.",2025-08-01
STU-00355,AI in Food Technology,May 2025 Batch,Maulana Azad College,Online,Female,3rd Year,5.0,5.0,5.0,5.0,5.0,5,Yes,The trainer's real-world examples made the sessions very useful.,2025-05-01
STU-00769,Competitive Programming,Apr 2025 Batch,Government College of Engineering & Textile Technology,Online,Male,Graduate,5.0,5.0,5.0,5.0,5.0,5,Yes,"Really enjoyed the sessions, the trainer kept things engaging.",2025-04-01
STU-00208,Networking Fundamentals,Sep 2025 Batch,Government College of Engineering & Textile Technology,Online,Female,3rd Year,4.0,4.0,4.0,4.0,4.0,4,Yes,Trainer was knowledgeable and made even tough topics easy to grasp.,2025-09-01
STU-01375,AI in Food Technology,Feb 2025 Batch,St. Xavier's College Kolkata,Online,Female,Working Professional,5.0,5.0,4.0,4.0,4.0,4,Yes,The curriculum was well structured and relevant to current industry needs.,2025-02-01
STU-00962,Full Stack Development,May 2025 Batch,JIS College of Engineering,Hybrid,Male,4th Year,4.0,3.0,2.0,3.0,3.0,3,Yes,"Reasonably good, though I expected slightly more hands-on practice.",2025-05-01
STU-01075,Java FDP (Faculty Development),Oct 2025 Batch,Techno India University,Online,Prefer not to say,Graduate,5.0,5.0,5.0,5.0,5.0,5,Yes,The support team responded quickly whenever I had doubts.,2025-10-01
STU-00417,Machine Learning,Apr 2026 Batch,Techno India University,Offline,Female,2nd Year,4.0,4.0,5.0,4.0,3.0,4,Yes,Nothing to add.,2026-04-01
STU-01990,Blockchain Basics,Feb 2025 Batch,St. Xavier's College Kolkata,Online,Female,Working Professional,2.0,3.0,3.0,4.0,4.0,3,Yes,"Sessions felt monotonous, needed more interactive teaching.",2025-02-01
STU-01059,Machine Learning,May 2025 Batch,Government College of Engineering & Textile Technology,Offline,Male,Graduate,5.0,5.0,5.0,5.0,4.0,5,Yes,The curriculum was well structured and relevant to current industry needs.,2025-05-01
STU-01168,AI in Biotechnology,Mar 2026 Batch,Government College of Engineering & Textile Technology,Hybrid,Male,2nd Year,3.0,4.0,4.0,4.0,5.0,4,Yes,No comments.,2026-03-01
STU-00688,Python Programming,Apr 2025 Batch,Government College of Engineering & Textile Technology,Online,Prefer not to say,2nd Year,5.0,5.0,4.0,4.0,5.0,5,Yes,"Clear explanations, useful resources, and prompt doubt-clearing sessions.",2025-04-01
STU-00443,Networking Fundamentals,Aug 2025 Batch,JIS College of Engineering,Online,Female,3rd Year,3.0,4.0,3.0,3.0,2.0,3,Yes,"Decent program, could use a bit more structure in scheduling.",2025-08-01
STU-01651,Advanced Excel & Power BI,Apr 2025 Batch,Government College of Engineering & Textile Technology,Online,Male,Graduate,4.0,5.0,5.0,5.0,4.0,5,Yes,"Great mentorship throughout the program, felt supported at every step.",2025-04-01
STU-00603,AI in Biotechnology,Jan 2025 Batch,Techno India University,Hybrid,Female,4th Year,4.0,4.0,3.0,5.0,4.0,4,Yes,"Reasonably good, though I expected slightly more hands-on practice.",2025-01-01
STU-01905,Web Development,Sep 2025 Batch,JIS College of Engineering,Online,Male,Graduate,3.0,2.0,1.0,3.0,3.0,2,No,"The sessions moved too fast, hard to keep up with the pace.",2025-09-01
STU-00349,AI in Food Technology,Jul 2025 Batch,JIS College of Engineering,Online,Female,1st Year,4.0,4.0,4.0,4.0,4.0,4,Yes,"Loved the hands-on projects, they really built my confidence.",2025-07-01
STU-00763,Web Development,May 2026 Batch,Maulana Azad College,Online,Male,Graduate,3.0,3.0,2.0,3.0,2.0,3,Yes,,2026-05-01
STU-00404,Machine Learning,Feb 2025 Batch,Government College of Engineering & Textile Technology,Online,Male,3rd Year,4.0,3.0,3.0,5.0,3.0,3,Yes,No comments.,2025-02-01
STU-00363,AI in Food Technology,Feb 2025 Batch,Techno India University,Online,Male,4th Year,3.0,3.0,3.0,3.0,4.0,3,Yes,"Reasonably good, though I expected slightly more hands-on practice.",2025-02-01
STU-00027,Python Programming,Jun 2025 Batch,Narasingh Choudhuri Autonomous College,Online,Male,3rd Year,4.0,3.0,2.0,3.0,3.0,3,Yes,"Content was okay, though a few topics felt rushed.",2025-06-01
STU-01904,Generative AI,Aug 2026 Batch,St. Xavier's College Kolkata,Online,Male,4th Year,4.0,3.0,2.0,3.0,2.0,3,Yes,Too much content packed into too few sessions.,2026-08-01
STU-01169,Networking Fundamentals,Sep 2025 Batch,St. Xavier's College Kolkata,Online,Female,3rd Year,5.0,5.0,5.0,5.0,4.0,5,Yes,"Great balance of theory and practicals, exceeded my expectations.",2025-09-01
STU-00178,Blockchain Basics,Aug 2026 Batch,Government College of Engineering & Textile Technology,Online,Female,1st Year,3.0,3.0,3.0,4.0,4.0,3,No,"Reasonably good, though I expected slightly more hands-on practice.",2026-08-01
STU-01924,Digital Marketing,Mar 2026 Batch,Government College of Engineering & Textile Technology,Offline,Female,3rd Year,3.0,4.0,3.0,3.0,4.0,3,Yes,Session quality varied depending on the trainer.,2026-03-01
STU-00738,Internet of Things (IoT),Mar 2025 Batch,Techno India University,Online,Male,3rd Year,3.0,4.0,3.0,3.0,3.0,3,No,The trainer could explain concepts more clearly.,2025-03-01
STU-00611,Machine Learning,May 2025 Batch,Heritage Institute of Technology,Online,Female,Graduate,4.0,5.0,3.0,4.0,4.0,5,Yes,"Content was okay, though a few topics felt rushed.",2025-05-01
STU-00665,Networking Fundamentals,Oct 2025 Batch,St. Xavier's College Kolkata,Offline,Female,4th Year,3.0,2.0,3.0,3.0,4.0,3,Yes,Curriculum could include more project-based learning.,2025-10-01
STU-00253,App Development (Android),Mar 2026 Batch,Narasingh Choudhuri Autonomous College,Hybrid,Male,Graduate,4.0,4.0,4.0,4.0,4.0,4,No,The trainer's real-world examples made the sessions very useful.,2026-03-01
STU-00415,Digital Marketing,Aug 2026 Batch,St. Xavier's College Kolkata,Online,Female,3rd Year,4.0,4.0,4.0,4.0,3.0,4,Yes,"It was fine, but I expected a bit more depth in the later modules.",2026-08-01
STU-00559,Networking Fundamentals,May 2025 Batch,Heritage Institute of Technology,Online,Prefer not to say,2nd Year,5.0,4.0,4.0,4.0,5.0,4,Yes,"Well-paced sessions and very approachable trainer, learned a lot.",2025-05-01
STU-00554,Machine Learning,Apr 2025 Batch,St. Xavier's College Kolkata,Online,Female,3rd Year,5.0,4.0,4.0,4.0,4.0,5,Yes,Practical assignments made the concepts much easier to understand.,2025-04-01
STU-00194,AI in Biotechnology,Nov 2025 Batch,St. Xavier's College Kolkata,Online,Female,3rd Year,3.0,3.0,3.0,3.0,3.0,3,Yes,,2025-11-01
STU-01134,Cybersecurity & Ethical Hacking,Aug 2025 Batch,Independent / Working Professional,Offline,Male,Graduate,4.0,3.0,4.0,4.0,3.0,4,Yes,Curriculum could include more project-based learning.,2025-08-01
STU-01711,AI in Food Technology,Mar 2025 Batch,Government College of Engineering & Textile Technology,Online,Female,Graduate,4.0,3.0,3.0,4.0,3.0,4,Yes,Some topics felt outdated compared to current industry trends.,2025-03-01
STU-01152,Agentic AI,Jul 2026 Batch,Maulana Azad College,Online,Male,Graduate,4.0,4.0,2.0,4.0,3.0,4,Yes,Could use an extra week or two to cover everything properly.,2026-07-01
STU-00446,UI/UX Design,Aug 2026 Batch,Government College of Engineering & Textile Technology,Offline,Male,1st Year,3.0,3.0,2.0,2.0,2.0,3,Yes,"Pace needs to slow down, especially for beginners in the batch.",2026-08-01
STU-01954,Cloud Computing (AWS),Feb 2026 Batch,Neotia University,Online,Male,Graduate,4.0,4.0,4.0,5.0,4.0,4,No,The projects assigned really helped me apply what was taught.,2026-02-01
STU-00913,Machine Learning,Jul 2026 Batch,Techno India University,Offline,Female,3rd Year,5.0,5.0,4.0,4.0,3.0,4,Yes,Recorded session links took too long to be uploaded.,2026-07-01
STU-00973,Networking Fundamentals,Jun 2025 Batch,Techno India University,Online,Female,3rd Year,4.0,4.0,4.0,4.0,4.0,4,No,The trainer's real-world examples made the sessions very useful.,2025-06-01
STU-01455,Database Management (SQL),Aug 2026 Batch,Techno India University,Online,Male,Graduate,5.0,4.0,4.0,4.0,4.0,5,Yes,The projects assigned really helped me apply what was taught.,2026-08-01
STU-00452,Digital Marketing,Apr 2025 Batch,Independent / Working Professional,Hybrid,Female,3rd Year,3.0,3.0,3.0,3.0,2.0,3,No,"Decent program, could use a bit more structure in scheduling.",2025-04-01
STU-01390,Competitive Programming,Apr 2025 Batch,Neotia University,Hybrid,Female,Working Professional,3.0,4.0,3.0,4.0,4.0,4,Yes,"Content was okay, though a few topics felt rushed.",2025-04-01
STU-00465,AI in Biotechnology,Feb 2025 Batch,JIS College of Engineering,Online,Female,2nd Year,4.0,2.0,4.0,4.0,3.0,3,No,Some topics felt outdated compared to current industry trends.,2025-02-01
STU-01089,Generative AI,May 2025 Batch,St. Xavier's College Kolkata,Online,Female,4th Year,3.0,2.0,3.0,3.0,3.0,3,No,Felt a few modules were not very relevant to the job market.,2025-05-01
STU-00459,AI in Food Technology,Feb 2026 Batch,Government College of Engineering & Textile Technology,Hybrid,Male,2nd Year,5.0,4.0,4.0,5.0,4.0,4,Yes,The trainer's real-world examples made the sessions very useful.,2026-02-01
STU-01385,Networking Fundamentals,Jul 2026 Batch,St. Xavier's College Kolkata,Online,Male,1st Year,3.0,4.0,2.0,4.0,4.0,4,No,Could use an extra week or two to cover everything properly.,2026-07-01
STU-01933,DevOps,Jul 2026 Batch,Independent / Working Professional,Online,Female,4th Year,3.0,2.0,2.0,3.0,3.0,2,No,Felt a few modules were not very relevant to the job market.,2026-07-01
STU-00732,Python Programming,Mar 2025 Batch,Techno India University,Online,Male,4th Year,2.0,1.0,1.0,2.0,2.0,2,Yes,Felt a few modules were not very relevant to the job market.,2025-03-01
STU-00370,Java FDP (Faculty Development),Feb 2026 Batch,Government College of Engineering & Textile Technology,Online,Male,2nd Year,3.0,4.0,3.0,5.0,2.0,3,Yes,The online platform kept lagging during live sessions.,2026-02-01
STU-00485,Weather Forecasting ML Project,May 2026 Batch,St. Xavier's College Kolkata,Online,Male,3rd Year,4.0,4.0,4.0,5.0,4.0,4,No,"Excellent program overall, would definitely recommend to my juniors.",2026-05-01
STU-01443,Python Programming,Nov 2025 Batch,St. Xavier's College Kolkata,Online,Male,1st Year,3.0,4.0,4.0,3.0,3.0,3,Yes,,2025-11-01
STU-01179,UI/UX Design,Mar 2026 Batch,Maulana Azad College,Online,Female,3rd Year,4.0,5.0,3.0,5.0,4.0,4,Yes,"Pace needs to slow down, especially for beginners in the batch.",2026-03-01
STU-00308,Advanced Excel & Power BI,Jul 2026 Batch,Neotia University,Online,Female,3rd Year,2.0,3.0,2.0,2.0,3.0,3,Yes,Explanations were sometimes too fast to follow properly.,2026-07-01
STU-00286,Cybersecurity & Ethical Hacking,Apr 2025 Batch,St. Xavier's College Kolkata,Hybrid,Male,4th Year,3.0,4.0,5.0,4.0,3.0,4,Yes,"Sessions felt monotonous, needed more interactive teaching.",2025-04-01
STU-00612,DevOps,Jan 2025 Batch,Independent / Working Professional,Hybrid,Female,Graduate,4.0,3.0,4.0,3.0,4.0,3,Yes,Felt a few modules were not very relevant to the job market.,2025-01-01
STU-00650,App Development (Android),Oct 2025 Batch,Neotia University,Hybrid,Male,3rd Year,4.0,5.0,4.0,5.0,4.0,5,Yes,"Enjoyed every module, especially the live project work.",2025-10-01
STU-00717,Networking Fundamentals,Feb 2026 Batch,St. Xavier's College Kolkata,Hybrid,Male,4th Year,5.0,4.0,3.0,4.0,4.0,5,Yes,"Decent program, could use a bit more structure in scheduling.",2026-02-01
STU-01378,Generative AI,May 2026 Batch,St. Xavier's College Kolkata,Offline,Male,4th Year,4.0,4.0,4.0,5.0,5.0,4,No,"Really enjoyed the sessions, the trainer kept things engaging.",2026-05-01
STU-01490,Competitive Programming,Sep 2025 Batch,Government College of Engineering & Textile Technology,Online,Female,1st Year,4.0,4.0,3.0,4.0,3.0,4,Yes,"Overall okay experience, a few sessions could have been better planned.",2025-09-01
STU-01088,Networking Fundamentals,Aug 2025 Batch,Techno India University,Hybrid,Female,Working Professional,4.0,4.0,3.0,4.0,3.0,3,Yes,Struggled to keep up as new topics were introduced too quickly.,2025-08-01
STU-00658,Data Science,Jul 2026 Batch,Techno India University,Online,Male,4th Year,3.0,3.0,3.0,4.0,3.0,3,Yes,"Overall okay experience, a few sessions could have been better planned.",2026-07-01
STU-01352,App Development (Android),Feb 2025 Batch,Direct / Online (ASD),Online,Male,Working Professional,5.0,5.0,5.0,5.0,5.0,5,Yes,"Very satisfied, the mentors were patient and encouraging throughout.",2025-02-01
STU-00884,Blockchain Basics,Nov 2025 Batch,Government College of Engineering & Textile Technology,Online,Male,Working Professional,5.0,5.0,5.0,5.0,5.0,5,Yes,Practical assignments made the concepts much easier to understand.,2025-11-01
STU-00700,AI in Biotechnology,Jun 2025 Batch,Neotia University,Offline,Female,4th Year,5.0,4.0,5.0,5.0,5.0,5,Yes,"Clear explanations, useful resources, and prompt doubt-clearing sessions.",2025-06-01
STU-00825,Blockchain Basics,Jul 2026 Batch,Government College of Engineering & Textile Technology,Online,Female,4th Year,4.0,3.0,5.0,3.0,4.0,4,Yes,"Decent program, could use a bit more structure in scheduling.",2026-07-01
STU-01926,Digital Marketing,Nov 2025 Batch,Narasingh Choudhuri Autonomous College,Online,Female,1st Year,3.0,3.0,3.0,4.0,2.0,3,No,"The program was decent overall, nothing major to complain about.",2025-11-01
STU-00098,Cybersecurity & Ethical Hacking,Apr 2025 Batch,JIS College of Engineering,Hybrid,Male,3rd Year,4.0,4.0,4.0,5.0,3.0,4,Yes,"It was fine, but I expected a bit more depth in the later modules.",2025-04-01
STU-01813,Full Stack Development,Feb 2025 Batch,St. Xavier's College Kolkata,Online,Male,3rd Year,3.0,5.0,4.0,4.0,3.0,4,Yes,"Decent program, could use a bit more structure in scheduling.",2025-02-01
STU-00985,Full Stack Development,Oct 2025 Batch,Neotia University,Hybrid,Female,4th Year,4.0,3.0,3.0,4.0,3.0,3,Yes,Nothing to add.,2025-10-01
STU-00811,Cybersecurity & Ethical Hacking,Mar 2025 Batch,Techno India University,Online,Male,Working Professional,3.0,3.0,3.0,4.0,4.0,4,No,The trainer could explain concepts more clearly.,2025-03-01
STU-00140,Advanced Excel & Power BI,Mar 2026 Batch,JIS College of Engineering,Offline,Male,4th Year,4.0,3.0,4.0,4.0,3.0,3,No,"The program was decent overall, nothing major to complain about.",2026-03-01
STU-01197,AI in Food Technology,Sep 2025 Batch,St. Xavier's College Kolkata,Offline,Female,3rd Year,4.0,4.0,3.0,4.0,4.0,4,No,"The program was decent overall, nothing major to complain about.",2025-09-01
STU-01980,AI in Food Technology,Mar 2025 Batch,Government College of Engineering & Textile Technology,Online,Female,1st Year,4.0,3.0,4.0,3.0,3.0,3,No,"It was fine, but I expected a bit more depth in the later modules.",2025-03-01
STU-00699,Advanced Excel & Power BI,Feb 2026 Batch,JIS College of Engineering,Online,Male,3rd Year,4.0,4.0,4.0,5.0,5.0,4,Yes,The trainer explained concepts clearly and was always ready to help.,2026-02-01
STU-01348,Cybersecurity & Ethical Hacking,Jun 2026 Batch,St. Xavier's College Kolkata,Hybrid,Female,3rd Year,3.0,2.0,3.0,3.0,2.0,3,Yes,Wanted more advanced/real-world case studies in the curriculum.,2026-06-01
STU-00906,Full Stack Development,Mar 2026 Batch,Techno India University,Online,Male,Graduate,3.0,2.0,2.0,3.0,3.0,3,Yes,Would like the syllabus to be updated more frequently.,2026-03-01
STU-00931,AI in Biotechnology,Jan 2026 Batch,Maulana Azad College,Online,Male,4th Year,4.0,4.0,3.0,4.0,3.0,4,Yes,Struggled to keep up as new topics were introduced too quickly.,2026-01-01
STU-01173,Agentic AI,May 2025 Batch,Neotia University,Hybrid,Male,Working Professional,4.0,3.0,5.0,5.0,3.0,4,Yes,"The program was decent overall, nothing major to complain about.",2025-05-01
STU-00755,AI in Food Technology,Jun 2025 Batch,Narasingh Choudhuri Autonomous College,Online,Female,Working Professional,3.0,3.0,3.0,3.0,2.0,3,No,Had connectivity issues on the platform almost every week.,2025-06-01
STU-00129,Robotics & Embedded Systems,Feb 2026 Batch,Government College of Engineering & Textile Technology,Online,Male,Graduate,3.0,4.0,3.0,3.0,3.0,3,Yes,"Overall okay experience, a few sessions could have been better planned.",2026-02-01
STU-00740,Machine Learning,May 2025 Batch,Government College of Engineering & Textile Technology,Online,Female,4th Year,5.0,4.0,4.0,5.0,3.0,4,Yes,The online platform kept lagging during live sessions.,2025-05-01
STU-00659,Cybersecurity & Ethical Hacking,Aug 2025 Batch,Neotia University,Online,Male,Working Professional,3.0,4.0,4.0,2.0,4.0,3,Yes,Support response on the query group was slow at times.,2025-08-01
STU-00756,Blockchain Basics,Mar 2026 Batch,St. Xavier's College Kolkata,Hybrid,Female,2nd Year,3.0,3.0,2.0,3.0,3.0,3,Yes,Could use an extra week or two to cover everything properly.,2026-03-01
STU-01353,Internet of Things (IoT),Oct 2025 Batch,Neotia University,Hybrid,Male,2nd Year,3.0,4.0,4.0,3.0,2.0,4,Yes,,2025-10-01
STU-00523,Blockchain Basics,Apr 2025 Batch,Narasingh Choudhuri Autonomous College,Online,Female,Graduate,3.0,3.0,3.0,3.0,3.0,3,No,"Sessions felt monotonous, needed more interactive teaching.",2025-04-01
STU-00265,Cybersecurity & Ethical Hacking,May 2025 Batch,St. Xavier's College Kolkata,Hybrid,Female,4th Year,5.0,4.0,3.0,4.0,4.0,4,Yes,"Reasonably good, though I expected slightly more hands-on practice.",2025-05-01
STU-01304,Web Development,Feb 2026 Batch,JIS College of Engineering,Online,Male,2nd Year,4.0,3.0,2.0,3.0,3.0,3,No,"Pace needs to slow down, especially for beginners in the batch.",2026-02-01
STU-01768,DevOps,Aug 2025 Batch,Techno India University,Offline,Female,3rd Year,4.0,4.0,3.0,3.0,4.0,3,No,Could use an extra week or two to cover everything properly.,2025-08-01
STU-01581,AI in Biotechnology,Sep 2025 Batch,St. Xavier's College Kolkata,Offline,Female,Working Professional,5.0,4.0,2.0,4.0,4.0,4,Yes,"Wish there was more time per topic, felt rushed throughout.",2025-09-01
STU-00632,Web Development,Mar 2025 Batch,Neotia University,Online,Male,3rd Year,5.0,4.0,4.0,5.0,4.0,4,Yes,The projects assigned really helped me apply what was taught.,2025-03-01
STU-00499,Networking Fundamentals,Oct 2025 Batch,JIS College of Engineering,Hybrid,Male,4th Year,3.0,3.0,3.0,4.0,2.0,3,No,"Overall okay experience, a few sessions could have been better planned.",2025-10-01
STU-01636,Internet of Things (IoT),Feb 2026 Batch,Government College of Engineering & Textile Technology,Online,Female,Graduate,5.0,5.0,4.0,4.0,5.0,5,Yes,The curriculum was well structured and relevant to current industry needs.,2026-02-01
STU-01320,Web Development,Feb 2025 Batch,Maulana Azad College,Offline,Female,2nd Year,5.0,5.0,5.0,5.0,4.0,5,Yes,The projects assigned really helped me apply what was taught.,2025-02-01
STU-01650,AI in Biotechnology,Jan 2025 Batch,Neotia University,Online,Male,3rd Year,4.0,4.0,4.0,4.0,4.0,4,No,"Really enjoyed the sessions, the trainer kept things engaging.",2025-01-01
STU-01016,Generative AI,Feb 2026 Batch,Techno India University,Online,Male,4th Year,5.0,5.0,3.0,4.0,5.0,5,Yes,"The sessions moved too fast, hard to keep up with the pace.",2026-02-01
STU-00433,Web Development,Aug 2026 Batch,Neotia University,Online,Male,3rd Year,5.0,4.0,4.0,5.0,4.0,5,Yes,"Really enjoyed the sessions, the trainer kept things engaging.",2026-08-01
STU-01150,Machine Learning,Mar 2026 Batch,Independent / Working Professional,Offline,Male,3rd Year,3.0,4.0,3.0,4.0,3.0,4,Yes,Would appreciate a more engaging teaching style.,2026-03-01
STU-01702,Weather Forecasting ML Project,Feb 2026 Batch,Techno India University,Hybrid,Female,2nd Year,4.0,5.0,3.0,4.0,4.0,4,Yes,Too much content packed into too few sessions.,2026-02-01
STU-00069,Java FDP (Faculty Development),Aug 2026 Batch,Neotia University,Online,Male,Working Professional,4.0,4.0,4.0,4.0,3.0,4,No,Had connectivity issues on the platform almost every week.,2026-08-01
STU-01907,Agentic AI,Jan 2026 Batch,JIS College of Engineering,Offline,Female,4th Year,5.0,3.0,3.0,4.0,2.0,4,Yes,"Lab access was unreliable, lost a lot of time troubleshooting.",2026-01-01
STU-00661,Internet of Things (IoT),Apr 2025 Batch,Neotia University,Online,Male,2nd Year,3.0,3.0,3.0,4.0,3.0,3,Yes,The trainer could explain concepts more clearly.,2025-04-01
STU-01191,Networking Fundamentals,Oct 2025 Batch,St. Xavier's College Kolkata,Online,Female,3rd Year,4.0,5.0,5.0,5.0,4.0,4,No,"Loved the hands-on projects, they really built my confidence.",2025-10-01
STU-00993,AI in Food Technology,Mar 2025 Batch,Maulana Azad College,Offline,Female,3rd Year,3.0,3.0,3.0,3.0,3.0,3,Yes,"Overall okay experience, a few sessions could have been better planned.",2025-03-01
STU-00574,Java FDP (Faculty Development),Oct 2025 Batch,Heritage Institute of Technology,Online,Female,Graduate,3.0,3.0,4.0,3.0,4.0,3,Yes,"Average experience, some sessions were better than others.",2025-10-01
STU-00335,Competitive Programming,Mar 2025 Batch,JIS College of Engineering,Online,Male,Working Professional,3.0,4.0,2.0,3.0,3.0,3,No,Struggled to keep up as new topics were introduced too quickly.,2025-03-01
STU-00339,Competitive Programming,Sep 2025 Batch,Independent / Working Professional,Hybrid,Female,4th Year,4.0,4.0,4.0,4.0,3.0,3,No,The portal for assignments was confusing and slow to load.,2025-09-01
STU-01028,Competitive Programming,Jan 2025 Batch,Neotia University,Hybrid,Female,3rd Year,4.0,5.0,4.0,4.0,4.0,4,Yes,The projects assigned really helped me apply what was taught.,2025-01-01
STU-00384,Competitive Programming,Feb 2025 Batch,JIS College of Engineering,Online,Female,2nd Year,4.0,3.0,3.0,4.0,3.0,4,Yes,Would like the syllabus to be updated more frequently.,2025-02-01
STU-01494,Data Science,Aug 2026 Batch,Government College of Engineering & Textile Technology,Online,Female,4th Year,4.0,4.0,4.0,4.0,4.0,4,Yes,"Well-paced sessions and very approachable trainer, learned a lot.",2026-08-01
STU-00056,DevOps,May 2025 Batch,Government College of Engineering & Textile Technology,Offline,Female,3rd Year,4.0,4.0,4.0,3.0,4.0,4,Yes,"Average experience, some sessions were better than others.",2025-05-01
STU-00682,AI in Food Technology,Oct 2025 Batch,Techno India University,Online,Male,Graduate,4.0,3.0,3.0,3.0,3.0,3,Yes,"Decent program, could use a bit more structure in scheduling.",2025-10-01
STU-01082,App Development (Android),Jul 2026 Batch,Techno India University,Hybrid,Female,2nd Year,4.0,5.0,3.0,4.0,3.0,4,Yes,,2026-07-01
STU-01912,App Development (Android),Jan 2025 Batch,Independent / Working Professional,Online,Female,2nd Year,2.0,2.0,2.0,2.0,3.0,2,Yes,The trainer could explain concepts more clearly.,2025-01-01
STU-01528,AI in Food Technology,Mar 2026 Batch,Government College of Engineering & Textile Technology,Hybrid,Male,3rd Year,4.0,4.0,4.0,3.0,4.0,3,No,"The program was decent overall, nothing major to complain about.",2026-03-01
STU-00706,AI in Biotechnology,Aug 2025 Batch,Narasingh Choudhuri Autonomous College,Hybrid,Female,3rd Year,2.0,3.0,3.0,3.0,2.0,2,No,The trainer could explain concepts more clearly.,2025-08-01
STU-01672,Full Stack Development,May 2025 Batch,Techno India University,Offline,Male,1st Year,4.0,4.0,3.0,4.0,3.0,3,Yes,"The sessions moved too fast, hard to keep up with the pace.",2025-05-01
STU-00171,Blockchain Basics,Jun 2026 Batch,Techno India University,Offline,Male,4th Year,5.0,5.0,2.0,4.0,4.0,4,Yes,Could use an extra week or two to cover everything properly.,2026-06-01
STU-01850,Competitive Programming,Apr 2025 Batch,JIS College of Engineering,Online,Female,2nd Year,3.0,3.0,2.0,4.0,3.0,3,Yes,"The program was decent overall, nothing major to complain about.",2025-04-01
STU-01792,Networking Fundamentals,Jun 2025 Batch,Government College of Engineering & Textile Technology,Offline,Female,3rd Year,5.0,5.0,4.0,4.0,5.0,4,No,"Excellent program overall, would definitely recommend to my juniors.",2025-06-01
STU-00327,DevOps,Aug 2025 Batch,JIS College of Engineering,Online,Male,4th Year,2.0,4.0,2.0,4.0,3.0,3,No,"Decent program, could use a bit more structure in scheduling.",2025-08-01
STU-00504,AI in Biotechnology,Jul 2025 Batch,Independent / Working Professional,Online,Male,3rd Year,3.0,2.0,3.0,2.0,1.0,2,Yes,"Lab access was unreliable, lost a lot of time troubleshooting.",2025-07-01
STU-00982,AI in Biotechnology,Mar 2025 Batch,Government College of Engineering & Textile Technology,Online,Male,3rd Year,2.0,3.0,1.0,3.0,2.0,2,No,"Wish there was more time per topic, felt rushed throughout. Doubt resolution took longer than expected outside class hours.",2025-03-01
STU-00410,AI in Food Technology,Nov 2025 Batch,Neotia University,Online,Female,4th Year,4.0,3.0,5.0,5.0,3.0,4,Yes,"Average experience, some sessions were better than others.",2025-11-01
STU-00298,App Development (Android),Jan 2025 Batch,St. Xavier's College Kolkata,Online,Male,3rd Year,4.0,5.0,4.0,4.0,4.0,4,No,"Loved the hands-on projects, they really built my confidence.",2025-01-01
STU-01165,Generative AI,Sep 2025 Batch,Narasingh Choudhuri Autonomous College,Online,Female,3rd Year,3.0,2.0,2.0,3.0,2.0,3,Yes,"Reasonably good, though I expected slightly more hands-on practice.",2025-09-01
STU-01668,Internet of Things (IoT),Aug 2026 Batch,Techno India University,Online,Male,4th Year,4.0,4.0,3.0,4.0,2.0,4,Yes,Nothing to add.,2026-08-01
STU-01356,Python Programming,Jan 2025 Batch,Narasingh Choudhuri Autonomous College,Online,Female,4th Year,5.0,5.0,5.0,5.0,5.0,5,Yes,"Great balance of theory and practicals, exceeded my expectations.",2025-01-01
STU-01343,Web Development,Feb 2026 Batch,St. Xavier's College Kolkata,Hybrid,Female,Working Professional,4.0,4.0,3.0,4.0,4.0,4,No,"Average experience, some sessions were better than others.",2026-02-01
STU-01901,Full Stack Development,Oct 2025 Batch,Techno India University,Online,Female,1st Year,4.0,4.0,4.0,5.0,5.0,4,Yes,"Really enjoyed the sessions, the trainer kept things engaging.",2025-10-01
STU-00719,AI in Biotechnology,Mar 2026 Batch,St. Xavier's College Kolkata,Online,Female,3rd Year,5.0,5.0,4.0,4.0,3.0,4,No,The online platform kept lagging during live sessions.,2026-03-01
STU-00672,Cloud Computing (AWS),Feb 2025 Batch,Maulana Azad College,Online,Male,3rd Year,5.0,4.0,4.0,4.0,4.0,4,Yes,Trainer was knowledgeable and made even tough topics easy to grasp.,2025-02-01
STU-00649,Machine Learning,Aug 2026 Batch,St. Xavier's College Kolkata,Online,Male,Working Professional,5.0,5.0,5.0,5.0,4.0,5,No,The program content was up to date and industry relevant.,2026-08-01
STU-02000,AI in Food Technology,Oct 2025 Batch,Narasingh Choudhuri Autonomous College,Online,Male,1st Year,5.0,5.0,4.0,5.0,4.0,5,Yes,The program content was up to date and industry relevant.,2025-10-01
STU-01674,Full Stack Development,Jul 2026 Batch,Maulana Azad College,Hybrid,Female,4th Year,4.0,5.0,4.0,3.0,4.0,4,No,Support response on the query group was slow at times.,2026-07-01
STU-01533,Web Development,May 2025 Batch,Government College of Engineering & Textile Technology,Hybrid,Male,4th Year,4.0,5.0,4.0,4.0,3.0,4,Yes,"Average experience, some sessions were better than others.",2025-05-01
STU-01957,Agentic AI,May 2025 Batch,Techno India University,Online,Male,3rd Year,3.0,2.0,2.0,2.0,1.0,2,No,The online platform kept lagging during live sessions.,2025-05-01
STU-00701,Cybersecurity & Ethical Hacking,Feb 2026 Batch,JIS College of Engineering,Online,Female,3rd Year,4.0,5.0,5.0,4.0,4.0,4,Yes,"Enjoyed every module, especially the live project work.",2026-02-01
STU-00703,DevOps,Apr 2025 Batch,Techno India University,Online,Female,2nd Year,4.0,4.0,3.0,4.0,2.0,3,No,"Lab access was unreliable, lost a lot of time troubleshooting.",2025-04-01
STU-00532,App Development (Android),Feb 2025 Batch,JIS College of Engineering,Online,Male,Graduate,3.0,4.0,4.0,4.0,4.0,4,Yes,Would appreciate a more engaging teaching style.,2025-02-01
STU-00408,Generative AI,Jun 2025 Batch,Government College of Engineering & Textile Technology,Hybrid,Female,4th Year,5.0,4.0,4.0,5.0,4.0,4,Yes,The support team responded quickly whenever I had doubts.,2025-06-01
STU-00200,DevOps,Jan 2026 Batch,Government College of Engineering & Textile Technology,Online,Female,Working Professional,4.0,3.0,2.0,3.0,3.0,3,No,"Wish there was more time per topic, felt rushed throughout.",2026-01-01
STU-00474,Cloud Computing (AWS),Feb 2025 Batch,Techno India University,Hybrid,Female,3rd Year,4.0,2.0,3.0,3.0,3.0,3,Yes,Some topics felt outdated compared to current industry trends.,2025-02-01
STU-00730,Data Science,Sep 2025 Batch,Neotia University,Hybrid,Female,4th Year,4.0,4.0,4.0,5.0,4.0,4,Yes,The trainer explained concepts clearly and was always ready to help.,2025-09-01
STU-01427,Competitive Programming,Jun 2025 Batch,Techno India University,Online,Male,4th Year,4.0,4.0,4.0,3.0,2.0,4,Yes,The online platform kept lagging during live sessions.,2025-06-01
STU-00217,Python Programming,May 2025 Batch,JIS College of Engineering,Hybrid,Female,2nd Year,4.0,3.0,4.0,4.0,3.0,4,No,"Content was okay, though a few topics felt rushed.",2025-05-01
STU-00254,DevOps,Oct 2025 Batch,Narasingh Choudhuri Autonomous College,Offline,Prefer not to say,4th Year,3.0,3.0,3.0,4.0,2.0,3,Yes,Faced frequent audio/video issues during classes.,2025-10-01
STU-00153,Advanced Excel & Power BI,Sep 2025 Batch,Techno India University,Online,Male,3rd Year,4.0,4.0,4.0,5.0,5.0,4,Yes,"Well-paced sessions and very approachable trainer, learned a lot.",2025-09-01
STU-01166,Cybersecurity & Ethical Hacking,Nov 2025 Batch,Narasingh Choudhuri Autonomous College,Online,Female,Working Professional,4.0,5.0,5.0,4.0,5.0,5,Yes,The trainer's real-world examples made the sessions very useful.,2025-11-01
STU-01798,Web Development,Apr 2025 Batch,Techno India University,Online,Female,1st Year,5.0,4.0,4.0,4.0,4.0,4,Yes,The support team responded quickly whenever I had doubts.,2025-04-01
STU-01248,Advanced Excel & Power BI,Jun 2025 Batch,Techno India University,Online,Male,3rd Year,5.0,4.0,5.0,5.0,5.0,5,Yes,"Very satisfied, the mentors were patient and encouraging throughout.",2025-06-01
STU-01682,Python Programming,Jun 2025 Batch,Techno India University,Offline,Female,Graduate,4.0,3.0,3.0,2.0,4.0,3,No,"Overall okay experience, a few sessions could have been better planned.",2025-06-01
STU-01321,Full Stack Development,Apr 2025 Batch,JIS College of Engineering,Online,Female,1st Year,4.0,5.0,5.0,4.0,4.0,5,Yes,Practical assignments made the concepts much easier to understand.,2025-04-01
STU-01568,AI in Food Technology,Aug 2025 Batch,JIS College of Engineering,Online,Female,1st Year,5.0,5.0,5.0,5.0,5.0,5,Yes,The support team responded quickly whenever I had doubts.,2025-08-01
STU-01900,Advanced Excel & Power BI,Jan 2025 Batch,JIS College of Engineering,Online,Female,3rd Year,4.0,3.0,2.0,4.0,3.0,4,Yes,Struggled to keep up as new topics were introduced too quickly.,2025-01-01
STU-01398,Robotics & Embedded Systems,Jul 2026 Batch,St. Xavier's College Kolkata,Online,Male,4th Year,4.0,4.0,3.0,4.0,3.0,4,Yes,Explanations were sometimes too fast to follow properly.,2026-07-01
STU-00531,Machine Learning,Aug 2025 Batch,Neotia University,Online,Male,Graduate,5.0,5.0,4.0,5.0,5.0,5,Yes,The program content was up to date and industry relevant.,2025-08-01
STU-01133,Weather Forecasting ML Project,May 2025 Batch,Techno India University,Online,Male,3rd Year,4.0,4.0,4.0,5.0,3.0,4,Yes,"It was fine, but I expected a bit more depth in the later modules.",2025-05-01
STU-01245,Web Development,Sep 2025 Batch,Neotia University,Online,Female,4th Year,4.0,4.0,4.0,3.0,3.0,4,No,Support response on the query group was slow at times.,2025-09-01
STU-00241,Agentic AI,Feb 2026 Batch,Maulana Azad College,Online,Female,2nd Year,4.0,4.0,4.0,4.0,4.0,4,Yes,"Really enjoyed the sessions, the trainer kept things engaging.",2026-02-01
STU-01310,Blockchain Basics,Jul 2026 Batch,Techno India University,Online,Male,4th Year,5.0,5.0,5.0,5.0,5.0,5,Yes,The projects assigned really helped me apply what was taught.,2026-07-01
STU-01643,Generative AI,Jan 2026 Batch,St. Xavier's College Kolkata,Online,Female,4th Year,3.0,4.0,4.0,4.0,3.0,4,Yes,Would appreciate a more engaging teaching style.,2026-01-01
STU-00188,Python Programming,Mar 2026 Batch,Maulana Azad College,Online,Male,3rd Year,2.0,3.0,2.0,4.0,3.0,2,No,Would appreciate a more engaging teaching style.,2026-03-01
STU-00247,Generative AI,Jan 2025 Batch,Government College of Engineering & Textile Technology,Online,Male,3rd Year,4.0,4.0,3.0,4.0,3.0,3,No,Session quality varied depending on the trainer.,2025-01-01
STU-00904,AI in Food Technology,May 2026 Batch,Techno India University,Online,Male,4th Year,3.0,2.0,2.0,5.0,3.0,3,Yes,"Reasonably good, though I expected slightly more hands-on practice.",2026-05-01
STU-01426,Cybersecurity & Ethical Hacking,Jun 2025 Batch,JIS College of Engineering,Offline,Female,4th Year,4.0,4.0,3.0,4.0,3.0,4,Yes,"Average experience, some sessions were better than others.",2025-06-01
STU-01482,Advanced Excel & Power BI,Feb 2026 Batch,Narasingh Choudhuri Autonomous College,Online,Male,4th Year,4.0,5.0,3.0,4.0,5.0,5,Yes,Too much content packed into too few sessions.,2026-02-01
STU-00883,Advanced Excel & Power BI,May 2025 Batch,Narasingh Choudhuri Autonomous College,Online,Female,4th Year,5.0,4.0,5.0,5.0,4.0,4,Yes,"Clear explanations, useful resources, and prompt doubt-clearing sessions.",2025-05-01
STU-00693,Cybersecurity & Ethical Hacking,Aug 2026 Batch,Government College of Engineering & Textile Technology,Hybrid,Male,2nd Year,5.0,3.0,5.0,4.0,4.0,4,No,Wanted more advanced/real-world case studies in the curriculum.,2026-08-01
STU-00303,AI in Food Technology,Feb 2026 Batch,Heritage Institute of Technology,Online,Male,1st Year,4.0,3.0,4.0,4.0,2.0,3,No,The portal for assignments was confusing and slow to load.,2026-02-01
STU-00284,Agentic AI,Feb 2026 Batch,Techno India University,Online,Female,4th Year,3.0,3.0,3.0,4.0,4.0,4,Yes,Would appreciate a more engaging teaching style.,2026-02-01
STU-00880,Web Development,Jan 2025 Batch,Techno India University,Hybrid,Female,Graduate,4.0,4.0,3.0,3.0,3.0,4,Yes,"It was fine, but I expected a bit more depth in the later modules.",2025-01-01
STU-00506,Web Development,Feb 2026 Batch,Narasingh Choudhuri Autonomous College,Online,Male,3rd Year,3.0,4.0,3.0,4.0,4.0,3,No,Trainer seemed unprepared in a couple of sessions.,2026-02-01
STU-01918,Java Development,Apr 2025 Batch,Independent / Working Professional,Hybrid,Female,3rd Year,3.0,2.0,3.0,3.0,3.0,3,No,Would like the syllabus to be updated more frequently.,2025-04-01
STU-00322,Networking Fundamentals,Aug 2026 Batch,Narasingh Choudhuri Autonomous College,Online,Female,2nd Year,4.0,3.0,3.0,3.0,4.0,4,Yes,"Decent program, could use a bit more structure in scheduling.",2026-08-01
STU-01956,AI in Food Technology,Sep 2025 Batch,Techno India University,Online,Male,4th Year,5.0,5.0,3.0,4.0,4.0,4,Yes,"Reasonably good, though I expected slightly more hands-on practice.",2025-09-01
STU-01253,Machine Learning,May 2025 Batch,Techno India University,Offline,Male,1st Year,2.0,2.0,3.0,2.0,2.0,3,No,No comments.,2025-05-01
STU-00833,AI in Food Technology,Mar 2026 Batch,Techno India University,Offline,Male,3rd Year,5.0,4.0,3.0,4.0,2.0,4,Yes,"Lab access was unreliable, lost a lot of time troubleshooting.",2026-03-01
STU-00622,DevOps,Feb 2025 Batch,Techno India University,Online,Male,3rd Year,3.0,3.0,3.0,4.0,3.0,3,No,"Sessions felt monotonous, needed more interactive teaching.",2025-02-01
STU-01501,Digital Marketing,Jun 2025 Batch,Heritage Institute of Technology,Online,Male,2nd Year,4.0,5.0,4.0,4.0,3.0,4,Yes,"It was fine, but I expected a bit more depth in the later modules.",2025-06-01
STU-01035,Agentic AI,Aug 2026 Batch,St. Xavier's College Kolkata,Offline,Male,Working Professional,5.0,4.0,4.0,4.0,4.0,4,Yes,"Really enjoyed the sessions, the trainer kept things engaging.",2026-08-01
STU-00123,Cloud Computing (AWS),Oct 2025 Batch,St. Xavier's College Kolkata,Online,Female,3rd Year,4.0,5.0,5.0,4.0,3.0,5,Yes,Faced frequent audio/video issues during classes.,2025-10-01
STU-01243,AI in Biotechnology,Jun 2025 Batch,Techno India University,Online,Male,4th Year,5.0,5.0,5.0,5.0,5.0,5,Yes,,2025-06-01
STU-00511,App Development (Android),May 2025 Batch,Techno India University,Online,Prefer not to say,Working Professional,3.0,2.0,3.0,3.0,2.0,3,Yes,Some topics felt outdated compared to current industry trends.,2025-05-01
STU-00281,Cybersecurity & Ethical Hacking,Nov 2025 Batch,Techno India University,Offline,Female,4th Year,5.0,5.0,4.0,4.0,3.0,5,Yes,The online platform kept lagging during live sessions.,2025-11-01
STU-01247,Competitive Programming,Aug 2026 Batch,Government College of Engineering & Textile Technology,Online,Female,Working Professional,4.0,4.0,4.0,4.0,4.0,4,Yes,"Loved the hands-on projects, they really built my confidence.",2026-08-01
STU-01237,Competitive Programming,Jan 2026 Batch,Techno India University,Online,Female,3rd Year,3.0,2.0,2.0,3.0,2.0,2,No,Felt a few modules were not very relevant to the job market.,2026-01-01
STU-01935,Cloud Computing (AWS),Jan 2025 Batch,JIS College of Engineering,Offline,Male,3rd Year,5.0,5.0,5.0,5.0,5.0,5,Yes,"Great mentorship throughout the program, felt supported at every step.",2025-01-01
STU-01189,Internet of Things (IoT),Apr 2025 Batch,St. Xavier's College Kolkata,Online,Male,3rd Year,4.0,4.0,4.0,4.0,4.0,4,Yes,"Great balance of theory and practicals, exceeded my expectations.",2025-04-01
STU-01201,Data Science,Jul 2026 Batch,Government College of Engineering & Textile Technology,Hybrid,Female,Graduate,2.0,3.0,3.0,3.0,3.0,2,No,"Sessions felt monotonous, needed more interactive teaching.",2026-07-01
STU-01539,Networking Fundamentals,Apr 2025 Batch,Narasingh Choudhuri Autonomous College,Online,Male,Working Professional,3.0,3.0,3.0,3.0,3.0,3,Yes,Would appreciate a more engaging teaching style.,2025-04-01
STU-00678,Robotics & Embedded Systems,Oct 2025 Batch,Government College of Engineering & Textile Technology,Online,Female,2nd Year,4.0,4.0,4.0,4.0,5.0,4,Yes,Practical assignments made the concepts much easier to understand.,2025-10-01
STU-00519,AI in Biotechnology,Nov 2025 Batch,Government College of Engineering & Textile Technology,Online,Male,4th Year,4.0,4.0,3.0,4.0,4.0,4,Yes,"The program was decent overall, nothing major to complain about.",2025-11-01
STU-01147,Advanced Excel & Power BI,Sep 2025 Batch,Techno India University,Offline,Female,2nd Year,5.0,5.0,5.0,5.0,5.0,4,Yes,The trainer's real-world examples made the sessions very useful.,2025-09-01
STU-01511,Data Science,Oct 2025 Batch,Government College of Engineering & Textile Technology,Hybrid,Female,1st Year,4.0,3.0,4.0,4.0,3.0,4,Yes,"Average experience, some sessions were better than others.",2025-10-01
STU-00068,Blockchain Basics,Mar 2025 Batch,Maulana Azad College,Online,Male,2nd Year,5.0,5.0,5.0,5.0,5.0,5,Yes,One of the best training experiences I have had so far.,2025-03-01
STU-00333,Advanced Excel & Power BI,Aug 2025 Batch,Government College of Engineering & Textile Technology,Hybrid,Female,2nd Year,3.0,3.0,3.0,3.0,3.0,3,Yes,Explanations were sometimes too fast to follow properly.,2025-08-01
STU-00569,Internet of Things (IoT),Aug 2025 Batch,Narasingh Choudhuri Autonomous College,Hybrid,Male,Graduate,3.0,3.0,4.0,3.0,2.0,3,Yes,Recorded session links took too long to be uploaded.,2025-08-01
STU-01830,Java FDP (Faculty Development),Oct 2025 Batch,St. Xavier's College Kolkata,Online,Male,2nd Year,5.0,5.0,5.0,5.0,5.0,5,Yes,"Really enjoyed the sessions, the trainer kept things engaging.",2025-10-01
STU-01190,Machine Learning,Jun 2026 Batch,Government College of Engineering & Textile Technology,Online,Male,4th Year,3.0,5.0,3.0,4.0,4.0,4,Yes,The trainer could explain concepts more clearly.,2026-06-01
STU-01424,Machine Learning,Jul 2026 Batch,Government College of Engineering & Textile Technology,Online,Male,Graduate,4.0,5.0,3.0,5.0,4.0,4,No,"Decent program, could use a bit more structure in scheduling.",2026-07-01
STU-01684,Database Management (SQL),Jul 2026 Batch,Neotia University,Online,Female,Graduate,3.0,3.0,3.0,4.0,2.0,3,Yes,"It was fine, but I expected a bit more depth in the later modules.",2026-07-01
STU-00473,UI/UX Design,May 2025 Batch,Neotia University,Hybrid,Female,2nd Year,5.0,5.0,5.0,5.0,5.0,5,Yes,One of the best training experiences I have had so far.,2025-05-01
STU-01322,Database Management (SQL),Mar 2026 Batch,St. Xavier's College Kolkata,Online,Male,2nd Year,3.0,3.0,3.0,3.0,2.0,3,Yes,Session quality varied depending on the trainer.,2026-03-01
STU-00512,Java Development,Apr 2026 Batch,JIS College of Engineering,Offline,Male,4th Year,4.0,4.0,3.0,4.0,4.0,4,Yes,Struggled to keep up as new topics were introduced too quickly.,2026-04-01
STU-00478,Robotics & Embedded Systems,Feb 2025 Batch,JIS College of Engineering,Online,Male,4th Year,4.0,5.0,3.0,4.0,3.0,4,Yes,"Content was okay, though a few topics felt rushed.",2025-02-01
STU-00886,AI in Food Technology,Feb 2026 Batch,JIS College of Engineering,Online,Female,4th Year,4.0,4.0,4.0,5.0,5.0,4,Yes,Practical assignments made the concepts much easier to understand.,2026-02-01
STU-01392,Blockchain Basics,Jul 2026 Batch,Government College of Engineering & Textile Technology,Offline,Male,Working Professional,5.0,4.0,4.0,5.0,5.0,5,Yes,"Loved the hands-on projects, they really built my confidence.",2026-07-01
STU-00319,DevOps,May 2025 Batch,Government College of Engineering & Textile Technology,Hybrid,Female,3rd Year,3.0,4.0,3.0,4.0,4.0,4,Yes,"Overall okay experience, a few sessions could have been better planned.",2025-05-01
STU-00937,Cybersecurity & Ethical Hacking,May 2025 Batch,Direct / Online (ASD),Online,Male,3rd Year,3.0,4.0,4.0,4.0,3.0,4,No,"It was fine, but I expected a bit more depth in the later modules.",2025-05-01
STU-01709,DevOps,Apr 2025 Batch,Techno India University,Offline,Male,3rd Year,4.0,3.0,4.0,4.0,2.0,3,No,Recorded session links took too long to be uploaded.,2025-04-01
STU-00994,Generative AI,Aug 2025 Batch,Techno India University,Online,Male,3rd Year,4.0,5.0,4.0,4.0,4.0,4,Yes,The projects assigned really helped me apply what was taught.,2025-08-01
STU-00582,AI in Food Technology,Feb 2025 Batch,St. Xavier's College Kolkata,Online,Male,3rd Year,4.0,5.0,4.0,4.0,5.0,4,Yes,"Well-paced sessions and very approachable trainer, learned a lot.",2025-02-01
STU-00133,Cloud Computing (AWS),Jul 2026 Batch,JIS College of Engineering,Online,Male,1st Year,4.0,5.0,5.0,5.0,5.0,5,Yes,The program content was up to date and industry relevant.,2026-07-01
STU-01714,AI in Biotechnology,Aug 2025 Batch,JIS College of Engineering,Online,Male,4th Year,3.0,2.0,2.0,2.0,2.0,2,No,Would like the syllabus to be updated more frequently. Doubt resolution took longer than expected outside class hours.,2025-08-01
STU-00829,DevOps,Aug 2026 Batch,Neotia University,Online,Male,3rd Year,4.0,3.0,4.0,3.0,4.0,3,Yes,"Content was okay, though a few topics felt rushed.",2026-08-01
STU-01597,App Development (Android),May 2025 Batch,St. Xavier's College Kolkata,Hybrid,Female,1st Year,4.0,4.0,2.0,4.0,3.0,4,Yes,Too much content packed into too few sessions.,2025-05-01
STU-00987,Agentic AI,Mar 2025 Batch,Neotia University,Offline,Female,Working Professional,3.0,4.0,3.0,4.0,3.0,3,No,Would appreciate a more engaging teaching style.,2025-03-01
STU-01939,App Development (Android),Jul 2026 Batch,Government College of Engineering & Textile Technology,Hybrid,Male,3rd Year,4.0,4.0,4.0,4.0,4.0,4,Yes,"Great balance of theory and practicals, exceeded my expectations.",2026-07-01
STU-00369,DevOps,Sep 2025 Batch,Direct / Online (ASD),Online,Male,4th Year,4.0,5.0,3.0,5.0,2.0,4,No,Recorded session links took too long to be uploaded.,2025-09-01
STU-00733,Cybersecurity & Ethical Hacking,May 2025 Batch,Techno India University,Online,Male,2nd Year,4.0,4.0,2.0,5.0,3.0,4,No,"Pace needs to slow down, especially for beginners in the batch.",2025-05-01
STU-01355,App Development (Android),Jul 2026 Batch,St. Xavier's College Kolkata,Online,Female,4th Year,3.0,4.0,4.0,4.0,3.0,3,Yes,Trainer seemed unprepared in a couple of sessions.,2026-07-01
STU-00126,AI in Biotechnology,Sep 2025 Batch,St. Xavier's College Kolkata,Online,Female,Graduate,4.0,4.0,4.0,5.0,4.0,4,Yes,The program content was up to date and industry relevant.,2025-09-01
STU-01603,Internet of Things (IoT),Feb 2026 Batch,Government College of Engineering & Textile Technology,Offline,Female,Graduate,3.0,4.0,3.0,4.0,1.0,3,Yes,Recorded session links took too long to be uploaded.,2026-02-01
STU-01551,Data Science,Jan 2025 Batch,Narasingh Choudhuri Autonomous College,Online,Female,4th Year,4.0,4.0,5.0,5.0,4.0,5,Yes,"Well-paced sessions and very approachable trainer, learned a lot.",2025-01-01
STU-00257,AI in Food Technology,Apr 2025 Batch,Government College of Engineering & Textile Technology,Online,Female,4th Year,4.0,4.0,4.0,4.0,4.0,4,Yes,The trainer's real-world examples made the sessions very useful.,2025-04-01
STU-01955,AI in Food Technology,May 2026 Batch,Techno India University,Hybrid,Female,1st Year,5.0,5.0,5.0,5.0,5.0,5,Yes,"Well-paced sessions and very approachable trainer, learned a lot.",2026-05-01
STU-01474,Advanced Excel & Power BI,Jul 2026 Batch,St. Xavier's College Kolkata,Hybrid,Female,4th Year,4.0,4.0,4.0,5.0,3.0,4,No,The online platform kept lagging during live sessions.,2026-07-01
STU-00290,AI in Biotechnology,Feb 2026 Batch,Maulana Azad College,Offline,Female,3rd Year,5.0,5.0,4.0,5.0,5.0,5,Yes,The projects assigned really helped me apply what was taught.,2026-02-01
STU-00778,Robotics & Embedded Systems,Apr 2026 Batch,St. Xavier's College Kolkata,Hybrid,Female,Graduate,5.0,4.0,3.0,4.0,3.0,4,No,Could use an extra week or two to cover everything properly.,2026-04-01
STU-00082,UI/UX Design,Aug 2026 Batch,Maulana Azad College,Online,Male,3rd Year,4.0,4.0,4.0,4.0,3.0,4,Yes,Session quality varied depending on the trainer.,2026-08-01
STU-00054,Cybersecurity & Ethical Hacking,Jul 2025 Batch,Government College of Engineering & Textile Technology,Online,Male,Graduate,4.0,4.0,3.0,5.0,4.0,4,Yes,"Pace needs to slow down, especially for beginners in the batch.",2025-07-01
STU-01406,Networking Fundamentals,Aug 2026 Batch,Techno India University,Offline,Male,3rd Year,4.0,4.0,4.0,5.0,3.0,4,No,Recorded session links took too long to be uploaded.,2026-08-01
STU-00558,Generative AI,May 2025 Batch,JIS College of Engineering,Online,Male,2nd Year,3.0,3.0,2.0,2.0,2.0,3,Yes,"Overall okay experience, a few sessions could have been better planned.",2025-05-01
STU-00041,Python Programming,Jul 2025 Batch,Maulana Azad College,Online,Female,4th Year,5.0,5.0,5.0,5.0,5.0,5,Yes,"Loved the hands-on projects, they really built my confidence.",2025-07-01
STU-01121,AI in Biotechnology,Jul 2026 Batch,Techno India University,Hybrid,Male,2nd Year,4.0,3.0,4.0,3.0,3.0,3,Yes,Wanted more advanced/real-world case studies in the curriculum.,2026-07-01
STU-00262,Networking Fundamentals,Mar 2025 Batch,Independent / Working Professional,Online,Female,3rd Year,3.0,3.0,2.0,3.0,3.0,3,Yes,Session quality varied depending on the trainer.,2025-03-01
STU-01872,Data Science,Sep 2025 Batch,JIS College of Engineering,Hybrid,Female,3rd Year,3.0,5.0,2.0,5.0,4.0,3,Yes,"Reasonably good, though I expected slightly more hands-on practice.",2025-09-01
STU-00956,Full Stack Development,Feb 2025 Batch,Techno India University,Online,Female,1st Year,4.0,3.0,3.0,3.0,3.0,3,Yes,Some topics felt outdated compared to current industry trends.,2025-02-01
STU-00084,Blockchain Basics,Apr 2025 Batch,Neotia University,Online,Male,Graduate,5.0,4.0,4.0,4.0,3.0,4,Yes,"Average experience, some sessions were better than others.",2025-04-01
STU-01645,Blockchain Basics,Sep 2025 Batch,Direct / Online (ASD),Hybrid,Female,Working Professional,4.0,4.0,3.0,3.0,4.0,4,Yes,"Content was okay, though a few topics felt rushed.",2025-09-01
STU-01206,Generative AI,Feb 2026 Batch,Government College of Engineering & Textile Technology,Hybrid,Female,Graduate,3.0,3.0,3.0,3.0,2.0,3,Yes,"Overall okay experience, a few sessions could have been better planned.",2026-02-01
STU-01544,Machine Learning,Apr 2026 Batch,Government College of Engineering & Textile Technology,Online,Male,4th Year,4.0,4.0,3.0,5.0,4.0,4,No,"The sessions moved too fast, hard to keep up with the pace.",2026-04-01
STU-00807,Java Development,Oct 2025 Batch,Government College of Engineering & Textile Technology,Online,Male,3rd Year,2.0,1.0,2.0,1.0,2.0,2,Yes,Felt a few modules were not very relevant to the job market.,2025-10-01
STU-00031,Cloud Computing (AWS),Feb 2025 Batch,Government College of Engineering & Textile Technology,Online,Male,Working Professional,5.0,4.0,4.0,5.0,3.0,4,No,Recorded session links took too long to be uploaded.,2025-02-01
STU-00514,Web Development,Aug 2025 Batch,Maulana Azad College,Offline,Female,Graduate,3.0,3.0,2.0,3.0,2.0,3,Yes,"Wish there was more time per topic, felt rushed throughout.",2025-08-01
STU-00977,Java Development,Jan 2025 Batch,Neotia University,Offline,Female,Graduate,3.0,4.0,4.0,4.0,2.0,3,No,"It was fine, but I expected a bit more depth in the later modules.",2025-01-01
STU-01289,Data Science,Mar 2025 Batch,Direct / Online (ASD),Online,Male,Graduate,1.0,2.0,2.0,2.0,1.0,2,No,"The trainer could explain concepts more clearly. Lab access was unreliable, lost a lot of time troubleshooting.",2025-03-01
STU-01741,Competitive Programming,Jun 2025 Batch,Techno India University,Offline,Female,Working Professional,4.0,4.0,3.0,3.0,3.0,4,No,Struggled to keep up as new topics were introduced too quickly.,2025-06-01
STU-01003,Full Stack Development,Feb 2026 Batch,Government College of Engineering & Textile Technology,Online,Male,4th Year,3.0,4.0,2.0,4.0,3.0,3,No,Session quality varied depending on the trainer.,2026-02-01
STU-01260,Weather Forecasting ML Project,Jul 2026 Batch,Neotia University,Online,Male,2nd Year,3.0,3.0,3.0,3.0,3.0,3,No,"It was fine, but I expected a bit more depth in the later modules.",2026-07-01
STU-01297,Blockchain Basics,Oct 2025 Batch,Techno India University,Offline,Prefer not to say,3rd Year,4.0,5.0,3.0,5.0,4.0,4,Yes,"Decent program, could use a bit more structure in scheduling.",2025-10-01
STU-01583,Generative AI,May 2025 Batch,JIS College of Engineering,Online,Prefer not to say,3rd Year,5.0,5.0,4.0,5.0,5.0,5,Yes,"Really enjoyed the sessions, the trainer kept things engaging.",2025-05-01
STU-01923,Internet of Things (IoT),May 2025 Batch,Government College of Engineering & Textile Technology,Online,Male,Graduate,5.0,4.0,5.0,5.0,4.0,5,Yes,The trainer's real-world examples made the sessions very useful.,2025-05-01
STU-00839,Blockchain Basics,Nov 2025 Batch,St. Xavier's College Kolkata,Hybrid,Female,Graduate,5.0,3.0,5.0,3.0,5.0,4,No,Curriculum could include more project-based learning.,2025-11-01
STU-01823,Digital Marketing,Jan 2026 Batch,Narasingh Choudhuri Autonomous College,Hybrid,Female,3rd Year,4.0,3.0,3.0,4.0,3.0,4,Yes,"It was fine, but I expected a bit more depth in the later modules.",2026-01-01
STU-01862,App Development (Android),Oct 2025 Batch,Government College of Engineering & Textile Technology,Online,Male,2nd Year,4.0,5.0,4.0,4.0,5.0,5,No,The trainer's real-world examples made the sessions very useful.,2025-10-01
STU-00049,DevOps,Aug 2025 Batch,St. Xavier's College Kolkata,Online,Male,Graduate,5.0,5.0,4.0,5.0,5.0,5,Yes,"Clear explanations, useful resources, and prompt doubt-clearing sessions.",2025-08-01
STU-01183,Full Stack Development,Jun 2025 Batch,Neotia University,Online,Male,3rd Year,3.0,3.0,3.0,3.0,3.0,3,No,"Decent program, could use a bit more structure in scheduling.",2025-06-01
STU-01844,DevOps,Sep 2025 Batch,St. Xavier's College Kolkata,Offline,Male,Working Professional,3.0,3.0,4.0,3.0,3.0,3,Yes,,2025-09-01
STU-00468,Machine Learning,Jun 2025 Batch,Techno India University,Online,Female,2nd Year,2.0,3.0,2.0,3.0,3.0,2,Yes,Trainer seemed unprepared in a couple of sessions.,2025-06-01
STU-00154,DevOps,Feb 2026 Batch,Narasingh Choudhuri Autonomous College,Online,Male,Working Professional,5.0,4.0,4.0,4.0,4.0,4,Yes,"Great balance of theory and practicals, exceeded my expectations.",2026-02-01
STU-01560,AI in Food Technology,Feb 2026 Batch,Techno India University,Online,Female,4th Year,4.0,5.0,5.0,5.0,5.0,5,Yes,"Great balance of theory and practicals, exceeded my expectations.",2026-02-01
STU-01863,Full Stack Development,Apr 2025 Batch,Techno India University,Online,Female,4th Year,4.0,3.0,4.0,5.0,5.0,4,Yes,Session quality varied depending on the trainer.,2025-04-01
STU-00395,Data Science,Jun 2025 Batch,Government College of Engineering & Textile Technology,Offline,Male,Graduate,2.0,2.0,1.0,2.0,1.0,2,No,Too much content packed into too few sessions. The trainer could explain concepts more clearly.,2025-06-01
STU-00124,Data Science,Apr 2025 Batch,Techno India University,Offline,Male,3rd Year,3.0,3.0,5.0,4.0,3.0,3,Yes,"The program was decent overall, nothing major to complain about.",2025-04-01
STU-00356,AI in Food Technology,Sep 2025 Batch,Neotia University,Online,Male,3rd Year,3.0,3.0,2.0,3.0,3.0,3,No,Struggled to keep up as new topics were introduced too quickly.,2025-09-01
STU-00135,Generative AI,Aug 2025 Batch,St. Xavier's College Kolkata,Online,Male,3rd Year,5.0,4.0,4.0,5.0,4.0,4,Yes,The portal for assignments was confusing and slow to load.,2025-08-01
STU-00269,AI in Biotechnology,Oct 2025 Batch,JIS College of Engineering,Online,Female,2nd Year,5.0,5.0,4.0,5.0,5.0,5,Yes,Trainer was knowledgeable and made even tough topics easy to grasp.,2025-10-01
STU-00386,Cybersecurity & Ethical Hacking,Nov 2025 Batch,JIS College of Engineering,Online,Male,Graduate,4.0,4.0,4.0,5.0,4.0,4,No,The trainer explained concepts clearly and was always ready to help.,2025-11-01
STU-00610,Internet of Things (IoT),Feb 2025 Batch,Neotia University,Online,Male,Working Professional,5.0,4.0,5.0,5.0,5.0,5,Yes,"Clear explanations, useful resources, and prompt doubt-clearing sessions.",2025-02-01
STU-00221,App Development (Android),Sep 2025 Batch,Maulana Azad College,Online,Female,3rd Year,5.0,4.0,5.0,4.0,4.0,5,Yes,"Excellent program overall, would definitely recommend to my juniors.",2025-09-01
STU-00042,Competitive Programming,Jan 2025 Batch,Heritage Institute of Technology,Hybrid,Male,2nd Year,4.0,4.0,4.0,4.0,3.0,4,Yes,,2025-01-01
STU-00220,DevOps,May 2025 Batch,St. Xavier's College Kolkata,Online,Female,3rd Year,5.0,5.0,4.0,5.0,5.0,5,Yes,The projects assigned really helped me apply what was taught.,2025-05-01
STU-00598,AI in Food Technology,Jun 2025 Batch,St. Xavier's College Kolkata,Online,Male,1st Year,3.0,3.0,3.0,4.0,3.0,3,Yes,"It was fine, but I expected a bit more depth in the later modules.",2025-06-01
STU-01250,DevOps,May 2025 Batch,Government College of Engineering & Textile Technology,Online,Male,Graduate,4.0,4.0,4.0,3.0,4.0,4,Yes,Mentors were hard to reach outside scheduled session hours.,2025-05-01
STU-01239,Competitive Programming,Jul 2026 Batch,Government College of Engineering & Textile Technology,Offline,Male,3rd Year,2.0,2.0,2.0,2.0,2.0,3,No,"Average experience, some sessions were better than others.",2026-07-01
STU-00681,Internet of Things (IoT),Oct 2025 Batch,Direct / Online (ASD),Hybrid,Male,2nd Year,5.0,5.0,5.0,5.0,5.0,5,No,The projects assigned really helped me apply what was taught.,2025-10-01
STU-01074,Cybersecurity & Ethical Hacking,Jun 2026 Batch,Government College of Engineering & Textile Technology,Offline,Female,Graduate,4.0,3.0,4.0,4.0,4.0,4,No,"The program was decent overall, nothing major to complain about.",2026-06-01
STU-01896,Data Science,Apr 2025 Batch,Techno India University,Offline,Female,2nd Year,5.0,5.0,5.0,4.0,5.0,5,Yes,"Well-paced sessions and very approachable trainer, learned a lot.",2025-04-01
STU-00841,Cybersecurity & Ethical Hacking,Jul 2026 Batch,Techno India University,Offline,Female,3rd Year,4.0,3.0,3.0,4.0,2.0,3,Yes,"Decent program, could use a bit more structure in scheduling.",2026-07-01
STU-00542,Competitive Programming,Oct 2025 Batch,Techno India University,Offline,Female,3rd Year,3.0,3.0,3.0,4.0,2.0,3,No,"Content was okay, though a few topics felt rushed.",2025-10-01
STU-01042,Cybersecurity & Ethical Hacking,Feb 2026 Batch,Techno India University,Online,Male,3rd Year,4.0,4.0,3.0,4.0,3.0,3,Yes,"Content was okay, though a few topics felt rushed.",2026-02-01
STU-01479,Networking Fundamentals,Aug 2026 Batch,Narasingh Choudhuri Autonomous College,Online,Male,1st Year,5.0,5.0,5.0,5.0,5.0,5,Yes,"Really enjoyed the sessions, the trainer kept things engaging.",2026-08-01
STU-01359,Cybersecurity & Ethical Hacking,Feb 2026 Batch,St. Xavier's College Kolkata,Online,Male,3rd Year,2.0,2.0,2.0,4.0,2.0,2,Yes,Trainer seemed unprepared in a couple of sessions.,2026-02-01
STU-01870,Networking Fundamentals,Jun 2025 Batch,Government College of Engineering & Textile Technology,Online,Female,2nd Year,4.0,4.0,3.0,2.0,3.0,4,Yes,Doubt resolution took longer than expected outside class hours.,2025-06-01
STU-01199,UI/UX Design,Feb 2025 Batch,Techno India University,Hybrid,Male,3rd Year,5.0,5.0,5.0,5.0,5.0,5,Yes,"Loved the hands-on projects, they really built my confidence.",2025-02-01
STU-01317,Python Programming,Apr 2025 Batch,Techno India University,Online,Female,4th Year,4.0,4.0,4.0,5.0,4.0,5,No,One of the best training experiences I have had so far.,2025-04-01
STU-01284,AI in Food Technology,May 2025 Batch,Government College of Engineering & Textile Technology,Offline,Female,3rd Year,5.0,5.0,5.0,5.0,5.0,5,Yes,One of the best training experiences I have had so far.,2025-05-01
STU-00979,Data Science,Jun 2025 Batch,Maulana Azad College,Offline,Male,Working Professional,4.0,4.0,5.0,5.0,4.0,4,No,The program content was up to date and industry relevant.,2025-06-01
STU-01083,AI in Food Technology,Jul 2026 Batch,Government College of Engineering & Textile Technology,Online,Female,2nd Year,4.0,4.0,3.0,4.0,2.0,4,Yes,Had connectivity issues on the platform almost every week.,2026-07-01
STU-01569,Database Management (SQL),Mar 2025 Batch,Techno India University,Online,Male,3rd Year,4.0,4.0,5.0,4.0,4.0,4,Yes,Practical assignments made the concepts much easier to understand.,2025-03-01
STU-01971,Data Science,Oct 2025 Batch,Government College of Engineering & Textile Technology,Online,Male,2nd Year,3.0,3.0,3.0,3.0,3.0,3,No,"Overall okay experience, a few sessions could have been better planned.",2025-10-01
STU-01776,Agentic AI,Mar 2026 Batch,Techno India University,Online,Prefer not to say,4th Year,3.0,2.0,3.0,3.0,3.0,3,Yes,"It was fine, but I expected a bit more depth in the later modules.",2026-03-01
STU-01222,AI in Food Technology,Nov 2025 Batch,Independent / Working Professional,Online,Female,3rd Year,5.0,5.0,5.0,5.0,4.0,5,Yes,"Excellent program overall, would definitely recommend to my juniors.",2025-11-01
STU-01811,Python Programming,May 2025 Batch,Government College of Engineering & Textile Technology,Hybrid,Male,Graduate,5.0,4.0,4.0,5.0,4.0,4,Yes,"Very satisfied, the mentors were patient and encouraging throughout.",2025-05-01
STU-01975,Machine Learning,Sep 2025 Batch,Narasingh Choudhuri Autonomous College,Online,Prefer not to say,3rd Year,3.0,3.0,3.0,2.0,2.0,3,Yes,"Content was okay, though a few topics felt rushed.",2025-09-01
STU-01873,Web Development,Sep 2025 Batch,Independent / Working Professional,Offline,Female,2nd Year,4.0,4.0,4.0,5.0,4.0,5,Yes,"Great mentorship throughout the program, felt supported at every step.",2025-09-01
STU-01404,Web Development,Oct 2025 Batch,Heritage Institute of Technology,Online,Female,Working Professional,4.0,3.0,4.0,5.0,4.0,4,Yes,No comments.,2025-10-01
STU-00337,Machine Learning,Aug 2026 Batch,Government College of Engineering & Textile Technology,Hybrid,Female,3rd Year,4.0,4.0,3.0,3.0,4.0,4,Yes,Struggled to keep up as new topics were introduced too quickly.,2026-08-01
STU-00233,Python Programming,Oct 2025 Batch,Techno India University,Online,Female,1st Year,2.0,3.0,2.0,3.0,2.0,3,No,Would appreciate a more engaging teaching style.,2025-10-01
STU-01824,Full Stack Development,Mar 2025 Batch,Government College of Engineering & Textile Technology,Offline,Male,2nd Year,4.0,5.0,3.0,5.0,5.0,4,No,"The program was decent overall, nothing major to complain about.",2025-03-01
STU-01414,Cybersecurity & Ethical Hacking,Feb 2026 Batch,St. Xavier's College Kolkata,Hybrid,Female,1st Year,3.0,3.0,3.0,3.0,3.0,3,Yes,"The program was decent overall, nothing major to complain about.",2026-02-01
STU-00159,Python Programming,Aug 2025 Batch,Government College of Engineering & Textile Technology,Offline,Male,2nd Year,5.0,3.0,4.0,4.0,3.0,4,Yes,Felt a few modules were not very relevant to the job market.,2025-08-01
STU-00469,Advanced Excel & Power BI,Feb 2025 Batch,Government College of Engineering & Textile Technology,Hybrid,Male,3rd Year,4.0,5.0,4.0,4.0,3.0,4,No,The portal for assignments was confusing and slow to load.,2025-02-01
STU-01779,AI in Food Technology,Sep 2025 Batch,Government College of Engineering & Textile Technology,Online,Female,2nd Year,4.0,4.0,4.0,5.0,4.0,5,Yes,"Clear explanations, useful resources, and prompt doubt-clearing sessions.",2025-09-01
STU-01988,Agentic AI,Jul 2026 Batch,Government College of Engineering & Textile Technology,Online,Prefer not to say,Graduate,4.0,4.0,4.0,5.0,5.0,4,Yes,The trainer's real-world examples made the sessions very useful.,2026-07-01
STU-01026,AI in Biotechnology,Feb 2026 Batch,St. Xavier's College Kolkata,Offline,Female,2nd Year,3.0,3.0,3.0,3.0,3.0,3,Yes,Trainer seemed unprepared in a couple of sessions.,2026-02-01
STU-01099,Agentic AI,Nov 2025 Batch,Government College of Engineering & Textile Technology,Offline,Female,4th Year,4.0,2.0,2.0,3.0,3.0,3,Yes,Nothing to add.,2025-11-01
STU-01118,Generative AI,Apr 2025 Batch,Independent / Working Professional,Online,Male,3rd Year,5.0,5.0,4.0,5.0,5.0,5,Yes,The projects assigned really helped me apply what was taught.,2025-04-01
STU-00586,Networking Fundamentals,Jun 2025 Batch,Narasingh Choudhuri Autonomous College,Online,Male,3rd Year,3.0,3.0,2.0,3.0,3.0,3,No,Struggled to keep up as new topics were introduced too quickly.,2025-06-01
STU-00206,Competitive Programming,Jul 2026 Batch,Government College of Engineering & Textile Technology,Online,Male,3rd Year,4.0,4.0,3.0,4.0,3.0,4,Yes,Could use an extra week or two to cover everything properly.,2026-07-01
STU-00004,Weather Forecasting ML Project,Jun 2025 Batch,Government College of Engineering & Textile Technology,Hybrid,Female,3rd Year,3.0,3.0,3.0,4.0,4.0,4,No,Trainer seemed unprepared in a couple of sessions.,2025-06-01
STU-00870,Robotics & Embedded Systems,Jul 2026 Batch,Neotia University,Online,Male,Graduate,5.0,3.0,3.0,3.0,5.0,4,No,"Average experience, some sessions were better than others.",2026-07-01
STU-00896,Cybersecurity & Ethical Hacking,Jul 2026 Batch,Heritage Institute of Technology,Online,Male,4th Year,4.0,3.0,3.0,3.0,4.0,4,Yes,Felt a few modules were not very relevant to the job market.,2026-07-01
STU-01122,Blockchain Basics,May 2026 Batch,Government College of Engineering & Textile Technology,Online,Female,4th Year,5.0,4.0,4.0,5.0,5.0,4,Yes,"Great balance of theory and practicals, exceeded my expectations.",2026-05-01
STU-01834,DevOps,Feb 2025 Batch,Narasingh Choudhuri Autonomous College,Offline,Female,Working Professional,4.0,3.0,2.0,4.0,4.0,3,No,"Reasonably good, though I expected slightly more hands-on practice.",2025-02-01
STU-01456,Cybersecurity & Ethical Hacking,Sep 2025 Batch,Neotia University,Online,Female,Working Professional,3.0,3.0,2.0,4.0,4.0,3,No,Could use an extra week or two to cover everything properly.,2025-09-01
STU-01051,Internet of Things (IoT),Jul 2026 Batch,St. Xavier's College Kolkata,Online,Male,3rd Year,5.0,4.0,4.0,5.0,4.0,5,Yes,Practical assignments made the concepts much easier to understand.,2026-07-01
STU-00694,Weather Forecasting ML Project,Sep 2025 Batch,Government College of Engineering & Textile Technology,Offline,Female,3rd Year,5.0,5.0,5.0,4.0,5.0,5,Yes,The projects assigned really helped me apply what was taught.,2025-09-01
STU-01708,Digital Marketing,Sep 2025 Batch,Techno India University,Online,Male,4th Year,4.0,4.0,4.0,4.0,4.0,4,No,"Great mentorship throughout the program, felt supported at every step.",2025-09-01
STU-01644,AI in Food Technology,Jan 2026 Batch,Direct / Online (ASD),Offline,Prefer not to say,4th Year,5.0,5.0,4.0,5.0,3.0,5,Yes,Recorded session links took too long to be uploaded.,2026-01-01
STU-00715,AI in Food Technology,Mar 2026 Batch,Techno India University,Online,Female,1st Year,3.0,4.0,3.0,4.0,4.0,3,Yes,"Sessions felt monotonous, needed more interactive teaching.",2026-03-01
STU-01803,Blockchain Basics,Oct 2025 Batch,Neotia University,Online,Female,3rd Year,5.0,4.0,3.0,4.0,4.0,4,Yes,"Pace needs to slow down, especially for beginners in the batch.",2025-10-01
STU-01127,AI in Food Technology,Feb 2026 Batch,Government College of Engineering & Textile Technology,Online,Male,Graduate,4.0,4.0,4.0,4.0,4.0,4,Yes,"Well-paced sessions and very approachable trainer, learned a lot.",2026-02-01
STU-01987,Networking Fundamentals,Aug 2025 Batch,Techno India University,Hybrid,Female,3rd Year,2.0,2.0,1.0,3.0,2.0,2,No,Struggled to keep up as new topics were introduced too quickly.,2025-08-01
STU-01732,Competitive Programming,Sep 2025 Batch,Government College of Engineering & Textile Technology,Hybrid,Female,1st Year,4.0,4.0,3.0,5.0,3.0,4,No,"Pace needs to slow down, especially for beginners in the batch.",2025-09-01
STU-01052,Generative AI,Jan 2025 Batch,Heritage Institute of Technology,Hybrid,Male,3rd Year,4.0,4.0,5.0,5.0,5.0,5,Yes,"Loved the hands-on projects, they really built my confidence.",2025-01-01
STU-01105,Digital Marketing,Feb 2025 Batch,JIS College of Engineering,Hybrid,Female,2nd Year,4.0,3.0,3.0,4.0,4.0,3,Yes,"Decent program, could use a bit more structure in scheduling.",2025-02-01
STU-01195,Python Programming,Feb 2026 Batch,JIS College of Engineering,Offline,Female,Working Professional,5.0,5.0,4.0,5.0,4.0,5,Yes,The projects assigned really helped me apply what was taught.,2026-02-01
STU-01780,AI in Biotechnology,Mar 2026 Batch,Heritage Institute of Technology,Online,Male,Graduate,3.0,4.0,3.0,3.0,2.0,3,Yes,"It was fine, but I expected a bit more depth in the later modules.",2026-03-01
STU-00158,Java FDP (Faculty Development),Mar 2026 Batch,Government College of Engineering & Textile Technology,Offline,Male,4th Year,4.0,3.0,3.0,3.0,2.0,3,No,"Average experience, some sessions were better than others.",2026-03-01
STU-01048,Weather Forecasting ML Project,Aug 2026 Batch,JIS College of Engineering,Offline,Female,Graduate,3.0,3.0,3.0,4.0,2.0,3,Yes,The online platform kept lagging during live sessions.,2026-08-01
STU-00524,Web Development,Jul 2026 Batch,St. Xavier's College Kolkata,Offline,Female,3rd Year,4.0,5.0,5.0,5.0,5.0,5,Yes,The trainer explained concepts clearly and was always ready to help.,2026-07-01
STU-00463,Machine Learning,Oct 2025 Batch,JIS College of Engineering,Hybrid,Male,3rd Year,4.0,4.0,3.0,4.0,5.0,4,Yes,"Average experience, some sessions were better than others.",2025-10-01
STU-00653,AI in Food Technology,Feb 2026 Batch,Neotia University,Online,Male,Working Professional,4.0,5.0,4.0,5.0,4.0,5,Yes,"Well-paced sessions and very approachable trainer, learned a lot.",2026-02-01
STU-00161,Machine Learning,Feb 2025 Batch,Neotia University,Hybrid,Male,1st Year,3.0,4.0,2.0,4.0,4.0,4,Yes,"Wish there was more time per topic, felt rushed throughout.",2025-02-01
STU-00306,Agentic AI,Jul 2026 Batch,Government College of Engineering & Textile Technology,Online,Female,4th Year,4.0,4.0,4.0,4.0,5.0,4,Yes,"Enjoyed every module, especially the live project work.",2026-07-01
STU-00657,Full Stack Development,Mar 2026 Batch,Neotia University,Online,Prefer not to say,4th Year,3.0,2.0,3.0,4.0,3.0,3,No,"Overall okay experience, a few sessions could have been better planned.",2026-03-01
STU-00548,Networking Fundamentals,Jun 2025 Batch,Maulana Azad College,Hybrid,Male,Working Professional,4.0,3.0,3.0,3.0,1.0,3,Yes,Recorded session links took too long to be uploaded.,2025-06-01
STU-00714,UI/UX Design,Apr 2025 Batch,Government College of Engineering & Textile Technology,Online,Male,3rd Year,5.0,5.0,3.0,4.0,4.0,4,Yes,Too much content packed into too few sessions.,2025-04-01
STU-00396,DevOps,Jun 2026 Batch,Techno India University,Online,Male,Graduate,4.0,4.0,4.0,5.0,4.0,5,Yes,,2026-06-01
STU-00784,Cloud Computing (AWS),Jul 2026 Batch,St. Xavier's College Kolkata,Online,Male,4th Year,3.0,3.0,3.0,2.0,2.0,2,No,Mentors were hard to reach outside scheduled session hours.,2026-07-01
STU-00400,Advanced Excel & Power BI,Nov 2025 Batch,Techno India University,Offline,Female,3rd Year,4.0,4.0,4.0,4.0,3.0,4,No,"Average experience, some sessions were better than others.",2025-11-01
STU-00799,Generative AI,Feb 2025 Batch,JIS College of Engineering,Online,Male,2nd Year,5.0,5.0,5.0,5.0,5.0,5,Yes,One of the best training experiences I have had so far.,2025-02-01
STU-00619,Machine Learning,Feb 2026 Batch,St. Xavier's College Kolkata,Hybrid,Male,1st Year,5.0,5.0,5.0,5.0,4.0,5,Yes,The support team responded quickly whenever I had doubts.,2026-02-01
STU-01534,Networking Fundamentals,Oct 2025 Batch,Techno India University,Offline,Female,2nd Year,5.0,5.0,4.0,5.0,4.0,5,Yes,"Enjoyed every module, especially the live project work.",2025-10-01
STU-00509,AI in Biotechnology,Sep 2025 Batch,Government College of Engineering & Textile Technology,Hybrid,Male,3rd Year,4.0,4.0,4.0,4.0,5.0,4,Yes,The support team responded quickly whenever I had doubts.,2025-09-01
STU-01771,Blockchain Basics,Sep 2025 Batch,St. Xavier's College Kolkata,Hybrid,Male,Working Professional,3.0,3.0,3.0,4.0,3.0,3,No,"Sessions felt monotonous, needed more interactive teaching.",2025-09-01
STU-00737,Web Development,Apr 2025 Batch,Techno India University,Online,Female,3rd Year,4.0,4.0,3.0,3.0,4.0,4,Yes,"The sessions moved too fast, hard to keep up with the pace.",2025-04-01
STU-01962,Data Science,Feb 2026 Batch,Narasingh Choudhuri Autonomous College,Online,Female,1st Year,4.0,4.0,5.0,5.0,5.0,4,No,The curriculum was well structured and relevant to current industry needs.,2026-02-01
STU-01666,Web Development,Mar 2026 Batch,Government College of Engineering & Textile Technology,Online,Male,2nd Year,4.0,4.0,4.0,5.0,5.0,4,Yes,One of the best training experiences I have had so far.,2026-03-01
STU-01719,Java Development,Jun 2025 Batch,Government College of Engineering & Textile Technology,Offline,Female,2nd Year,4.0,4.0,4.0,5.0,4.0,4,No,The support team responded quickly whenever I had doubts.,2025-06-01
STU-00868,Web Development,Jul 2025 Batch,St. Xavier's College Kolkata,Online,Male,1st Year,3.0,4.0,2.0,3.0,3.0,3,No,"The sessions moved too fast, hard to keep up with the pace.",2025-07-01
STU-00460,Machine Learning,Aug 2025 Batch,Government College of Engineering & Textile Technology,Online,Female,4th Year,4.0,4.0,4.0,4.0,4.0,4,Yes,The program content was up to date and industry relevant.,2025-08-01
STU-00934,Weather Forecasting ML Project,Mar 2025 Batch,Techno India University,Online,Prefer not to say,3rd Year,4.0,3.0,4.0,5.0,4.0,4,Yes,Some topics felt outdated compared to current industry trends.,2025-03-01
STU-00063,Weather Forecasting ML Project,Jun 2026 Batch,Techno India University,Online,Female,4th Year,4.0,5.0,4.0,3.0,4.0,3,Yes,Doubt resolution took longer than expected outside class hours.,2026-06-01
STU-01820,Networking Fundamentals,Apr 2025 Batch,Government College of Engineering & Textile Technology,Hybrid,Prefer not to say,Working Professional,4.0,3.0,2.0,4.0,3.0,3,Yes,Could use an extra week or two to cover everything properly.,2025-04-01
STU-00872,App Development (Android),Apr 2025 Batch,JIS College of Engineering,Offline,Male,Graduate,4.0,5.0,5.0,5.0,5.0,5,Yes,One of the best training experiences I have had so far.,2025-04-01
STU-00955,Cloud Computing (AWS),Apr 2025 Batch,Techno India University,Online,Female,3rd Year,4.0,4.0,4.0,5.0,5.0,4,Yes,"Very satisfied, the mentors were patient and encouraging throughout.",2025-04-01
STU-01575,Advanced Excel & Power BI,Jul 2025 Batch,JIS College of Engineering,Online,Male,4th Year,4.0,4.0,3.0,4.0,4.0,4,Yes,"Wish there was more time per topic, felt rushed throughout.",2025-07-01
STU-00458,AI in Food Technology,Feb 2026 Batch,Independent / Working Professional,Online,Female,1st Year,3.0,5.0,4.0,3.0,3.0,4,No,"It was fine, but I expected a bit more depth in the later modules.",2026-02-01
STU-00936,Competitive Programming,Oct 2025 Batch,Neotia University,Online,Male,4th Year,5.0,5.0,4.0,5.0,5.0,5,Yes,"Great mentorship throughout the program, felt supported at every step.",2025-10-01
STU-00479,Robotics & Embedded Systems,Nov 2025 Batch,St. Xavier's College Kolkata,Offline,Female,Working Professional,2.0,2.0,4.0,3.0,2.0,2,No,Explanations were sometimes too fast to follow properly.,2025-11-01
STU-01124,Networking Fundamentals,Apr 2026 Batch,St. Xavier's College Kolkata,Hybrid,Prefer not to say,4th Year,3.0,3.0,3.0,3.0,3.0,3,Yes,Would appreciate a more engaging teaching style.,2026-04-01
STU-01478,Competitive Programming,May 2025 Batch,Techno India University,Online,Female,1st Year,5.0,4.0,4.0,4.0,4.0,4,Yes,The program content was up to date and industry relevant.,2025-05-01
STU-00871,Full Stack Development,May 2026 Batch,Techno India University,Online,Female,3rd Year,5.0,4.0,4.0,4.0,3.0,4,Yes,"Lab access was unreliable, lost a lot of time troubleshooting.",2026-05-01
STU-00791,Competitive Programming,Nov 2025 Batch,JIS College of Engineering,Hybrid,Female,1st Year,4.0,5.0,4.0,4.0,3.0,4,Yes,"The program was decent overall, nothing major to complain about.",2025-11-01
STU-00618,AI in Biotechnology,Aug 2026 Batch,St. Xavier's College Kolkata,Online,Male,1st Year,2.0,3.0,3.0,2.0,1.0,2,Yes,The online platform kept lagging during live sessions.,2026-08-01
STU-01847,Full Stack Development,Mar 2026 Batch,Maulana Azad College,Online,Male,4th Year,5.0,4.0,5.0,4.0,5.0,5,Yes,The trainer explained concepts clearly and was always ready to help.,2026-03-01
STU-01628,Blockchain Basics,May 2025 Batch,Independent / Working Professional,Online,Male,4th Year,4.0,3.0,4.0,4.0,2.0,3,Yes,"Lab access was unreliable, lost a lot of time troubleshooting.",2025-05-01
STU-01412,AI in Biotechnology,Nov 2025 Batch,Narasingh Choudhuri Autonomous College,Online,Female,Graduate,3.0,3.0,2.0,3.0,3.0,3,No,"Content was okay, though a few topics felt rushed.",2025-11-01
STU-01139,Internet of Things (IoT),Aug 2025 Batch,Government College of Engineering & Textile Technology,Online,Female,Graduate,4.0,4.0,3.0,4.0,5.0,4,Yes,"Wish there was more time per topic, felt rushed throughout.",2025-08-01
STU-01616,Networking Fundamentals,Jun 2025 Batch,Government College of Engineering & Textile Technology,Offline,Male,3rd Year,4.0,3.0,4.0,5.0,3.0,4,Yes,"Content was okay, though a few topics felt rushed.",2025-06-01
STU-00348,Agentic AI,May 2025 Batch,St. Xavier's College Kolkata,Online,Male,2nd Year,5.0,5.0,4.0,4.0,3.0,4,Yes,"Content was okay, though a few topics felt rushed.",2025-05-01
STU-01489,AI in Food Technology,Dec 2025 Batch,Government College of Engineering & Textile Technology,Online,Male,Graduate,3.0,4.0,3.0,3.0,3.0,3,No,"Reasonably good, though I expected slightly more hands-on practice.",2025-12-01
STU-01982,Advanced Excel & Power BI,Dec 2025 Batch,Maulana Azad College,Hybrid,Female,4th Year,4.0,5.0,3.0,5.0,4.0,3,No,"Wish there was more time per topic, felt rushed throughout.",2025-12-01
STU-01910,Competitive Programming,May 2026 Batch,Government College of Engineering & Textile Technology,Hybrid,Male,3rd Year,5.0,4.0,5.0,4.0,4.0,5,Yes,"Clear explanations, useful resources, and prompt doubt-clearing sessions.",2026-05-01
STU-00761,Python Programming,Feb 2026 Batch,JIS College of Engineering,Hybrid,Male,2nd Year,5.0,4.0,5.0,5.0,5.0,5,Yes,The projects assigned really helped me apply what was taught.,2026-02-01
STU-00447,Data Science,Jan 2026 Batch,Independent / Working Professional,Online,Female,Working Professional,3.0,3.0,2.0,2.0,4.0,2,No,The portal for assignments was confusing and slow to load.,2026-01-01
STU-00651,Generative AI,Apr 2025 Batch,Neotia University,Offline,Female,2nd Year,1.0,2.0,1.0,1.0,3.0,1,No,Trainer seemed unprepared in a couple of sessions.,2025-04-01
STU-01230,Cybersecurity & Ethical Hacking,Jul 2026 Batch,Narasingh Choudhuri Autonomous College,Hybrid,Prefer not to say,Working Professional,4.0,3.0,3.0,3.0,3.0,3,No,Curriculum could include more project-based learning.,2026-07-01
STU-01877,Robotics & Embedded Systems,Aug 2026 Batch,St. Xavier's College Kolkata,Online,Male,Graduate,5.0,5.0,5.0,5.0,4.0,5,Yes,"Enjoyed every module, especially the live project work.",2026-08-01
STU-00380,App Development (Android),May 2025 Batch,Government College of Engineering & Textile Technology,Offline,Male,Graduate,4.0,4.0,4.0,4.0,3.0,4,Yes,The online platform kept lagging during live sessions.,2025-05-01
STU-00565,Full Stack Development,Apr 2025 Batch,JIS College of Engineering,Online,Male,4th Year,3.0,4.0,4.0,3.0,3.0,3,Yes,Would appreciate a more engaging teaching style.,2025-04-01
STU-01354,Web Development,Oct 2025 Batch,Direct / Online (ASD),Online,Male,Graduate,4.0,3.0,4.0,5.0,5.0,4,Yes,"Reasonably good, though I expected slightly more hands-on practice.",2025-10-01
STU-01731,Networking Fundamentals,Mar 2025 Batch,Neotia University,Online,Prefer not to say,4th Year,3.0,3.0,2.0,4.0,3.0,3,No,,2025-03-01
STU-01276,AI in Food Technology,Oct 2025 Batch,Government College of Engineering & Textile Technology,Online,Female,3rd Year,3.0,4.0,3.0,5.0,3.0,4,Yes,Trainer seemed unprepared in a couple of sessions.,2025-10-01
STU-01909,Data Science,Jun 2025 Batch,Techno India University,Hybrid,Male,2nd Year,2.0,2.0,1.0,3.0,2.0,2,No,"Wish there was more time per topic, felt rushed throughout. Trainer seemed unprepared in a couple of sessions.",2025-06-01
STU-00949,Agentic AI,Jul 2026 Batch,Techno India University,Offline,Male,3rd Year,5.0,5.0,4.0,5.0,5.0,5,Yes,The curriculum was well structured and relevant to current industry needs.,2026-07-01
STU-00921,Java Development,Jun 2026 Batch,Maulana Azad College,Online,Male,3rd Year,4.0,4.0,3.0,5.0,4.0,4,Yes,"It was fine, but I expected a bit more depth in the later modules.",2026-06-01
STU-00232,Cybersecurity & Ethical Hacking,Apr 2025 Batch,St. Xavier's College Kolkata,Offline,Female,Graduate,5.0,5.0,5.0,5.0,4.0,5,Yes,"Loved the hands-on projects, they really built my confidence.",2025-04-01
STU-01319,Web Development,Mar 2025 Batch,Narasingh Choudhuri Autonomous College,Offline,Female,4th Year,4.0,4.0,4.0,5.0,4.0,4,No,Trainer was knowledgeable and made even tough topics easy to grasp.,2025-03-01
STU-00383,Cybersecurity & Ethical Hacking,Feb 2026 Batch,Government College of Engineering & Textile Technology,Online,Female,Working Professional,5.0,5.0,4.0,4.0,4.0,5,Yes,"Very satisfied, the mentors were patient and encouraging throughout.",2026-02-01
STU-01170,Cybersecurity & Ethical Hacking,Apr 2025 Batch,Techno India University,Online,Male,3rd Year,2.0,3.0,3.0,3.0,3.0,2,Yes,Would appreciate a more engaging teaching style.,2025-04-01
STU-01207,Weather Forecasting ML Project,Oct 2025 Batch,Maulana Azad College,Offline,Female,4th Year,5.0,5.0,5.0,5.0,5.0,5,Yes,"Great balance of theory and practicals, exceeded my expectations.",2025-10-01
STU-00073,Competitive Programming,Jul 2026 Batch,Government College of Engineering & Textile Technology,Online,Male,Graduate,2.0,1.0,2.0,2.0,3.0,2,No,Some topics felt outdated compared to current industry trends. Had connectivity issues on the platform almost every week.,2026-07-01
STU-00071,AI in Food Technology,Nov 2025 Batch,Narasingh Choudhuri Autonomous College,Offline,Female,Graduate,5.0,4.0,4.0,5.0,5.0,4,Yes,Nothing to add.,2025-11-01
STU-01345,Cybersecurity & Ethical Hacking,Oct 2025 Batch,Maulana Azad College,Online,Male,3rd Year,4.0,4.0,4.0,5.0,4.0,4,Yes,The support team responded quickly whenever I had doubts.,2025-10-01
STU-01017,Python Programming,Jul 2026 Batch,Techno India University,Online,Female,4th Year,4.0,4.0,4.0,4.0,3.0,4,Yes,Had connectivity issues on the platform almost every week.,2026-07-01
STU-00172,Database Management (SQL),Jun 2025 Batch,Government College of Engineering & Textile Technology,Online,Male,3rd Year,4.0,4.0,3.0,3.0,4.0,3,No,"Content was okay, though a few topics felt rushed.",2025-06-01
STU-01135,AI in Food Technology,May 2025 Batch,Techno India University,Offline,Female,Graduate,5.0,5.0,3.0,5.0,4.0,4,Yes,"The program was decent overall, nothing major to complain about.",2025-05-01
STU-00169,Machine Learning,Apr 2025 Batch,Government College of Engineering & Textile Technology,Online,Female,3rd Year,5.0,5.0,5.0,5.0,4.0,5,Yes,The curriculum was well structured and relevant to current industry needs.,2025-04-01
STU-00494,App Development (Android),Sep 2025 Batch,Neotia University,Offline,Male,4th Year,4.0,3.0,3.0,4.0,3.0,4,Yes,Some topics felt outdated compared to current industry trends.,2025-09-01
STU-01349,Weather Forecasting ML Project,Feb 2025 Batch,Government College of Engineering & Textile Technology,Online,Male,Graduate,3.0,4.0,3.0,2.0,2.0,3,No,"Overall okay experience, a few sessions could have been better planned.",2025-02-01
STU-01021,AI in Food Technology,Aug 2025 Batch,Narasingh Choudhuri Autonomous College,Online,Male,4th Year,3.0,2.0,2.0,3.0,1.0,2,No,Recorded session links took too long to be uploaded. Would like the syllabus to be updated more frequently.,2025-08-01
STU-00986,Java FDP (Faculty Development),Feb 2025 Batch,Independent / Working Professional,Offline,Prefer not to say,Graduate,4.0,4.0,4.0,3.0,2.0,3,Yes,"Lab access was unreliable, lost a lot of time troubleshooting.",2025-02-01
STU-00894,Networking Fundamentals,Sep 2025 Batch,Maulana Azad College,Offline,Female,Graduate,5.0,5.0,5.0,5.0,5.0,5,Yes,The curriculum was well structured and relevant to current industry needs.,2025-09-01
STU-00273,Blockchain Basics,Apr 2026 Batch,Maulana Azad College,Offline,Prefer not to say,3rd Year,4.0,3.0,4.0,4.0,4.0,4,Yes,Some topics felt outdated compared to current industry trends.,2026-04-01
STU-01288,Networking Fundamentals,Apr 2026 Batch,Techno India University,Online,Male,3rd Year,5.0,4.0,5.0,5.0,4.0,5,Yes,Trainer was knowledgeable and made even tough topics easy to grasp.,2026-04-01
STU-00421,Advanced Excel & Power BI,Mar 2026 Batch,Techno India University,Hybrid,Male,Graduate,5.0,5.0,4.0,5.0,5.0,5,Yes,The trainer explained concepts clearly and was always ready to help.,2026-03-01
STU-00095,Blockchain Basics,Aug 2025 Batch,Independent / Working Professional,Offline,Male,Working Professional,3.0,3.0,3.0,3.0,3.0,3,Yes,Explanations were sometimes too fast to follow properly.,2025-08-01
STU-01543,AI in Biotechnology,May 2026 Batch,Government College of Engineering & Textile Technology,Offline,Male,3rd Year,3.0,5.0,3.0,3.0,3.0,3,No,"Overall okay experience, a few sessions could have been better planned.",2026-05-01
STU-01574,Full Stack Development,Jun 2025 Batch,JIS College of Engineering,Online,Male,Working Professional,4.0,3.0,3.0,4.0,4.0,4,No,Would like the syllabus to be updated more frequently.,2025-06-01
STU-01585,Cybersecurity & Ethical Hacking,Feb 2026 Batch,Techno India University,Online,Prefer not to say,Graduate,4.0,5.0,4.0,4.0,4.0,4,Yes,"Enjoyed every module, especially the live project work.",2026-02-01
STU-00043,Agentic AI,May 2025 Batch,Government College of Engineering & Textile Technology,Online,Male,3rd Year,4.0,4.0,5.0,4.0,5.0,4,Yes,"Well-paced sessions and very approachable trainer, learned a lot.",2025-05-01
STU-00057,Competitive Programming,Feb 2026 Batch,St. Xavier's College Kolkata,Online,Female,Graduate,5.0,4.0,4.0,5.0,5.0,5,Yes,The projects assigned really helped me apply what was taught.,2026-02-01
STU-01947,AI in Food Technology,Aug 2025 Batch,JIS College of Engineering,Online,Male,3rd Year,4.0,3.0,4.0,3.0,4.0,4,No,,2025-08-01
STU-01103,DevOps,Jun 2026 Batch,Techno India University,Offline,Female,Graduate,5.0,4.0,4.0,4.0,5.0,5,Yes,"Great balance of theory and practicals, exceeded my expectations.",2026-06-01
STU-01864,Cybersecurity & Ethical Hacking,Sep 2025 Batch,Government College of Engineering & Textile Technology,Hybrid,Female,3rd Year,3.0,2.0,3.0,4.0,2.0,3,No,"Content was okay, though a few topics felt rushed.",2025-09-01
STU-01281,Networking Fundamentals,Sep 2025 Batch,Government College of Engineering & Textile Technology,Hybrid,Male,4th Year,4.0,2.0,3.0,3.0,2.0,2,No,"Wanted more advanced/real-world case studies in the curriculum. Lab access was unreliable, lost a lot of time troubleshooting.",2025-09-01
STU-00889,AI in Biotechnology,Aug 2025 Batch,JIS College of Engineering,Online,Female,Graduate,5.0,4.0,5.0,5.0,4.0,5,Yes,"Great mentorship throughout the program, felt supported at every step.",2025-08-01
STU-00575,Generative AI,Aug 2026 Batch,St. Xavier's College Kolkata,Online,Female,4th Year,4.0,4.0,3.0,4.0,2.0,3,No,The portal for assignments was confusing and slow to load.,2026-08-01
STU-00039,Cybersecurity & Ethical Hacking,Apr 2025 Batch,JIS College of Engineering,Online,Female,Working Professional,3.0,3.0,4.0,5.0,4.0,4,Yes,Trainer seemed unprepared in a couple of sessions.,2025-04-01
STU-00307,Full Stack Development,Apr 2025 Batch,Techno India University,Online,Male,3rd Year,4.0,4.0,4.0,4.0,3.0,4,Yes,"Average experience, some sessions were better than others.",2025-04-01
STU-01006,Data Science,Mar 2025 Batch,Heritage Institute of Technology,Online,Male,Graduate,5.0,5.0,5.0,5.0,5.0,5,Yes,The program content was up to date and industry relevant.,2025-03-01
STU-00007,Data Science,Aug 2026 Batch,Neotia University,Online,Female,3rd Year,4.0,4.0,5.0,5.0,4.0,4,Yes,"Very satisfied, the mentors were patient and encouraging throughout.",2026-08-01
STU-01178,Internet of Things (IoT),Dec 2025 Batch,Neotia University,Online,Male,4th Year,5.0,5.0,4.0,5.0,5.0,5,Yes,"Great balance of theory and practicals, exceeded my expectations.",2025-12-01
STU-00783,Python Programming,Apr 2026 Batch,Maulana Azad College,Online,Prefer not to say,2nd Year,4.0,3.0,4.0,3.0,4.0,4,Yes,"Average experience, some sessions were better than others.",2026-04-01
STU-00409,App Development (Android),Aug 2025 Batch,Techno India University,Offline,Male,4th Year,4.0,3.0,3.0,3.0,3.0,4,Yes,Some topics felt outdated compared to current industry trends.,2025-08-01
STU-01267,DevOps,May 2025 Batch,Techno India University,Online,Male,3rd Year,4.0,4.0,4.0,4.0,4.0,4,Yes,The program content was up to date and industry relevant.,2025-05-01
STU-00782,Machine Learning,Oct 2025 Batch,Government College of Engineering & Textile Technology,Online,Female,3rd Year,5.0,5.0,5.0,5.0,5.0,5,Yes,The trainer explained concepts clearly and was always ready to help.,2025-10-01
STU-00167,Full Stack Development,Feb 2025 Batch,Independent / Working Professional,Hybrid,Male,4th Year,4.0,4.0,3.0,4.0,4.0,4,Yes,Too much content packed into too few sessions.,2025-02-01
STU-00535,Competitive Programming,Jul 2026 Batch,Maulana Azad College,Hybrid,Male,3rd Year,4.0,3.0,4.0,3.0,2.0,4,Yes,Recorded session links took too long to be uploaded.,2026-07-01
STU-00584,Agentic AI,Feb 2026 Batch,Neotia University,Online,Female,Graduate,2.0,3.0,2.0,2.0,2.0,2,No,"Sessions felt monotonous, needed more interactive teaching.",2026-02-01
STU-01331,Networking Fundamentals,Feb 2026 Batch,St. Xavier's College Kolkata,Online,Male,4th Year,4.0,4.0,4.0,4.0,3.0,4,Yes,"Lab access was unreliable, lost a lot of time troubleshooting.",2026-02-01
STU-01898,App Development (Android),Oct 2025 Batch,Heritage Institute of Technology,Online,Male,3rd Year,5.0,5.0,5.0,5.0,5.0,5,Yes,Trainer was knowledgeable and made even tough topics easy to grasp.,2025-10-01
STU-01420,App Development (Android),Sep 2025 Batch,Techno India University,Offline,Male,1st Year,4.0,4.0,3.0,4.0,4.0,4,Yes,"Overall okay experience, a few sessions could have been better planned.",2025-09-01
STU-01229,Java FDP (Faculty Development),Oct 2025 Batch,Government College of Engineering & Textile Technology,Online,Female,3rd Year,5.0,3.0,3.0,4.0,3.0,4,Yes,"Overall okay experience, a few sessions could have been better planned.",2025-10-01
STU-01799,Cybersecurity & Ethical Hacking,Apr 2025 Batch,Neotia University,Online,Female,4th Year,2.0,3.0,2.0,3.0,3.0,3,No,"Reasonably good, though I expected slightly more hands-on practice.",2025-04-01
STU-01886,Internet of Things (IoT),Aug 2025 Batch,Independent / Working Professional,Online,Male,4th Year,5.0,4.0,4.0,5.0,5.0,4,Yes,Practical assignments made the concepts much easier to understand.,2025-08-01
STU-01619,Data Science,Feb 2026 Batch,Maulana Azad College,Online,Female,3rd Year,3.0,2.0,2.0,4.0,2.0,3,Yes,"Overall okay experience, a few sessions could have been better planned.",2026-02-01
STU-01115,Cybersecurity & Ethical Hacking,Sep 2025 Batch,Government College of Engineering & Textile Technology,Hybrid,Female,3rd Year,2.0,3.0,2.0,2.0,2.0,2,No,Trainer seemed unprepared in a couple of sessions. Faced frequent audio/video issues during classes.,2025-09-01
STU-01068,Competitive Programming,Feb 2026 Batch,Narasingh Choudhuri Autonomous College,Hybrid,Male,4th Year,4.0,4.0,4.0,4.0,3.0,4,Yes,"Content was okay, though a few topics felt rushed.",2026-02-01
STU-00814,Python Programming,Aug 2026 Batch,Techno India University,Online,Female,4th Year,3.0,3.0,3.0,3.0,3.0,3,Yes,The trainer could explain concepts more clearly.,2026-08-01
STU-00317,Generative AI,Jul 2025 Batch,Government College of Engineering & Textile Technology,Online,Male,3rd Year,5.0,4.0,3.0,5.0,4.0,4,Yes,"Wish there was more time per topic, felt rushed throughout.",2025-07-01
STU-01280,DevOps,Mar 2025 Batch,St. Xavier's College Kolkata,Online,Male,4th Year,4.0,4.0,3.0,4.0,3.0,4,No,"The sessions moved too fast, hard to keep up with the pace.",2025-03-01
STU-01717,Competitive Programming,May 2025 Batch,St. Xavier's College Kolkata,Online,Male,1st Year,3.0,4.0,4.0,3.0,3.0,3,No,Trainer seemed unprepared in a couple of sessions.,2025-05-01
STU-00517,AI in Food Technology,Dec 2025 Batch,Neotia University,Online,Female,4th Year,4.0,4.0,3.0,4.0,4.0,4,No,"Pace needs to slow down, especially for beginners in the batch.",2025-12-01
STU-01848,Cybersecurity & Ethical Hacking,May 2026 Batch,Techno India University,Hybrid,Male,Graduate,3.0,4.0,2.0,4.0,3.0,3,Yes,"Overall okay experience, a few sessions could have been better planned.",2026-05-01
STU-01664,Cloud Computing (AWS),Jul 2026 Batch,Techno India University,Offline,Male,Graduate,4.0,4.0,3.0,3.0,2.0,3,Yes,Session quality varied depending on the trainer.,2026-07-01
STU-01563,Competitive Programming,Feb 2025 Batch,Neotia University,Hybrid,Female,1st Year,4.0,3.0,4.0,3.0,3.0,3,Yes,Felt a few modules were not very relevant to the job market.,2025-02-01
STU-00534,Data Science,Jan 2026 Batch,St. Xavier's College Kolkata,Online,Female,3rd Year,3.0,3.0,2.0,3.0,4.0,3,No,"The sessions moved too fast, hard to keep up with the pace.",2026-01-01
STU-00174,AI in Biotechnology,May 2025 Batch,Neotia University,Hybrid,Male,3rd Year,5.0,4.0,3.0,5.0,3.0,4,Yes,"Pace needs to slow down, especially for beginners in the batch.",2025-05-01
STU-01040,App Development (Android),Nov 2025 Batch,Narasingh Choudhuri Autonomous College,Offline,Male,4th Year,3.0,3.0,3.0,5.0,3.0,4,Yes,The trainer could explain concepts more clearly.,2025-11-01
STU-00272,Cybersecurity & Ethical Hacking,Nov 2025 Batch,Maulana Azad College,Online,Male,3rd Year,4.0,5.0,4.0,5.0,4.0,4,Yes,"Great balance of theory and practicals, exceeded my expectations.",2025-11-01
STU-00549,Data Science,Mar 2025 Batch,St. Xavier's College Kolkata,Hybrid,Male,1st Year,4.0,4.0,2.0,3.0,2.0,3,Yes,Struggled to keep up as new topics were introduced too quickly.,2025-03-01
STU-00669,Python Programming,May 2025 Batch,Government College of Engineering & Textile Technology,Hybrid,Male,3rd Year,5.0,5.0,5.0,5.0,4.0,5,Yes,Trainer was knowledgeable and made even tough topics easy to grasp.,2025-05-01
STU-01633,App Development (Android),Oct 2025 Batch,Independent / Working Professional,Online,Male,4th Year,3.0,2.0,3.0,3.0,1.0,3,Yes,Had connectivity issues on the platform almost every week.,2025-10-01
STU-00454,Full Stack Development,Oct 2025 Batch,Techno India University,Online,Male,3rd Year,4.0,5.0,4.0,4.0,4.0,4,Yes,"Really enjoyed the sessions, the trainer kept things engaging.",2025-10-01
STU-00965,Agentic AI,Apr 2025 Batch,Government College of Engineering & Textile Technology,Hybrid,Female,3rd Year,4.0,5.0,5.0,5.0,4.0,5,Yes,"Great mentorship throughout the program, felt supported at every step.",2025-04-01
STU-00607,Blockchain Basics,Aug 2026 Batch,Government College of Engineering & Textile Technology,Online,Female,3rd Year,5.0,5.0,4.0,4.0,4.0,4,Yes,Practical assignments made the concepts much easier to understand.,2026-08-01
STU-01693,Networking Fundamentals,Feb 2026 Batch,St. Xavier's College Kolkata,Online,Male,4th Year,3.0,3.0,2.0,3.0,2.0,3,Yes,Struggled to keep up as new topics were introduced too quickly.,2026-02-01
STU-01626,Generative AI,Apr 2025 Batch,JIS College of Engineering,Offline,Female,2nd Year,3.0,4.0,3.0,3.0,3.0,3,Yes,"Average experience, some sessions were better than others.",2025-04-01
STU-00805,Web Development,May 2026 Batch,Maulana Azad College,Online,Male,4th Year,5.0,5.0,3.0,4.0,4.0,4,Yes,Could use an extra week or two to cover everything properly.,2026-05-01
STU-00599,Web Development,Mar 2025 Batch,Government College of Engineering & Textile Technology,Online,Male,2nd Year,4.0,4.0,2.0,4.0,3.0,3,Yes,"The sessions moved too fast, hard to keep up with the pace.",2025-03-01
STU-01034,AI in Food Technology,Feb 2025 Batch,Techno India University,Online,Male,1st Year,5.0,5.0,4.0,5.0,5.0,5,Yes,Trainer was knowledgeable and made even tough topics easy to grasp.,2025-02-01
STU-01599,Advanced Excel & Power BI,Jun 2026 Batch,Narasingh Choudhuri Autonomous College,Hybrid,Female,4th Year,4.0,4.0,3.0,5.0,3.0,4,Yes,"Reasonably good, though I expected slightly more hands-on practice.",2026-06-01
STU-01264,Cybersecurity & Ethical Hacking,Aug 2026 Batch,St. Xavier's College Kolkata,Online,Male,2nd Year,4.0,5.0,4.0,4.0,4.0,4,Yes,"Very satisfied, the mentors were patient and encouraging throughout.",2026-08-01
STU-00752,Cloud Computing (AWS),May 2025 Batch,Government College of Engineering & Textile Technology,Hybrid,Female,4th Year,4.0,3.0,4.0,3.0,4.0,4,Yes,"The program was decent overall, nothing major to complain about.",2025-05-01
STU-00571,Weather Forecasting ML Project,Apr 2026 Batch,Maulana Azad College,Hybrid,Prefer not to say,Working Professional,4.0,3.0,3.0,4.0,2.0,4,Yes,Recorded session links took too long to be uploaded.,2026-04-01
STU-00976,Data Science,Feb 2026 Batch,Government College of Engineering & Textile Technology,Hybrid,Male,4th Year,4.0,3.0,3.0,4.0,2.0,3,No,"Overall okay experience, a few sessions could have been better planned.",2026-02-01
STU-00075,Data Science,Jul 2025 Batch,Neotia University,Online,Male,3rd Year,5.0,5.0,4.0,4.0,4.0,4,Yes,The support team responded quickly whenever I had doubts.,2025-07-01
STU-00062,Cybersecurity & Ethical Hacking,Apr 2025 Batch,Government College of Engineering & Textile Technology,Hybrid,Female,2nd Year,4.0,4.0,3.0,4.0,4.0,4,No,"The program was decent overall, nothing major to complain about.",2025-04-01
STU-01835,Web Development,Oct 2025 Batch,Narasingh Choudhuri Autonomous College,Online,Male,3rd Year,4.0,4.0,3.0,5.0,3.0,4,Yes,"Overall okay experience, a few sessions could have been better planned.",2025-10-01
STU-00537,Full Stack Development,Apr 2025 Batch,Techno India University,Online,Female,4th Year,5.0,5.0,5.0,5.0,5.0,5,Yes,"Well-paced sessions and very approachable trainer, learned a lot.",2025-04-01
STU-01978,Weather Forecasting ML Project,May 2025 Batch,Heritage Institute of Technology,Hybrid,Female,3rd Year,4.0,4.0,4.0,4.0,4.0,5,Yes,The trainer's real-world examples made the sessions very useful.,2025-05-01
STU-00810,DevOps,Apr 2025 Batch,St. Xavier's College Kolkata,Online,Male,4th Year,4.0,4.0,2.0,3.0,4.0,4,Yes,Too much content packed into too few sessions.,2025-04-01
STU-00245,AI in Food Technology,Mar 2025 Batch,Techno India University,Online,Female,4th Year,5.0,4.0,4.0,5.0,4.0,4,Yes,"Well-paced sessions and very approachable trainer, learned a lot.",2025-03-01
STU-01096,Full Stack Development,Aug 2026 Batch,Maulana Azad College,Hybrid,Male,3rd Year,5.0,3.0,3.0,3.0,4.0,4,Yes,"Decent program, could use a bit more structure in scheduling.",2026-08-01
STU-01439,Full Stack Development,Feb 2025 Batch,St. Xavier's College Kolkata,Hybrid,Male,3rd Year,4.0,4.0,2.0,4.0,4.0,4,Yes,Too much content packed into too few sessions.,2025-02-01
STU-00106,Machine Learning,Sep 2025 Batch,Government College of Engineering & Textile Technology,Online,Male,3rd Year,4.0,4.0,4.0,4.0,3.0,4,Yes,"The program was decent overall, nothing major to complain about.",2025-09-01
STU-00674,Blockchain Basics,May 2026 Batch,Neotia University,Offline,Male,2nd Year,4.0,5.0,4.0,5.0,3.0,4,Yes,Faced frequent audio/video issues during classes.,2026-05-01
STU-00643,Cloud Computing (AWS),Mar 2026 Batch,Techno India University,Hybrid,Female,4th Year,5.0,4.0,5.0,4.0,5.0,5,Yes,The curriculum was well structured and relevant to current industry needs.,2026-03-01
STU-01279,Robotics & Embedded Systems,Apr 2025 Batch,Techno India University,Hybrid,Female,4th Year,3.0,4.0,3.0,4.0,4.0,4,Yes,"Average experience, some sessions were better than others.",2025-04-01
STU-00666,DevOps,Sep 2025 Batch,Techno India University,Offline,Male,2nd Year,4.0,5.0,4.0,5.0,4.0,4,Yes,The trainer explained concepts clearly and was always ready to help.,2025-09-01
STU-00510,Python Programming,Jun 2025 Batch,St. Xavier's College Kolkata,Online,Male,2nd Year,5.0,5.0,5.0,5.0,5.0,5,Yes,"Great mentorship throughout the program, felt supported at every step.",2025-06-01
STU-00132,DevOps,Jul 2026 Batch,Techno India University,Online,Female,3rd Year,4.0,5.0,4.0,4.0,2.0,3,No,"Average experience, some sessions were better than others.",2026-07-01
STU-00445,Networking Fundamentals,Jun 2025 Batch,JIS College of Engineering,Online,Male,Working Professional,4.0,4.0,3.0,4.0,4.0,3,Yes,Nothing to add.,2025-06-01
STU-00867,Full Stack Development,May 2025 Batch,Neotia University,Online,Male,4th Year,5.0,4.0,4.0,5.0,4.0,4,Yes,"Enjoyed every module, especially the live project work.",2025-05-01
STU-01995,DevOps,Sep 2025 Batch,Maulana Azad College,Online,Female,3rd Year,3.0,4.0,3.0,3.0,3.0,3,Yes,"The program was decent overall, nothing major to complain about.",2025-09-01
STU-01767,AI in Biotechnology,Aug 2025 Batch,Techno India University,Online,Male,Working Professional,5.0,5.0,4.0,5.0,5.0,5,Yes,"Excellent program overall, would definitely recommend to my juniors.",2025-08-01
STU-00058,Agentic AI,Jul 2026 Batch,Government College of Engineering & Textile Technology,Hybrid,Prefer not to say,4th Year,5.0,4.0,3.0,4.0,4.0,4,Yes,"Average experience, some sessions were better than others.",2026-07-01
STU-01649,Competitive Programming,Aug 2025 Batch,St. Xavier's College Kolkata,Hybrid,Male,Working Professional,5.0,5.0,5.0,5.0,4.0,5,Yes,The program content was up to date and industry relevant.,2025-08-01
STU-01532,Python Programming,May 2025 Batch,Government College of Engineering & Textile Technology,Online,Prefer not to say,1st Year,4.0,3.0,3.0,4.0,4.0,3,No,"Average experience, some sessions were better than others.",2025-05-01
STU-01126,DevOps,Jul 2026 Batch,St. Xavier's College Kolkata,Online,Male,4th Year,3.0,4.0,4.0,3.0,3.0,3,Yes,"Reasonably good, though I expected slightly more hands-on practice.",2026-07-01
STU-00087,Cybersecurity & Ethical Hacking,Nov 2025 Batch,St. Xavier's College Kolkata,Online,Male,2nd Year,3.0,4.0,3.0,3.0,2.0,3,Yes,"It was fine, but I expected a bit more depth in the later modules.",2025-11-01
STU-01882,Java Development,Jul 2026 Batch,Techno India University,Online,Female,4th Year,4.0,3.0,4.0,3.0,4.0,4,Yes,Curriculum could include more project-based learning.,2026-07-01
STU-00772,DevOps,Sep 2025 Batch,St. Xavier's College Kolkata,Online,Prefer not to say,3rd Year,5.0,5.0,5.0,5.0,4.0,5,Yes,The program content was up to date and industry relevant.,2025-09-01
STU-01224,Competitive Programming,Oct 2025 Batch,Government College of Engineering & Textile Technology,Hybrid,Male,2nd Year,2.0,2.0,2.0,2.0,3.0,2,No,"Trainer seemed unprepared in a couple of sessions. Pace needs to slow down, especially for beginners in the batch.",2025-10-01
STU-00709,Networking Fundamentals,Feb 2025 Batch,Techno India University,Hybrid,Male,4th Year,4.0,4.0,4.0,4.0,3.0,4,Yes,"Reasonably good, though I expected slightly more hands-on practice.",2025-02-01
STU-01549,Networking Fundamentals,Jan 2025 Batch,Techno India University,Offline,Female,3rd Year,4.0,4.0,4.0,5.0,2.0,4,Yes,The portal for assignments was confusing and slow to load.,2025-01-01
STU-01332,Data Science,May 2025 Batch,Techno India University,Online,Male,3rd Year,4.0,3.0,4.0,4.0,2.0,3,No,"Reasonably good, though I expected slightly more hands-on practice.",2025-05-01
STU-01554,AI in Food Technology,Jun 2025 Batch,St. Xavier's College Kolkata,Online,Female,2nd Year,5.0,4.0,4.0,4.0,5.0,5,Yes,"Well-paced sessions and very approachable trainer, learned a lot.",2025-06-01
STU-00539,Networking Fundamentals,Jul 2026 Batch,St. Xavier's College Kolkata,Hybrid,Female,4th Year,5.0,5.0,4.0,5.0,3.0,4,Yes,Recorded session links took too long to be uploaded.,2026-07-01
STU-01428,UI/UX Design,Aug 2026 Batch,Narasingh Choudhuri Autonomous College,Online,Male,4th Year,3.0,3.0,3.0,3.0,3.0,3,No,"It was fine, but I expected a bit more depth in the later modules.",2026-08-01
STU-01172,DevOps,Feb 2026 Batch,Direct / Online (ASD),Online,Female,4th Year,4.0,3.0,2.0,4.0,3.0,3,No,"It was fine, but I expected a bit more depth in the later modules.",2026-02-01
STU-01545,Full Stack Development,Mar 2025 Batch,Neotia University,Offline,Female,2nd Year,3.0,3.0,3.0,4.0,3.0,4,Yes,Trainer seemed unprepared in a couple of sessions.,2025-03-01
STU-01299,Data Science,Feb 2025 Batch,Neotia University,Online,Male,3rd Year,4.0,3.0,3.0,4.0,4.0,4,No,Would like the syllabus to be updated more frequently.,2025-02-01
STU-00419,Full Stack Development,Feb 2026 Batch,Narasingh Choudhuri Autonomous College,Online,Female,Working Professional,5.0,5.0,5.0,5.0,5.0,5,Yes,Practical assignments made the concepts much easier to understand.,2026-02-01
STU-01951,Generative AI,Feb 2026 Batch,Narasingh Choudhuri Autonomous College,Online,Female,3rd Year,5.0,5.0,4.0,5.0,5.0,5,Yes,The trainer's real-world examples made the sessions very useful.,2026-02-01
STU-01694,Networking Fundamentals,Apr 2026 Batch,Independent / Working Professional,Offline,Male,2nd Year,4.0,4.0,3.0,4.0,3.0,4,Yes,"Average experience, some sessions were better than others.",2026-04-01
STU-01450,Blockchain Basics,Apr 2025 Batch,Government College of Engineering & Textile Technology,Offline,Male,2nd Year,4.0,5.0,3.0,4.0,4.0,4,Yes,Too much content packed into too few sessions.,2025-04-01
STU-00852,Networking Fundamentals,Apr 2026 Batch,Heritage Institute of Technology,Online,Female,Working Professional,4.0,4.0,4.0,5.0,5.0,4,No,The support team responded quickly whenever I had doubts.,2026-04-01
STU-01738,Java Development,Oct 2025 Batch,St. Xavier's College Kolkata,Online,Female,Working Professional,3.0,3.0,4.0,4.0,3.0,4,Yes,"Reasonably good, though I expected slightly more hands-on practice.",2025-10-01
STU-01715,Data Science,Sep 2025 Batch,JIS College of Engineering,Online,Male,Working Professional,4.0,5.0,4.0,5.0,4.0,4,Yes,"Very satisfied, the mentors were patient and encouraging throughout.",2025-09-01
STU-01680,Full Stack Development,Jul 2026 Batch,Neotia University,Offline,Female,3rd Year,4.0,3.0,3.0,3.0,4.0,4,Yes,Some topics felt outdated compared to current industry trends.,2026-07-01
STU-01751,Full Stack Development,Jun 2025 Batch,Narasingh Choudhuri Autonomous College,Online,Male,Working Professional,4.0,4.0,4.0,4.0,4.0,4,Yes,"Well-paced sessions and very approachable trainer, learned a lot.",2025-06-01
STU-01756,DevOps,Oct 2025 Batch,Neotia University,Online,Male,4th Year,4.0,4.0,3.0,4.0,3.0,4,Yes,"Content was okay, though a few topics felt rushed.",2025-10-01
STU-01718,DevOps,Sep 2025 Batch,Independent / Working Professional,Online,Prefer not to say,Working Professional,4.0,4.0,5.0,5.0,5.0,5,Yes,"Excellent program overall, would definitely recommend to my juniors.",2025-09-01
STU-01784,App Development (Android),Apr 2026 Batch,Maulana Azad College,Online,Male,4th Year,5.0,3.0,3.0,4.0,4.0,4,No,"Content was okay, though a few topics felt rushed.",2026-04-01
STU-00305,Cloud Computing (AWS),Aug 2025 Batch,Techno India University,Online,Female,2nd Year,5.0,4.0,5.0,5.0,5.0,5,Yes,Trainer was knowledgeable and made even tough topics easy to grasp.,2025-08-01
STU-01507,DevOps,Aug 2026 Batch,Techno India University,Online,Female,3rd Year,5.0,5.0,5.0,5.0,4.0,5,Yes,"Very satisfied, the mentors were patient and encouraging throughout.",2026-08-01
STU-00336,Networking Fundamentals,May 2025 Batch,St. Xavier's College Kolkata,Hybrid,Male,Graduate,4.0,4.0,4.0,3.0,4.0,4,No,Would have liked more one-on-one mentorship time.,2025-05-01
STU-00996,Machine Learning,Jul 2025 Batch,Techno India University,Offline,Male,3rd Year,4.0,4.0,3.0,5.0,4.0,4,No,"The sessions moved too fast, hard to keep up with the pace.",2025-07-01
STU-00570,Networking Fundamentals,Sep 2025 Batch,Techno India University,Online,Female,3rd Year,3.0,4.0,2.0,3.0,3.0,3,Yes,"Average experience, some sessions were better than others.",2025-09-01
STU-00089,Full Stack Development,May 2025 Batch,Government College of Engineering & Textile Technology,Online,Male,3rd Year,4.0,5.0,3.0,5.0,4.0,4,Yes,"Reasonably good, though I expected slightly more hands-on practice.",2025-05-01
STU-00875,Machine Learning,Oct 2025 Batch,Government College of Engineering & Textile Technology,Online,Male,3rd Year,5.0,5.0,5.0,5.0,5.0,4,Yes,"Very satisfied, the mentors were patient and encouraging throughout.",2025-10-01
STU-01618,Blockchain Basics,Aug 2026 Batch,St. Xavier's College Kolkata,Online,Prefer not to say,4th Year,2.0,2.0,2.0,3.0,2.0,2,Yes,The trainer could explain concepts more clearly.,2026-08-01
STU-01514,App Development (Android),Jul 2026 Batch,St. Xavier's College Kolkata,Online,Male,4th Year,4.0,3.0,4.0,4.0,3.0,4,No,Felt a few modules were not very relevant to the job market.,2026-07-01
STU-00713,Python Programming,Jul 2026 Batch,Independent / Working Professional,Online,Female,3rd Year,5.0,4.0,5.0,5.0,5.0,4,Yes,Trainer was knowledgeable and made even tough topics easy to grasp.,2026-07-01
STU-01735,Internet of Things (IoT),Sep 2025 Batch,Neotia University,Online,Female,Working Professional,5.0,5.0,5.0,5.0,5.0,4,No,"Well-paced sessions and very approachable trainer, learned a lot.",2025-09-01
STU-01838,Networking Fundamentals,Aug 2026 Batch,Heritage Institute of Technology,Online,Female,4th Year,5.0,5.0,4.0,4.0,5.0,5,Yes,"Loved the hands-on projects, they really built my confidence.",2026-08-01
STU-01372,Java Development,Oct 2025 Batch,Neotia University,Online,Male,4th Year,5.0,5.0,4.0,5.0,5.0,5,Yes,"Excellent program overall, would definitely recommend to my juniors.",2025-10-01
STU-00222,Blockchain Basics,Oct 2025 Batch,Techno India University,Offline,Female,3rd Year,4.0,5.0,4.0,5.0,5.0,4,Yes,"Really enjoyed the sessions, the trainer kept things engaging.",2025-10-01
STU-00320,Full Stack Development,Mar 2025 Batch,Neotia University,Offline,Female,Graduate,4.0,4.0,4.0,4.0,3.0,4,Yes,"Reasonably good, though I expected slightly more hands-on practice.",2025-03-01
STU-01744,UI/UX Design,May 2025 Batch,Government College of Engineering & Textile Technology,Offline,Female,Graduate,3.0,2.0,4.0,3.0,3.0,3,Yes,Some topics felt outdated compared to current industry trends.,2025-05-01
STU-00879,DevOps,Jul 2026 Batch,Government College of Engineering & Textile Technology,Hybrid,Female,4th Year,3.0,3.0,2.0,2.0,2.0,2,No,"Pace needs to slow down, especially for beginners in the batch.",2026-07-01
STU-01790,Robotics & Embedded Systems,Jul 2025 Batch,Techno India University,Hybrid,Male,4th Year,3.0,4.0,3.0,2.0,1.0,3,No,The online platform kept lagging during live sessions.,2025-07-01
STU-00826,Cloud Computing (AWS),Sep 2025 Batch,Techno India University,Online,Male,1st Year,3.0,2.0,1.0,2.0,2.0,2,No,"Pace needs to slow down, especially for beginners in the batch.",2025-09-01
STU-01972,UI/UX Design,Aug 2026 Batch,Independent / Working Professional,Offline,Male,Graduate,5.0,4.0,3.0,4.0,4.0,4,Yes,"The sessions moved too fast, hard to keep up with the pace.",2026-08-01
STU-01458,Python Programming,Feb 2025 Batch,Techno India University,Hybrid,Female,4th Year,4.0,4.0,4.0,4.0,5.0,4,No,The trainer's real-world examples made the sessions very useful.,2025-02-01
STU-00139,AI in Biotechnology,Aug 2026 Batch,JIS College of Engineering,Online,Male,3rd Year,3.0,4.0,2.0,4.0,4.0,3,Yes,"Decent program, could use a bit more structure in scheduling.",2026-08-01
STU-00164,Blockchain Basics,Sep 2025 Batch,JIS College of Engineering,Offline,Female,3rd Year,4.0,4.0,4.0,3.0,3.0,3,Yes,,2025-09-01
STU-01893,Competitive Programming,Apr 2025 Batch,JIS College of Engineering,Hybrid,Female,4th Year,5.0,4.0,5.0,4.0,4.0,4,Yes,Practical assignments made the concepts much easier to understand.,2025-04-01
STU-01698,Cybersecurity & Ethical Hacking,Mar 2025 Batch,Government College of Engineering & Textile Technology,Offline,Male,3rd Year,5.0,4.0,4.0,5.0,3.0,4,No,The online platform kept lagging during live sessions.,2025-03-01
STU-00961,Blockchain Basics,May 2025 Batch,Neotia University,Offline,Female,1st Year,3.0,3.0,1.0,4.0,2.0,3,Yes,Could use an extra week or two to cover everything properly.,2025-05-01
STU-01692,Cybersecurity & Ethical Hacking,Feb 2026 Batch,St. Xavier's College Kolkata,Online,Female,3rd Year,3.0,3.0,4.0,4.0,3.0,4,Yes,Trainer seemed unprepared in a couple of sessions.,2026-02-01
STU-01234,Weather Forecasting ML Project,May 2025 Batch,Government College of Engineering & Textile Technology,Offline,Male,3rd Year,4.0,4.0,4.0,4.0,5.0,4,Yes,"Well-paced sessions and very approachable trainer, learned a lot.",2025-05-01
STU-01171,Generative AI,Jul 2026 Batch,Neotia University,Online,Female,3rd Year,5.0,5.0,5.0,5.0,4.0,5,Yes,The projects assigned really helped me apply what was taught.,2026-07-01
STU-01917,Cybersecurity & Ethical Hacking,Feb 2025 Batch,Techno India University,Online,Male,3rd Year,3.0,4.0,3.0,4.0,3.0,4,Yes,Would appreciate a more engaging teaching style.,2025-02-01
STU-01529,DevOps,Jun 2025 Batch,Government College of Engineering & Textile Technology,Online,Male,Graduate,4.0,4.0,3.0,4.0,4.0,4,No,Too much content packed into too few sessions.,2025-06-01
STU-01793,Networking Fundamentals,Apr 2025 Batch,JIS College of Engineering,Online,Female,Graduate,3.0,3.0,3.0,4.0,3.0,3,No,"Sessions felt monotonous, needed more interactive teaching.",2025-04-01
STU-00634,Cloud Computing (AWS),Feb 2026 Batch,Neotia University,Online,Male,Working Professional,5.0,5.0,5.0,5.0,4.0,5,Yes,"Clear explanations, useful resources, and prompt doubt-clearing sessions.",2026-02-01
STU-01180,AI in Food Technology,Feb 2026 Batch,Government College of Engineering & Textile Technology,Hybrid,Male,3rd Year,3.0,4.0,3.0,3.0,4.0,3,No,The trainer could explain concepts more clearly.,2026-02-01
STU-00656,AI in Food Technology,Sep 2025 Batch,Government College of Engineering & Textile Technology,Online,Female,Working Professional,5.0,5.0,5.0,5.0,5.0,5,Yes,"Great balance of theory and practicals, exceeded my expectations.",2025-09-01
STU-00821,AI in Biotechnology,Mar 2025 Batch,Government College of Engineering & Textile Technology,Offline,Female,4th Year,4.0,3.0,4.0,5.0,4.0,4,No,"Reasonably good, though I expected slightly more hands-on practice.",2025-03-01
STU-01620,Machine Learning,Sep 2025 Batch,Government College of Engineering & Textile Technology,Online,Male,4th Year,5.0,4.0,3.0,4.0,3.0,4,Yes,Struggled to keep up as new topics were introduced too quickly.,2025-09-01
STU-01157,App Development (Android),May 2025 Batch,Direct / Online (ASD),Hybrid,Prefer not to say,Graduate,4.0,4.0,4.0,4.0,3.0,4,Yes,Session quality varied depending on the trainer.,2025-05-01
STU-00138,Agentic AI,Feb 2025 Batch,Techno India University,Hybrid,Female,2nd Year,4.0,4.0,4.0,4.0,2.0,4,No,Had connectivity issues on the platform almost every week.,2025-02-01
STU-01286,Cybersecurity & Ethical Hacking,Nov 2025 Batch,Government College of Engineering & Textile Technology,Hybrid,Male,3rd Year,4.0,4.0,4.0,4.0,3.0,4,Yes,"Content was okay, though a few topics felt rushed.",2025-11-01
STU-00698,Advanced Excel & Power BI,Jan 2025 Batch,Government College of Engineering & Textile Technology,Online,Female,3rd Year,5.0,4.0,4.0,5.0,4.0,5,Yes,"Very satisfied, the mentors were patient and encouraging throughout.",2025-01-01
STU-01098,Digital Marketing,Aug 2025 Batch,Direct / Online (ASD),Online,Male,Graduate,3.0,3.0,3.0,3.0,4.0,3,No,"Sessions felt monotonous, needed more interactive teaching.",2025-08-01
STU-01605,Web Development,Aug 2026 Batch,Government College of Engineering & Textile Technology,Online,Male,Graduate,3.0,4.0,3.0,4.0,4.0,3,Yes,"It was fine, but I expected a bit more depth in the later modules.",2026-08-01
STU-00449,Weather Forecasting ML Project,Apr 2026 Batch,St. Xavier's College Kolkata,Online,Female,3rd Year,5.0,4.0,4.0,5.0,4.0,5,Yes,"Great balance of theory and practicals, exceeded my expectations.",2026-04-01
STU-01883,Internet of Things (IoT),Aug 2026 Batch,Heritage Institute of Technology,Online,Female,3rd Year,4.0,3.0,4.0,4.0,4.0,4,Yes,Some topics felt outdated compared to current industry trends.,2026-08-01
STU-00328,UI/UX Design,Sep 2025 Batch,Government College of Engineering & Textile Technology,Online,Male,3rd Year,5.0,4.0,4.0,5.0,4.0,4,Yes,"Excellent program overall, would definitely recommend to my juniors.",2025-09-01
STU-00318,Blockchain Basics,Aug 2026 Batch,Government College of Engineering & Textile Technology,Online,Female,3rd Year,4.0,4.0,3.0,4.0,5.0,4,Yes,"It was fine, but I expected a bit more depth in the later modules.",2026-08-01
STU-01865,Advanced Excel & Power BI,Jul 2026 Batch,St. Xavier's College Kolkata,Offline,Female,3rd Year,3.0,3.0,3.0,3.0,3.0,3,Yes,Would appreciate a more engaging teaching style.,2026-07-01
STU-00527,Cybersecurity & Ethical Hacking,Apr 2026 Batch,Techno India University,Hybrid,Female,3rd Year,5.0,5.0,5.0,5.0,5.0,5,Yes,"Excellent program overall, would definitely recommend to my juniors.",2026-04-01
STU-00088,Blockchain Basics,Nov 2025 Batch,St. Xavier's College Kolkata,Online,Female,2nd Year,3.0,3.0,3.0,3.0,3.0,3,No,"Reasonably good, though I expected slightly more hands-on practice.",2025-11-01
STU-01625,Digital Marketing,Jan 2026 Batch,Narasingh Choudhuri Autonomous College,Online,Female,1st Year,4.0,3.0,4.0,5.0,5.0,4,Yes,"Overall okay experience, a few sessions could have been better planned.",2026-01-01
STU-00149,Advanced Excel & Power BI,Feb 2026 Batch,Narasingh Choudhuri Autonomous College,Online,Male,Graduate,1.0,3.0,2.0,3.0,2.0,2,No,The trainer could explain concepts more clearly.,2026-02-01
STU-01612,AI in Food Technology,Feb 2026 Batch,Techno India University,Online,Female,4th Year,5.0,4.0,4.0,5.0,4.0,5,Yes,No comments.,2026-02-01
STU-01200,Cloud Computing (AWS),Oct 2025 Batch,Government College of Engineering & Textile Technology,Offline,Female,2nd Year,4.0,4.0,4.0,5.0,4.0,4,Yes,Faced frequent audio/video issues during classes.,2025-10-01
STU-01634,Blockchain Basics,Oct 2025 Batch,Government College of Engineering & Textile Technology,Online,Female,2nd Year,3.0,3.0,2.0,1.0,1.0,2,No,Support response on the query group was slow at times.,2025-10-01
STU-00366,Blockchain Basics,Jun 2026 Batch,Techno India University,Online,Female,1st Year,4.0,5.0,5.0,4.0,5.0,4,No,"Great mentorship throughout the program, felt supported at every step.",2026-06-01
STU-00590,Internet of Things (IoT),Mar 2025 Batch,Government College of Engineering & Textile Technology,Online,Female,1st Year,5.0,5.0,5.0,5.0,5.0,5,Yes,Practical assignments made the concepts much easier to understand.,2025-03-01
STU-01503,Java Development,Sep 2025 Batch,Independent / Working Professional,Online,Female,1st Year,4.0,4.0,2.0,3.0,3.0,3,Yes,"Wish there was more time per topic, felt rushed throughout.",2025-09-01
STU-00199,Full Stack Development,Jun 2025 Batch,Government College of Engineering & Textile Technology,Hybrid,Male,3rd Year,4.0,4.0,3.0,4.0,4.0,4,Yes,,2025-06-01
STU-01884,Java Development,Apr 2025 Batch,Government College of Engineering & Textile Technology,Hybrid,Male,Graduate,5.0,5.0,5.0,5.0,4.0,4,Yes,"Great mentorship throughout the program, felt supported at every step.",2025-04-01
STU-00193,Java Development,Feb 2026 Batch,Techno India University,Offline,Male,Graduate,4.0,3.0,3.0,4.0,2.0,3,Yes,Recorded session links took too long to be uploaded.,2026-02-01
STU-00405,AI in Biotechnology,Mar 2025 Batch,JIS College of Engineering,Online,Male,3rd Year,3.0,3.0,2.0,3.0,2.0,3,No,"Reasonably good, though I expected slightly more hands-on practice.",2025-03-01
STU-01565,Digital Marketing,Feb 2026 Batch,Techno India University,Online,Female,3rd Year,5.0,5.0,5.0,5.0,5.0,5,Yes,The trainer explained concepts clearly and was always ready to help.,2026-02-01
STU-01973,Advanced Excel & Power BI,Feb 2025 Batch,JIS College of Engineering,Online,Male,1st Year,4.0,3.0,3.0,5.0,4.0,4,Yes,"Decent program, could use a bit more structure in scheduling.",2025-02-01
STU-00484,Advanced Excel & Power BI,Aug 2025 Batch,St. Xavier's College Kolkata,Online,Female,4th Year,3.0,4.0,2.0,4.0,3.0,3,No,Could use an extra week or two to cover everything properly.,2025-08-01
STU-01944,Cybersecurity & Ethical Hacking,Feb 2025 Batch,Independent / Working Professional,Online,Male,3rd Year,4.0,4.0,3.0,4.0,4.0,4,Yes,"Content was okay, though a few topics felt rushed.",2025-02-01
STU-00792,Python Programming,Apr 2025 Batch,Maulana Azad College,Hybrid,Male,Graduate,5.0,5.0,4.0,5.0,5.0,5,Yes,"Excellent program overall, would definitely recommend to my juniors.",2025-04-01
STU-00800,DevOps,Aug 2025 Batch,Government College of Engineering & Textile Technology,Online,Female,2nd Year,4.0,4.0,3.0,4.0,4.0,4,No,Could use an extra week or two to cover everything properly.,2025-08-01
STU-00385,Robotics & Embedded Systems,Jul 2026 Batch,Direct / Online (ASD),Online,Male,1st Year,4.0,4.0,4.0,5.0,3.0,4,Yes,"The program was decent overall, nothing major to complain about.",2026-07-01
STU-00751,DevOps,Feb 2026 Batch,Maulana Azad College,Online,Male,2nd Year,3.0,3.0,3.0,4.0,4.0,3,Yes,"Content was okay, though a few topics felt rushed.",2026-02-01
STU-00423,Cybersecurity & Ethical Hacking,Aug 2025 Batch,JIS College of Engineering,Online,Female,3rd Year,3.0,3.0,2.0,3.0,2.0,3,No,Too much content packed into too few sessions.,2025-08-01
STU-00315,Generative AI,May 2025 Batch,JIS College of Engineering,Hybrid,Female,4th Year,5.0,5.0,3.0,4.0,3.0,5,Yes,"Decent program, could use a bit more structure in scheduling.",2025-05-01
STU-01022,Data Science,Oct 2025 Batch,JIS College of Engineering,Online,Female,2nd Year,5.0,5.0,4.0,4.0,3.0,4,Yes,"Average experience, some sessions were better than others.",2025-10-01
STU-00544,DevOps,Aug 2025 Batch,Government College of Engineering & Textile Technology,Online,Female,1st Year,3.0,3.0,3.0,2.0,4.0,3,Yes,Support response on the query group was slow at times.,2025-08-01
STU-00914,Generative AI,Jul 2026 Batch,St. Xavier's College Kolkata,Online,Male,3rd Year,5.0,5.0,5.0,5.0,5.0,5,Yes,The program content was up to date and industry relevant.,2026-07-01
STU-00663,Advanced Excel & Power BI,Feb 2025 Batch,Government College of Engineering & Textile Technology,Online,Male,3rd Year,4.0,3.0,4.0,4.0,4.0,3,Yes,"It was fine, but I expected a bit more depth in the later modules.",2025-02-01
STU-00903,Cybersecurity & Ethical Hacking,Jun 2026 Batch,Maulana Azad College,Online,Female,1st Year,3.0,3.0,4.0,3.0,3.0,3,Yes,Would appreciate a more engaging teaching style.,2026-06-01
STU-01389,Java Development,Apr 2025 Batch,JIS College of Engineering,Online,Male,3rd Year,3.0,3.0,3.0,4.0,3.0,3,No,"Reasonably good, though I expected slightly more hands-on practice.",2025-04-01
STU-00686,Cybersecurity & Ethical Hacking,Mar 2026 Batch,Techno India University,Online,Male,Graduate,2.0,2.0,1.0,2.0,2.0,2,No,Too much content packed into too few sessions.,2026-03-01
STU-01667,Networking Fundamentals,Aug 2025 Batch,St. Xavier's College Kolkata,Online,Female,2nd Year,4.0,4.0,4.0,4.0,3.0,4,Yes,Faced frequent audio/video issues during classes.,2025-08-01
STU-00160,Weather Forecasting ML Project,Apr 2026 Batch,Maulana Azad College,Hybrid,Male,4th Year,5.0,5.0,3.0,4.0,3.0,4,Yes,"Decent program, could use a bit more structure in scheduling.",2026-04-01
STU-01000,Data Science,Feb 2026 Batch,Government College of Engineering & Textile Technology,Online,Prefer not to say,4th Year,4.0,4.0,3.0,4.0,3.0,3,Yes,Too much content packed into too few sessions.,2026-02-01
STU-01587,Machine Learning,Feb 2025 Batch,Narasingh Choudhuri Autonomous College,Hybrid,Female,2nd Year,4.0,3.0,3.0,4.0,4.0,4,Yes,Wanted more advanced/real-world case studies in the curriculum.,2025-02-01
STU-01766,Web Development,Mar 2025 Batch,Government College of Engineering & Textile Technology,Online,Male,2nd Year,5.0,4.0,4.0,4.0,4.0,4,Yes,"Very satisfied, the mentors were patient and encouraging throughout.",2025-03-01
STU-00203,DevOps,Apr 2025 Batch,Techno India University,Online,Male,3rd Year,5.0,5.0,5.0,5.0,5.0,5,Yes,Trainer was knowledgeable and made even tough topics easy to grasp.,2025-04-01
STU-01024,Generative AI,May 2025 Batch,JIS College of Engineering,Online,Male,Working Professional,3.0,4.0,4.0,4.0,3.0,4,Yes,,2025-05-01
STU-01524,AI in Food Technology,Jan 2025 Batch,Techno India University,Online,Female,2nd Year,4.0,4.0,3.0,3.0,3.0,4,Yes,Struggled to keep up as new topics were introduced too quickly.,2025-01-01
STU-01181,Networking Fundamentals,Mar 2026 Batch,Techno India University,Offline,Male,Graduate,4.0,4.0,5.0,4.0,4.0,4,Yes,Trainer was knowledgeable and made even tough topics easy to grasp.,2026-03-01
STU-00113,Full Stack Development,Jul 2026 Batch,Neotia University,Online,Female,2nd Year,3.0,3.0,3.0,4.0,3.0,3,Yes,"Decent program, could use a bit more structure in scheduling.",2026-07-01
STU-01796,Generative AI,Oct 2025 Batch,Government College of Engineering & Textile Technology,Offline,Male,3rd Year,5.0,5.0,4.0,5.0,4.0,5,Yes,"Enjoyed every module, especially the live project work.",2025-10-01
STU-01226,App Development (Android),Oct 2025 Batch,Government College of Engineering & Textile Technology,Offline,Male,4th Year,4.0,5.0,4.0,4.0,5.0,4,No,"Great balance of theory and practicals, exceeded my expectations.",2025-10-01
STU-00981,Generative AI,May 2026 Batch,JIS College of Engineering,Hybrid,Female,Graduate,5.0,4.0,4.0,5.0,5.0,5,Yes,"Clear explanations, useful resources, and prompt doubt-clearing sessions.",2026-05-01
STU-00923,Agentic AI,Mar 2025 Batch,Government College of Engineering & Textile Technology,Offline,Female,2nd Year,4.0,4.0,3.0,4.0,4.0,4,Yes,Could use an extra week or two to cover everything properly.,2025-03-01
STU-01476,Web Development,Aug 2025 Batch,Government College of Engineering & Textile Technology,Online,Female,Working Professional,4.0,3.0,3.0,4.0,3.0,4,Yes,"Content was okay, though a few topics felt rushed.",2025-08-01
STU-01579,Competitive Programming,Nov 2025 Batch,Government College of Engineering & Textile Technology,Offline,Male,3rd Year,4.0,3.0,4.0,4.0,3.0,4,Yes,"Overall okay experience, a few sessions could have been better planned.",2025-11-01
STU-01409,Web Development,Jul 2026 Batch,Techno India University,Offline,Male,1st Year,5.0,5.0,4.0,5.0,3.0,5,Yes,Faced frequent audio/video issues during classes.,2026-07-01
STU-01740,Machine Learning,Jan 2025 Batch,Techno India University,Online,Male,3rd Year,4.0,4.0,3.0,4.0,2.0,4,Yes,The online platform kept lagging during live sessions.,2025-01-01
STU-00816,UI/UX Design,Dec 2025 Batch,Techno India University,Offline,Male,3rd Year,4.0,5.0,3.0,4.0,5.0,4,Yes,"Content was okay, though a few topics felt rushed.",2025-12-01
STU-01448,Weather Forecasting ML Project,Apr 2026 Batch,Neotia University,Offline,Female,3rd Year,4.0,4.0,3.0,4.0,4.0,4,No,Session quality varied depending on the trainer.,2026-04-01
STU-01422,Digital Marketing,Aug 2026 Batch,Government College of Engineering & Textile Technology,Online,Female,Graduate,5.0,4.0,5.0,5.0,5.0,5,Yes,Trainer was knowledgeable and made even tough topics easy to grasp.,2026-08-01
STU-00680,Cybersecurity & Ethical Hacking,Jun 2026 Batch,St. Xavier's College Kolkata,Offline,Female,3rd Year,5.0,5.0,5.0,4.0,5.0,5,Yes,One of the best training experiences I have had so far.,2026-06-01
STU-01094,Java Development,May 2025 Batch,Narasingh Choudhuri Autonomous College,Hybrid,Female,Graduate,4.0,5.0,4.0,5.0,4.0,4,Yes,The program content was up to date and industry relevant.,2025-05-01
STU-00081,Cybersecurity & Ethical Hacking,Mar 2026 Batch,Narasingh Choudhuri Autonomous College,Online,Male,2nd Year,3.0,3.0,2.0,2.0,3.0,2,No,Could use an extra week or two to cover everything properly. Would appreciate a more engaging teaching style.,2026-03-01
STU-01749,Web Development,Jul 2025 Batch,Neotia University,Hybrid,Female,3rd Year,4.0,4.0,4.0,5.0,3.0,4,Yes,Had connectivity issues on the platform almost every week.,2025-07-01
STU-01335,Cloud Computing (AWS),Oct 2025 Batch,Neotia University,Offline,Male,4th Year,4.0,4.0,4.0,4.0,2.0,4,Yes,The portal for assignments was confusing and slow to load.,2025-10-01
STU-01523,Advanced Excel & Power BI,May 2025 Batch,Heritage Institute of Technology,Online,Female,3rd Year,5.0,4.0,4.0,5.0,4.0,4,Yes,"Very satisfied, the mentors were patient and encouraging throughout.",2025-05-01
STU-00753,Cybersecurity & Ethical Hacking,Jun 2025 Batch,Government College of Engineering & Textile Technology,Online,Male,3rd Year,5.0,4.0,3.0,5.0,5.0,5,Yes,"Pace needs to slow down, especially for beginners in the batch.",2025-06-01
STU-01347,Advanced Excel & Power BI,Apr 2025 Batch,Heritage Institute of Technology,Online,Female,1st Year,5.0,4.0,5.0,5.0,3.0,4,Yes,Had connectivity issues on the platform almost every week.,2025-04-01
STU-01055,App Development (Android),Mar 2026 Batch,Neotia University,Online,Male,3rd Year,4.0,4.0,4.0,5.0,4.0,4,No,"Great balance of theory and practicals, exceeded my expectations.",2026-03-01
STU-00243,Full Stack Development,Mar 2026 Batch,Government College of Engineering & Textile Technology,Online,Male,3rd Year,4.0,3.0,4.0,3.0,5.0,4,Yes,Felt a few modules were not very relevant to the job market.,2026-03-01
STU-01333,UI/UX Design,Jul 2026 Batch,Maulana Azad College,Online,Male,3rd Year,4.0,4.0,3.0,4.0,4.0,4,Yes,Too much content packed into too few sessions.,2026-07-01
STU-00642,Python Programming,Mar 2026 Batch,St. Xavier's College Kolkata,Online,Male,Graduate,5.0,4.0,3.0,4.0,4.0,4,No,Struggled to keep up as new topics were introduced too quickly.,2026-03-01
STU-00697,DevOps,Mar 2025 Batch,Government College of Engineering & Textile Technology,Offline,Male,4th Year,5.0,5.0,3.0,5.0,3.0,4,Yes,"The sessions moved too fast, hard to keep up with the pace.",2025-03-01
STU-00210,Java Development,Dec 2025 Batch,Government College of Engineering & Textile Technology,Online,Male,1st Year,5.0,5.0,3.0,5.0,5.0,5,Yes,"Decent program, could use a bit more structure in scheduling.",2025-12-01
STU-01997,Machine Learning,Apr 2025 Batch,St. Xavier's College Kolkata,Online,Female,4th Year,5.0,5.0,5.0,5.0,4.0,5,Yes,"Excellent program overall, would definitely recommend to my juniors.",2025-04-01
STU-00771,AI in Food Technology,May 2026 Batch,Neotia University,Online,Male,3rd Year,3.0,3.0,2.0,2.0,3.0,3,No,"Pace needs to slow down, especially for beginners in the batch.",2026-05-01
STU-01743,Machine Learning,Sep 2025 Batch,Government College of Engineering & Textile Technology,Online,Female,Graduate,4.0,3.0,3.0,3.0,3.0,3,Yes,"The program was decent overall, nothing major to complain about.",2025-09-01
STU-00436,DevOps,May 2025 Batch,Techno India University,Online,Male,3rd Year,4.0,4.0,3.0,4.0,4.0,4,Yes,Too much content packed into too few sessions.,2025-05-01
STU-01064,Networking Fundamentals,Apr 2025 Batch,St. Xavier's College Kolkata,Online,Male,2nd Year,3.0,3.0,2.0,3.0,3.0,3,Yes,Too much content packed into too few sessions.,2025-04-01
STU-00975,Competitive Programming,May 2025 Batch,Maulana Azad College,Online,Male,3rd Year,3.0,3.0,3.0,2.0,2.0,3,Yes,Session quality varied depending on the trainer.,2025-05-01
STU-00552,UI/UX Design,Sep 2025 Batch,Techno India University,Hybrid,Male,1st Year,4.0,4.0,3.0,3.0,2.0,3,No,"Decent program, could use a bit more structure in scheduling.",2025-09-01
STU-01386,Cloud Computing (AWS),Apr 2025 Batch,St. Xavier's College Kolkata,Online,Male,3rd Year,5.0,5.0,4.0,5.0,5.0,5,Yes,"Really enjoyed the sessions, the trainer kept things engaging.",2025-04-01
STU-01540,UI/UX Design,Jun 2026 Batch,Government College of Engineering & Textile Technology,Online,Male,3rd Year,3.0,4.0,3.0,3.0,4.0,3,No,Nothing to add.,2026-06-01
STU-01014,Cybersecurity & Ethical Hacking,Jun 2026 Batch,Neotia University,Hybrid,Female,3rd Year,5.0,5.0,5.0,5.0,5.0,5,Yes,The support team responded quickly whenever I had doubts.,2026-06-01
STU-01874,App Development (Android),Feb 2025 Batch,Independent / Working Professional,Online,Male,3rd Year,4.0,4.0,2.0,3.0,3.0,4,Yes,"Pace needs to slow down, especially for beginners in the batch.",2025-02-01
STU-00467,Networking Fundamentals,Aug 2026 Batch,Maulana Azad College,Online,Male,3rd Year,3.0,4.0,2.0,3.0,4.0,3,No,"The program was decent overall, nothing major to complain about.",2026-08-01
STU-01467,Python Programming,Aug 2026 Batch,St. Xavier's College Kolkata,Online,Male,4th Year,4.0,2.0,4.0,3.0,3.0,4,Yes,Some topics felt outdated compared to current industry trends.,2026-08-01
STU-01298,Cybersecurity & Ethical Hacking,Jul 2025 Batch,Techno India University,Offline,Female,Graduate,4.0,4.0,4.0,3.0,5.0,4,Yes,"Decent program, could use a bit more structure in scheduling.",2025-07-01
STU-00278,Full Stack Development,May 2025 Batch,Techno India University,Offline,Male,3rd Year,4.0,3.0,3.0,4.0,3.0,4,Yes,Would like the syllabus to be updated more frequently.,2025-05-01
STU-01070,Networking Fundamentals,Apr 2025 Batch,Heritage Institute of Technology,Offline,Female,2nd Year,5.0,5.0,4.0,4.0,5.0,5,Yes,"Very satisfied, the mentors were patient and encouraging throughout.",2025-04-01
STU-01018,AI in Food Technology,Nov 2025 Batch,Direct / Online (ASD),Hybrid,Female,Working Professional,5.0,5.0,5.0,4.0,5.0,5,Yes,The trainer explained concepts clearly and was always ready to help.,2025-11-01
STU-01314,Full Stack Development,Mar 2026 Batch,Government College of Engineering & Textile Technology,Online,Male,4th Year,5.0,3.0,2.0,4.0,2.0,3,Yes,"It was fine, but I expected a bit more depth in the later modules.",2026-03-01
STU-00723,Blockchain Basics,Feb 2026 Batch,Techno India University,Online,Female,2nd Year,4.0,3.0,2.0,4.0,3.0,3,Yes,"Decent program, could use a bit more structure in scheduling.",2026-02-01
STU-01940,Full Stack Development,Mar 2026 Batch,Government College of Engineering & Textile Technology,Offline,Prefer not to say,4th Year,4.0,3.0,3.0,3.0,3.0,3,No,Wanted more advanced/real-world case studies in the curriculum.,2026-03-01
STU-00787,Internet of Things (IoT),Jul 2026 Batch,Maulana Azad College,Online,Female,2nd Year,3.0,3.0,3.0,3.0,3.0,3,Yes,The trainer could explain concepts more clearly.,2026-07-01
STU-01536,Java FDP (Faculty Development),Feb 2025 Batch,Narasingh Choudhuri Autonomous College,Online,Male,Graduate,4.0,4.0,4.0,4.0,4.0,4,Yes,Nothing to add.,2025-02-01
STU-01669,Blockchain Basics,Feb 2026 Batch,Government College of Engineering & Textile Technology,Online,Female,2nd Year,4.0,4.0,4.0,5.0,4.0,4,Yes,"Clear explanations, useful resources, and prompt doubt-clearing sessions.",2026-02-01
STU-01361,Cybersecurity & Ethical Hacking,Sep 2025 Batch,St. Xavier's College Kolkata,Online,Female,Graduate,4.0,3.0,3.0,4.0,4.0,3,Yes,Wanted more advanced/real-world case studies in the curriculum.,2025-09-01
STU-01295,Networking Fundamentals,Oct 2025 Batch,Techno India University,Offline,Female,Working Professional,4.0,4.0,4.0,4.0,4.0,4,No,One of the best training experiences I have had so far.,2025-10-01
STU-00907,Networking Fundamentals,Apr 2025 Batch,Narasingh Choudhuri Autonomous College,Online,Male,2nd Year,4.0,5.0,3.0,4.0,3.0,4,Yes,,2025-04-01
STU-00564,Cybersecurity & Ethical Hacking,Dec 2025 Batch,Techno India University,Online,Male,4th Year,3.0,4.0,3.0,4.0,4.0,3,Yes,"Average experience, some sessions were better than others.",2025-12-01
STU-00389,Java Development,Mar 2025 Batch,Independent / Working Professional,Online,Male,2nd Year,4.0,4.0,4.0,4.0,4.0,4,Yes,"Really enjoyed the sessions, the trainer kept things engaging.",2025-03-01
STU-00023,Web Development,Oct 2025 Batch,St. Xavier's College Kolkata,Online,Male,4th Year,4.0,3.0,3.0,4.0,3.0,3,No,"Reasonably good, though I expected slightly more hands-on practice.",2025-10-01
STU-01960,Cybersecurity & Ethical Hacking,Sep 2025 Batch,Maulana Azad College,Offline,Male,3rd Year,4.0,5.0,5.0,5.0,5.0,5,Yes,"Excellent program overall, would definitely recommend to my juniors.",2025-09-01
STU-00125,Blockchain Basics,Apr 2025 Batch,Government College of Engineering & Textile Technology,Online,Male,4th Year,4.0,4.0,3.0,4.0,3.0,4,Yes,Too much content packed into too few sessions.,2025-04-01
STU-01447,Agentic AI,Jun 2025 Batch,Narasingh Choudhuri Autonomous College,Offline,Female,2nd Year,4.0,3.0,4.0,3.0,3.0,4,Yes,Would like the syllabus to be updated more frequently.,2025-06-01
STU-00774,Competitive Programming,Oct 2025 Batch,Independent / Working Professional,Online,Male,Working Professional,4.0,3.0,2.0,4.0,4.0,3,Yes,Session quality varied depending on the trainer.,2025-10-01
STU-00881,DevOps,Mar 2025 Batch,Government College of Engineering & Textile Technology,Online,Male,3rd Year,5.0,5.0,5.0,5.0,5.0,5,Yes,"Enjoyed every module, especially the live project work.",2025-03-01
STU-01145,Java Development,Oct 2025 Batch,Heritage Institute of Technology,Offline,Female,3rd Year,4.0,4.0,4.0,4.0,4.0,4,Yes,The trainer's real-world examples made the sessions very useful.,2025-10-01
STU-01167,Weather Forecasting ML Project,Jul 2025 Batch,Techno India University,Online,Female,Graduate,5.0,3.0,5.0,5.0,5.0,4,Yes,"The program was decent overall, nothing major to complain about.",2025-07-01
STU-00051,Data Science,Aug 2026 Batch,Neotia University,Online,Male,2nd Year,5.0,5.0,3.0,5.0,4.0,5,Yes,Session quality varied depending on the trainer.,2026-08-01
STU-01387,Weather Forecasting ML Project,Nov 2025 Batch,Narasingh Choudhuri Autonomous College,Online,Male,4th Year,4.0,3.0,3.0,3.0,4.0,3,No,Would like the syllabus to be updated more frequently.,2025-11-01
STU-01449,Full Stack Development,May 2026 Batch,Government College of Engineering & Textile Technology,Online,Male,2nd Year,4.0,4.0,3.0,4.0,3.0,4,No,"It was fine, but I expected a bit more depth in the later modules.",2026-05-01
STU-01106,Cloud Computing (AWS),Feb 2025 Batch,Narasingh Choudhuri Autonomous College,Online,Female,3rd Year,4.0,4.0,3.0,4.0,4.0,4,Yes,Too much content packed into too few sessions.,2025-02-01
STU-00704,Weather Forecasting ML Project,Aug 2025 Batch,Government College of Engineering & Textile Technology,Online,Female,Graduate,4.0,5.0,4.0,5.0,4.0,4,Yes,Nothing to add.,2025-08-01
STU-00483,Blockchain Basics,Sep 2025 Batch,St. Xavier's College Kolkata,Offline,Male,4th Year,5.0,5.0,4.0,5.0,5.0,5,Yes,"Great mentorship throughout the program, felt supported at every step.",2025-09-01
STU-01146,Full Stack Development,Mar 2025 Batch,St. Xavier's College Kolkata,Hybrid,Male,3rd Year,5.0,3.0,3.0,4.0,4.0,4,Yes,Session quality varied depending on the trainer.,2025-03-01
STU-01899,AI in Biotechnology,Sep 2025 Batch,Government College of Engineering & Textile Technology,Online,Male,1st Year,4.0,4.0,4.0,4.0,3.0,4,No,Session quality varied depending on the trainer.,2025-09-01
STU-00067,Full Stack Development,Mar 2025 Batch,Narasingh Choudhuri Autonomous College,Online,Female,2nd Year,4.0,3.0,3.0,5.0,3.0,4,Yes,Session quality varied depending on the trainer.,2025-03-01
STU-01710,Generative AI,Oct 2025 Batch,Government College of Engineering & Textile Technology,Online,Female,4th Year,4.0,4.0,3.0,3.0,3.0,3,Yes,"The sessions moved too fast, hard to keep up with the pace.",2025-10-01
STU-00734,App Development (Android),Jul 2026 Batch,Narasingh Choudhuri Autonomous College,Online,Female,1st Year,4.0,5.0,4.0,5.0,4.0,4,Yes,Had connectivity issues on the platform almost every week.,2026-07-01
STU-01773,Advanced Excel & Power BI,Aug 2026 Batch,Techno India University,Online,Male,Working Professional,4.0,4.0,3.0,4.0,4.0,4,Yes,Struggled to keep up as new topics were introduced too quickly.,2026-08-01
STU-00802,AI in Food Technology,Oct 2025 Batch,Government College of Engineering & Textile Technology,Online,Male,3rd Year,3.0,3.0,3.0,3.0,3.0,3,Yes,Session quality varied depending on the trainer.,2025-10-01
STU-01976,AI in Food Technology,Mar 2026 Batch,Techno India University,Online,Male,Graduate,5.0,4.0,4.0,5.0,5.0,5,Yes,One of the best training experiences I have had so far.,2026-03-01
STU-01755,Generative AI,Jul 2026 Batch,Techno India University,Online,Male,Working Professional,3.0,2.0,2.0,2.0,2.0,2,No,Wanted more advanced/real-world case studies in the curriculum.,2026-07-01
STU-00908,Java Development,Apr 2026 Batch,St. Xavier's College Kolkata,Online,Male,4th Year,5.0,3.0,3.0,4.0,3.0,4,No,Wanted more advanced/real-world case studies in the curriculum.,2026-04-01
STU-00032,Python Programming,Feb 2026 Batch,Narasingh Choudhuri Autonomous College,Hybrid,Female,3rd Year,4.0,3.0,3.0,2.0,3.0,4,No,Mentors were hard to reach outside scheduled session hours.,2026-02-01
STU-00418,Generative AI,Feb 2025 Batch,Techno India University,Online,Female,4th Year,3.0,4.0,3.0,3.0,3.0,3,No,"Sessions felt monotonous, needed more interactive teaching.",2025-02-01
STU-00882,Python Programming,Jul 2025 Batch,St. Xavier's College Kolkata,Online,Female,2nd Year,5.0,4.0,4.0,5.0,5.0,5,Yes,Practical assignments made the concepts much easier to understand.,2025-07-01
STU-00633,Weather Forecasting ML Project,Mar 2026 Batch,Government College of Engineering & Textile Technology,Online,Male,Graduate,3.0,3.0,2.0,4.0,2.0,3,No,"The sessions moved too fast, hard to keep up with the pace.",2026-03-01
STU-01621,Agentic AI,Oct 2025 Batch,Government College of Engineering & Textile Technology,Online,Male,2nd Year,3.0,4.0,3.0,4.0,4.0,4,Yes,Would appreciate a more engaging teaching style.,2025-10-01
STU-01430,Machine Learning,Jun 2025 Batch,St. Xavier's College Kolkata,Online,Male,3rd Year,3.0,3.0,4.0,4.0,3.0,4,No,"Reasonably good, though I expected slightly more hands-on practice.",2025-06-01
STU-00065,App Development (Android),Jul 2026 Batch,Techno India University,Offline,Female,1st Year,3.0,2.0,2.0,3.0,2.0,3,Yes,Wanted more advanced/real-world case studies in the curriculum.,2026-07-01
STU-01611,Blockchain Basics,Apr 2025 Batch,Government College of Engineering & Textile Technology,Online,Male,Graduate,2.0,3.0,2.0,2.0,3.0,2,Yes,Explanations were sometimes too fast to follow properly.,2025-04-01
STU-01596,Machine Learning,Mar 2025 Batch,Direct / Online (ASD),Online,Female,3rd Year,5.0,4.0,5.0,5.0,5.0,5,Yes,"Really enjoyed the sessions, the trainer kept things engaging.",2025-03-01
STU-00078,App Development (Android),Aug 2026 Batch,Government College of Engineering & Textile Technology,Offline,Male,3rd Year,3.0,4.0,2.0,3.0,4.0,3,No,"Overall okay experience, a few sessions could have been better planned.",2026-08-01
STU-00492,Java Development,Mar 2026 Batch,St. Xavier's College Kolkata,Online,Male,4th Year,5.0,5.0,4.0,5.0,4.0,5,Yes,"Great balance of theory and practicals, exceeded my expectations.",2026-03-01
STU-01868,Cloud Computing (AWS),Jul 2026 Batch,Government College of Engineering & Textile Technology,Online,Male,3rd Year,2.0,3.0,3.0,3.0,3.0,2,Yes,"Sessions felt monotonous, needed more interactive teaching. Struggled to keep up as new topics were introduced too quickly.",2026-07-01
STU-01516,Agentic AI,Mar 2026 Batch,St. Xavier's College Kolkata,Offline,Male,2nd Year,5.0,4.0,4.0,4.0,3.0,4,Yes,Would have liked more one-on-one mentorship time.,2026-03-01
STU-00533,Cybersecurity & Ethical Hacking,Oct 2025 Batch,JIS College of Engineering,Offline,Male,1st Year,3.0,4.0,3.0,2.0,3.0,3,No,"Average experience, some sessions were better than others.",2025-10-01
STU-00066,App Development (Android),Feb 2025 Batch,JIS College of Engineering,Online,Female,Graduate,5.0,5.0,4.0,4.0,4.0,5,Yes,One of the best training experiences I have had so far.,2025-02-01
STU-01679,AI in Biotechnology,Aug 2026 Batch,Government College of Engineering & Textile Technology,Online,Female,3rd Year,5.0,5.0,5.0,5.0,5.0,5,Yes,"Great balance of theory and practicals, exceeded my expectations.",2026-08-01
STU-00297,Python Programming,Sep 2025 Batch,Government College of Engineering & Textile Technology,Offline,Female,Working Professional,4.0,2.0,3.0,4.0,3.0,3,No,Curriculum could include more project-based learning.,2025-09-01
STU-00592,AI in Biotechnology,Oct 2025 Batch,JIS College of Engineering,Online,Female,Working Professional,5.0,5.0,5.0,5.0,5.0,5,Yes,"Loved the hands-on projects, they really built my confidence.",2025-10-01
STU-00768,Full Stack Development,Jan 2026 Batch,Techno India University,Hybrid,Male,3rd Year,4.0,4.0,4.0,3.0,3.0,4,No,"The program was decent overall, nothing major to complain about.",2026-01-01
STU-00725,Cloud Computing (AWS),Aug 2026 Batch,St. Xavier's College Kolkata,Offline,Male,3rd Year,5.0,5.0,5.0,5.0,5.0,5,Yes,"Great balance of theory and practicals, exceeded my expectations.",2026-08-01
STU-01930,Web Development,Jan 2025 Batch,Government College of Engineering & Textile Technology,Online,Female,3rd Year,5.0,5.0,5.0,5.0,5.0,5,Yes,The curriculum was well structured and relevant to current industry needs.,2025-01-01
STU-00627,Advanced Excel & Power BI,Apr 2025 Batch,Independent / Working Professional,Online,Female,Graduate,4.0,4.0,5.0,5.0,5.0,5,Yes,The curriculum was well structured and relevant to current industry needs.,2025-04-01
STU-01942,AI in Food Technology,Jul 2026 Batch,St. Xavier's College Kolkata,Hybrid,Female,4th Year,4.0,4.0,4.0,4.0,4.0,4,Yes,"Great mentorship throughout the program, felt supported at every step.",2026-07-01
STU-01934,DevOps,Feb 2025 Batch,Government College of Engineering & Textile Technology,Hybrid,Female,4th Year,5.0,4.0,4.0,4.0,4.0,5,Yes,The trainer explained concepts clearly and was always ready to help.,2025-02-01
STU-01213,Cybersecurity & Ethical Hacking,Mar 2026 Batch,Techno India University,Online,Male,3rd Year,3.0,3.0,3.0,3.0,3.0,3,Yes,The trainer could explain concepts more clearly.,2026-03-01
STU-01601,Blockchain Basics,Jul 2026 Batch,JIS College of Engineering,Hybrid,Male,3rd Year,3.0,4.0,4.0,4.0,5.0,4,Yes,Trainer seemed unprepared in a couple of sessions.,2026-07-01
STU-00252,DevOps,Jul 2026 Batch,Government College of Engineering & Textile Technology,Online,Male,1st Year,5.0,5.0,5.0,5.0,5.0,5,Yes,The trainer's real-world examples made the sessions very useful.,2026-07-01
STU-01808,DevOps,Feb 2025 Batch,St. Xavier's College Kolkata,Online,Male,3rd Year,5.0,5.0,5.0,5.0,5.0,5,Yes,The trainer's real-world examples made the sessions very useful.,2025-02-01
STU-01306,App Development (Android),Oct 2025 Batch,St. Xavier's College Kolkata,Online,Male,Working Professional,3.0,4.0,2.0,4.0,3.0,3,Yes,Too much content packed into too few sessions.,2025-10-01
STU-01891,Agentic AI,Sep 2025 Batch,Techno India University,Online,Female,3rd Year,3.0,3.0,3.0,4.0,3.0,4,Yes,The trainer could explain concepts more clearly.,2025-09-01
STU-00983,Web Development,Apr 2025 Batch,Techno India University,Offline,Male,3rd Year,5.0,3.0,4.0,3.0,3.0,4,No,"It was fine, but I expected a bit more depth in the later modules.",2025-04-01
STU-01761,Competitive Programming,Feb 2026 Batch,JIS College of Engineering,Online,Female,3rd Year,4.0,5.0,5.0,5.0,4.0,5,Yes,The support team responded quickly whenever I had doubts.,2026-02-01
STU-00707,Generative AI,Jun 2026 Batch,Independent / Working Professional,Offline,Male,Working Professional,3.0,3.0,1.0,3.0,2.0,2,No,Too much content packed into too few sessions.,2026-06-01
STU-00488,Data Science,Mar 2026 Batch,Independent / Working Professional,Online,Female,3rd Year,5.0,5.0,5.0,5.0,5.0,5,Yes,The support team responded quickly whenever I had doubts.,2026-03-01
STU-00274,Cybersecurity & Ethical Hacking,Apr 2026 Batch,Techno India University,Hybrid,Female,3rd Year,4.0,4.0,4.0,4.0,4.0,4,Yes,"Loved the hands-on projects, they really built my confidence.",2026-04-01
STU-01496,Machine Learning,Apr 2026 Batch,Government College of Engineering & Textile Technology,Online,Female,3rd Year,4.0,3.0,4.0,5.0,5.0,4,No,Curriculum could include more project-based learning.,2026-04-01
STU-01805,AI in Biotechnology,Sep 2025 Batch,Techno India University,Offline,Male,Graduate,4.0,4.0,3.0,4.0,2.0,3,Yes,Faced frequent audio/video issues during classes.,2025-09-01
STU-00964,Cybersecurity & Ethical Hacking,Jan 2025 Batch,Narasingh Choudhuri Autonomous College,Offline,Male,4th Year,4.0,4.0,3.0,3.0,4.0,3,Yes,Struggled to keep up as new topics were introduced too quickly.,2025-01-01
STU-00878,Generative AI,Feb 2025 Batch,Government College of Engineering & Textile Technology,Offline,Female,Working Professional,4.0,3.0,3.0,4.0,2.0,4,No,The online platform kept lagging during live sessions.,2025-02-01
STU-01950,Advanced Excel & Power BI,Nov 2025 Batch,JIS College of Engineering,Offline,Female,3rd Year,4.0,2.0,4.0,4.0,4.0,3,No,Curriculum could include more project-based learning.,2025-11-01
STU-01801,AI in Biotechnology,Oct 2025 Batch,Techno India University,Offline,Male,3rd Year,4.0,4.0,4.0,5.0,4.0,4,Yes,"Excellent program overall, would definitely recommend to my juniors.",2025-10-01
STU-00412,Weather Forecasting ML Project,Sep 2025 Batch,Government College of Engineering & Textile Technology,Hybrid,Male,4th Year,4.0,3.0,2.0,4.0,3.0,3,No,Session quality varied depending on the trainer.,2025-09-01
STU-00668,Full Stack Development,Apr 2025 Batch,Maulana Azad College,Online,Female,Working Professional,3.0,3.0,3.0,3.0,4.0,3,Yes,The trainer could explain concepts more clearly.,2025-04-01
STU-01263,Machine Learning,Jun 2026 Batch,Government College of Engineering & Textile Technology,Online,Male,3rd Year,5.0,4.0,5.0,4.0,4.0,4,Yes,"Loved the hands-on projects, they really built my confidence.",2026-06-01
STU-00150,Agentic AI,Nov 2025 Batch,Government College of Engineering & Textile Technology,Online,Male,3rd Year,5.0,4.0,5.0,4.0,4.0,5,Yes,"Really enjoyed the sessions, the trainer kept things engaging.",2025-11-01
STU-00493,Java FDP (Faculty Development),Oct 2025 Batch,Neotia University,Offline,Male,2nd Year,4.0,4.0,3.0,5.0,4.0,4,No,"Average experience, some sessions were better than others.",2025-10-01
STU-01594,Full Stack Development,Sep 2025 Batch,Neotia University,Offline,Female,2nd Year,4.0,4.0,3.0,4.0,3.0,4,No,Session quality varied depending on the trainer.,2025-09-01
STU-00219,Competitive Programming,Jul 2026 Batch,Maulana Azad College,Hybrid,Female,3rd Year,3.0,3.0,2.0,4.0,2.0,3,Yes,"The sessions moved too fast, hard to keep up with the pace.",2026-07-01
STU-00431,Networking Fundamentals,Sep 2025 Batch,Independent / Working Professional,Online,Female,1st Year,4.0,4.0,3.0,4.0,4.0,4,Yes,"Average experience, some sessions were better than others.",2025-09-01
STU-01132,Machine Learning,Jul 2026 Batch,Heritage Institute of Technology,Offline,Male,4th Year,5.0,4.0,4.0,4.0,4.0,4,Yes,The trainer's real-world examples made the sessions very useful.,2026-07-01
STU-01217,Machine Learning,Jul 2026 Batch,Narasingh Choudhuri Autonomous College,Online,Male,3rd Year,4.0,3.0,2.0,3.0,3.0,3,No,"Wish there was more time per topic, felt rushed throughout.",2026-07-01
STU-00793,Python Programming,Jan 2025 Batch,Neotia University,Online,Male,3rd Year,3.0,3.0,3.0,3.0,2.0,3,Yes,The online platform kept lagging during live sessions.,2025-01-01
STU-00192,Cloud Computing (AWS),Oct 2025 Batch,Government College of Engineering & Textile Technology,Online,Male,3rd Year,4.0,4.0,3.0,4.0,5.0,4,Yes,"Decent program, could use a bit more structure in scheduling.",2025-10-01
STU-00334,DevOps,Mar 2025 Batch,St. Xavier's College Kolkata,Hybrid,Male,1st Year,4.0,5.0,5.0,4.0,3.0,4,Yes,The portal for assignments was confusing and slow to load.,2025-03-01
STU-01313,Java Development,Jun 2026 Batch,Government College of Engineering & Textile Technology,Offline,Male,3rd Year,4.0,4.0,4.0,4.0,5.0,4,Yes,The projects assigned really helped me apply what was taught.,2026-06-01
STU-01316,Digital Marketing,May 2026 Batch,Maulana Azad College,Offline,Male,4th Year,4.0,4.0,3.0,3.0,3.0,4,Yes,"The sessions moved too fast, hard to keep up with the pace.",2026-05-01
STU-00963,Cybersecurity & Ethical Hacking,Nov 2025 Batch,Techno India University,Online,Female,3rd Year,4.0,3.0,3.0,3.0,3.0,3,Yes,No comments.,2025-11-01
STU-01498,Java Development,Oct 2025 Batch,Techno India University,Offline,Female,Working Professional,4.0,3.0,4.0,3.0,4.0,3,Yes,"Overall okay experience, a few sessions could have been better planned.",2025-10-01
STU-01938,Networking Fundamentals,Nov 2025 Batch,Government College of Engineering & Textile Technology,Offline,Prefer not to say,4th Year,5.0,5.0,5.0,5.0,4.0,5,Yes,"Clear explanations, useful resources, and prompt doubt-clearing sessions.",2025-11-01
STU-01641,Web Development,Mar 2026 Batch,Government College of Engineering & Textile Technology,Online,Male,1st Year,4.0,4.0,4.0,5.0,4.0,4,Yes,The trainer's real-world examples made the sessions very useful.,2026-03-01
STU-01606,DevOps,Sep 2025 Batch,Government College of Engineering & Textile Technology,Online,Female,3rd Year,4.0,3.0,3.0,3.0,3.0,3,No,Wanted more advanced/real-world case studies in the curriculum.,2025-09-01
STU-00583,Blockchain Basics,Sep 2025 Batch,Maulana Azad College,Online,Male,2nd Year,4.0,3.0,3.0,3.0,4.0,4,No,Session quality varied depending on the trainer.,2025-09-01
STU-01897,Web Development,May 2026 Batch,Government College of Engineering & Textile Technology,Online,Prefer not to say,2nd Year,5.0,4.0,4.0,4.0,4.0,4,No,"Really enjoyed the sessions, the trainer kept things engaging.",2026-05-01
STU-01655,Java Development,Jul 2026 Batch,St. Xavier's College Kolkata,Offline,Male,4th Year,4.0,4.0,3.0,4.0,4.0,4,Yes,Too much content packed into too few sessions.,2026-07-01
STU-00840,Full Stack Development,Nov 2025 Batch,Government College of Engineering & Textile Technology,Hybrid,Female,Working Professional,3.0,3.0,4.0,4.0,3.0,3,No,Trainer seemed unprepared in a couple of sessions.,2025-11-01
STU-00679,Internet of Things (IoT),Jul 2026 Batch,Techno India University,Hybrid,Female,1st Year,3.0,3.0,3.0,3.0,4.0,3,Yes,Recorded session links took too long to be uploaded.,2026-07-01
STU-00324,Java FDP (Faculty Development),Jul 2026 Batch,St. Xavier's College Kolkata,Online,Female,Graduate,3.0,4.0,4.0,4.0,4.0,4,Yes,The trainer could explain concepts more clearly.,2026-07-01
STU-01632,Agentic AI,Feb 2026 Batch,Government College of Engineering & Textile Technology,Hybrid,Male,2nd Year,4.0,5.0,3.0,5.0,3.0,5,Yes,"Average experience, some sessions were better than others.",2026-02-01
STU-01161,Agentic AI,Jan 2025 Batch,Narasingh Choudhuri Autonomous College,Online,Prefer not to say,3rd Year,4.0,4.0,3.0,3.0,3.0,3,No,"Pace needs to slow down, especially for beginners in the batch.",2025-01-01
STU-00779,App Development (Android),Aug 2026 Batch,St. Xavier's College Kolkata,Hybrid,Female,4th Year,4.0,3.0,4.0,4.0,3.0,4,No,"Decent program, could use a bit more structure in scheduling.",2026-08-01
STU-01077,Cybersecurity & Ethical Hacking,Jul 2026 Batch,Techno India University,Offline,Male,4th Year,5.0,5.0,5.0,4.0,4.0,4,Yes,The projects assigned really helped me apply what was taught.,2026-07-01
STU-00940,DevOps,Jun 2026 Batch,Government College of Engineering & Textile Technology,Online,Female,2nd Year,5.0,4.0,5.0,4.0,3.0,5,Yes,"It was fine, but I expected a bit more depth in the later modules.",2026-06-01
STU-00438,Internet of Things (IoT),Jan 2025 Batch,Neotia University,Online,Female,3rd Year,5.0,5.0,4.0,5.0,5.0,5,Yes,"Very satisfied, the mentors were patient and encouraging throughout.",2025-01-01
STU-00120,Java Development,May 2025 Batch,Narasingh Choudhuri Autonomous College,Online,Female,2nd Year,4.0,4.0,4.0,4.0,2.0,3,No,"Lab access was unreliable, lost a lot of time troubleshooting.",2025-05-01
STU-01967,AI in Food Technology,Nov 2025 Batch,Government College of Engineering & Textile Technology,Hybrid,Male,1st Year,3.0,4.0,3.0,4.0,3.0,3,No,"It was fine, but I expected a bit more depth in the later modules.",2025-11-01
STU-01553,Cybersecurity & Ethical Hacking,Oct 2025 Batch,St. Xavier's College Kolkata,Online,Female,2nd Year,5.0,5.0,4.0,5.0,5.0,5,Yes,"Enjoyed every module, especially the live project work.",2025-10-01
STU-01027,UI/UX Design,Aug 2025 Batch,Government College of Engineering & Textile Technology,Online,Female,1st Year,3.0,4.0,3.0,3.0,3.0,3,Yes,Explanations were sometimes too fast to follow properly.,2025-08-01
STU-01254,Machine Learning,Feb 2026 Batch,Neotia University,Hybrid,Female,Graduate,3.0,3.0,2.0,4.0,3.0,3,No,"Average experience, some sessions were better than others.",2026-02-01
STU-01369,UI/UX Design,Jul 2026 Batch,Government College of Engineering & Textile Technology,Online,Female,3rd Year,2.0,3.0,2.0,3.0,3.0,3,No,"Decent program, could use a bit more structure in scheduling.",2026-07-01
STU-00077,Python Programming,Jun 2025 Batch,Independent / Working Professional,Online,Female,Working Professional,4.0,5.0,5.0,5.0,5.0,4,Yes,"Enjoyed every module, especially the live project work.",2025-06-01
STU-01054,AI in Biotechnology,Feb 2026 Batch,Direct / Online (ASD),Online,Male,Working Professional,5.0,5.0,5.0,5.0,4.0,4,Yes,"Well-paced sessions and very approachable trainer, learned a lot.",2026-02-01
STU-00901,Blockchain Basics,Aug 2026 Batch,Maulana Azad College,Hybrid,Female,4th Year,4.0,3.0,4.0,3.0,4.0,4,Yes,"Reasonably good, though I expected slightly more hands-on practice.",2026-08-01
STU-00372,Digital Marketing,Apr 2026 Batch,Techno India University,Online,Female,3rd Year,4.0,4.0,4.0,5.0,2.0,4,Yes,Had connectivity issues on the platform almost every week.,2026-04-01
STU-01851,Web Development,Jun 2026 Batch,JIS College of Engineering,Online,Male,3rd Year,4.0,3.0,3.0,4.0,2.0,3,Yes,"Overall okay experience, a few sessions could have been better planned.",2026-06-01
STU-01432,Machine Learning,Jun 2026 Batch,Maulana Azad College,Hybrid,Female,3rd Year,4.0,5.0,4.0,4.0,5.0,5,Yes,"Excellent program overall, would definitely recommend to my juniors.",2026-06-01
STU-01963,Advanced Excel & Power BI,Apr 2025 Batch,Government College of Engineering & Textile Technology,Offline,Male,4th Year,4.0,3.0,3.0,3.0,3.0,3,Yes,Explanations were sometimes too fast to follow properly.,2025-04-01
STU-00942,Networking Fundamentals,Mar 2026 Batch,Government College of Engineering & Textile Technology,Online,Male,3rd Year,4.0,3.0,2.0,2.0,3.0,3,Yes,"The program was decent overall, nothing major to complain about.",2026-03-01
STU-00578,Digital Marketing,May 2025 Batch,JIS College of Engineering,Online,Male,2nd Year,3.0,3.0,3.0,4.0,3.0,3,Yes,Explanations were sometimes too fast to follow properly.,2025-05-01
STU-00820,Web Development,Jun 2025 Batch,Maulana Azad College,Online,Male,1st Year,3.0,3.0,4.0,3.0,3.0,3,Yes,"Sessions felt monotonous, needed more interactive teaching.",2025-06-01
STU-00193,Java Development,Feb 2026 Batch,Techno India University,Offline,Male,Graduate,4.0,3.0,3.0,4.0,2.0,3,Yes,Recorded session links took too long to be uploaded.,2026-02-01
STU-01481,App Development (Android),Apr 2026 Batch,Techno India University,Online,Male,1st Year,3.0,3.0,3.0,4.0,4.0,3,No,Trainer seemed unprepared in a couple of sessions.,2026-04-01
STU-01721,AI in Food Technology,Feb 2025 Batch,Maulana Azad College,Hybrid,Female,Graduate,4.0,5.0,5.0,5.0,5.0,4,Yes,"Enjoyed every module, especially the live project work.",2025-02-01
STU-01370,Networking Fundamentals,May 2025 Batch,Maulana Azad College,Online,Female,Working Professional,5.0,5.0,4.0,5.0,4.0,4,Yes,"Clear explanations, useful resources, and prompt doubt-clearing sessions.",2025-05-01
STU-00887,Cybersecurity & Ethical Hacking,Aug 2025 Batch,Government College of Engineering & Textile Technology,Online,Female,4th Year,4.0,3.0,3.0,3.0,4.0,4,Yes,,2025-08-01
STU-00969,Data Science,May 2025 Batch,Government College of Engineering & Textile Technology,Online,Female,4th Year,5.0,5.0,5.0,4.0,5.0,5,No,"Clear explanations, useful resources, and prompt doubt-clearing sessions.",2025-05-01
STU-01700,Digital Marketing,Sep 2025 Batch,Techno India University,Offline,Prefer not to say,Graduate,4.0,4.0,5.0,3.0,3.0,4,Yes,Support response on the query group was slow at times.,2025-09-01
STU-00786,Java Development,Jun 2025 Batch,Neotia University,Hybrid,Female,3rd Year,4.0,4.0,4.0,4.0,3.0,4,Yes,The online platform kept lagging during live sessions.,2025-06-01
STU-01754,Web Development,Jul 2026 Batch,Government College of Engineering & Textile Technology,Hybrid,Female,2nd Year,3.0,2.0,3.0,3.0,3.0,3,No,"Overall okay experience, a few sessions could have been better planned.",2026-07-01
STU-01689,Agentic AI,Jul 2026 Batch,Government College of Engineering & Textile Technology,Hybrid,Male,2nd Year,4.0,4.0,4.0,5.0,4.0,4,Yes,"Very satisfied, the mentors were patient and encouraging throughout.",2026-07-01
STU-00302,DevOps,Apr 2026 Batch,St. Xavier's College Kolkata,Online,Female,4th Year,4.0,4.0,4.0,4.0,4.0,4,Yes,Trainer was knowledgeable and made even tough topics easy to grasp.,2026-04-01
STU-00690,Full Stack Development,May 2025 Batch,Techno India University,Online,Male,3rd Year,3.0,3.0,3.0,4.0,3.0,3,No,"Sessions felt monotonous, needed more interactive teaching.",2025-05-01
STU-00813,Web Development,Mar 2025 Batch,JIS College of Engineering,Online,Female,3rd Year,5.0,5.0,5.0,4.0,3.0,5,Yes,"It was fine, but I expected a bit more depth in the later modules.",2025-03-01
STU-01062,Robotics & Embedded Systems,Feb 2025 Batch,JIS College of Engineering,Offline,Male,Graduate,4.0,5.0,4.0,4.0,4.0,4,No,"Great balance of theory and practicals, exceeded my expectations.",2025-02-01
STU-00237,AI in Food Technology,Mar 2026 Batch,Direct / Online (ASD),Online,Male,Working Professional,3.0,4.0,3.0,4.0,4.0,3,Yes,"Content was okay, though a few topics felt rushed.",2026-03-01
STU-01116,Web Development,Jun 2025 Batch,Government College of Engineering & Textile Technology,Online,Male,2nd Year,3.0,4.0,4.0,5.0,5.0,4,Yes,"Content was okay, though a few topics felt rushed.",2025-06-01
STU-01346,App Development (Android),Jul 2026 Batch,Neotia University,Online,Female,4th Year,3.0,4.0,2.0,4.0,4.0,4,Yes,Too much content packed into too few sessions.,2026-07-01
STU-00500,Agentic AI,Sep 2025 Batch,Government College of Engineering & Textile Technology,Online,Male,1st Year,4.0,4.0,4.0,4.0,4.0,4,No,The trainer explained concepts clearly and was always ready to help.,2025-09-01
STU-01646,Machine Learning,Apr 2025 Batch,Neotia University,Hybrid,Female,4th Year,3.0,3.0,3.0,4.0,4.0,3,No,Session quality varied depending on the trainer.,2025-04-01
STU-01080,DevOps,Aug 2026 Batch,JIS College of Engineering,Online,Male,4th Year,5.0,5.0,4.0,4.0,4.0,4,No,The curriculum was well structured and relevant to current industry needs.,2026-08-01
STU-01327,Cybersecurity & Ethical Hacking,Feb 2025 Batch,Government College of Engineering & Textile Technology,Online,Male,2nd Year,5.0,3.0,4.0,5.0,5.0,4,Yes,"Decent program, could use a bit more structure in scheduling.",2025-02-01
STU-00795,Java Development,Jul 2026 Batch,Maulana Azad College,Online,Female,4th Year,3.0,2.0,2.0,3.0,2.0,3,Yes,"Overall okay experience, a few sessions could have been better planned.",2026-07-01
STU-01911,Cybersecurity & Ethical Hacking,Feb 2026 Batch,Narasingh Choudhuri Autonomous College,Hybrid,Female,Graduate,4.0,4.0,5.0,4.0,4.0,4,No,"Well-paced sessions and very approachable trainer, learned a lot.",2026-02-01
STU-01521,Networking Fundamentals,May 2025 Batch,Independent / Working Professional,Online,Female,4th Year,3.0,3.0,3.0,3.0,4.0,3,Yes,"Content was okay, though a few topics felt rushed.",2025-05-01
STU-01919,Competitive Programming,Sep 2025 Batch,St. Xavier's College Kolkata,Offline,Female,3rd Year,4.0,4.0,4.0,4.0,4.0,4,Yes,The trainer explained concepts clearly and was always ready to help.,2025-09-01
STU-00991,DevOps,Oct 2025 Batch,JIS College of Engineering,Online,Male,Working Professional,5.0,4.0,3.0,5.0,5.0,4,Yes,"Decent program, could use a bit more structure in scheduling.",2025-10-01
STU-01362,Full Stack Development,Aug 2026 Batch,Government College of Engineering & Textile Technology,Online,Male,Graduate,3.0,2.0,3.0,2.0,2.0,3,No,"The program was decent overall, nothing major to complain about.",2026-08-01
STU-00935,Networking Fundamentals,Jul 2026 Batch,Heritage Institute of Technology,Offline,Male,2nd Year,4.0,3.0,3.0,3.0,3.0,3,No,Curriculum could include more project-based learning.,2026-07-01
STU-00388,Generative AI,Sep 2025 Batch,Maulana Azad College,Online,Female,3rd Year,5.0,5.0,4.0,5.0,4.0,5,Yes,Practical assignments made the concepts much easier to understand.,2025-09-01
STU-01460,Machine Learning,May 2025 Batch,St. Xavier's College Kolkata,Offline,Male,Graduate,2.0,2.0,2.0,2.0,2.0,2,No,Trainer seemed unprepared in a couple of sessions.,2025-05-01
STU-00391,UI/UX Design,Feb 2025 Batch,Maulana Azad College,Online,Male,3rd Year,3.0,4.0,4.0,4.0,4.0,4,No,"Sessions felt monotonous, needed more interactive teaching.",2025-02-01
STU-00744,Blockchain Basics,Oct 2025 Batch,St. Xavier's College Kolkata,Hybrid,Male,3rd Year,3.0,3.0,3.0,4.0,3.0,4,Yes,Trainer seemed unprepared in a couple of sessions.,2025-10-01
STU-00353,Java Development,Apr 2025 Batch,Maulana Azad College,Hybrid,Male,Working Professional,5.0,5.0,4.0,5.0,4.0,5,Yes,The trainer explained concepts clearly and was always ready to help.,2025-04-01
STU-01218,Internet of Things (IoT),Feb 2025 Batch,St. Xavier's College Kolkata,Offline,Male,2nd Year,4.0,4.0,4.0,5.0,5.0,4,No,The trainer explained concepts clearly and was always ready to help.,2025-02-01
STU-00236,Java Development,May 2025 Batch,Government College of Engineering & Textile Technology,Offline,Male,2nd Year,4.0,4.0,4.0,4.0,4.0,4,Yes,"Great mentorship throughout the program, felt supported at every step.",2025-05-01
STU-01696,Weather Forecasting ML Project,Apr 2025 Batch,Government College of Engineering & Textile Technology,Offline,Female,3rd Year,5.0,4.0,4.0,5.0,4.0,4,No,"Great balance of theory and practicals, exceeded my expectations.",2025-04-01
STU-00481,App Development (Android),Feb 2026 Batch,Government College of Engineering & Textile Technology,Hybrid,Male,2nd Year,5.0,5.0,4.0,5.0,5.0,5,Yes,The trainer's real-world examples made the sessions very useful.,2026-02-01
STU-00568,Digital Marketing,Aug 2025 Batch,Independent / Working Professional,Hybrid,Male,4th Year,5.0,5.0,5.0,5.0,5.0,5,Yes,"Clear explanations, useful resources, and prompt doubt-clearing sessions.",2025-08-01
STU-01141,Advanced Excel & Power BI,Apr 2025 Batch,Techno India University,Online,Male,4th Year,5.0,4.0,4.0,4.0,4.0,4,No,The trainer's real-world examples made the sessions very useful.,2025-04-01
STU-01671,UI/UX Design,Mar 2025 Batch,Techno India University,Online,Male,3rd Year,5.0,4.0,3.0,3.0,3.0,4,No,"Wish there was more time per topic, felt rushed throughout.",2025-03-01
STU-01852,Networking Fundamentals,May 2025 Batch,Government College of Engineering & Textile Technology,Online,Prefer not to say,4th Year,4.0,3.0,3.0,3.0,3.0,4,Yes,Curriculum could include more project-based learning.,2025-05-01
STU-01556,Machine Learning,Feb 2026 Batch,Narasingh Choudhuri Autonomous College,Hybrid,Male,2nd Year,5.0,5.0,5.0,4.0,4.0,4,Yes,"Enjoyed every module, especially the live project work.",2026-02-01
STU-00121,App Development (Android),Apr 2026 Batch,St. Xavier's College Kolkata,Offline,Male,Graduate,4.0,4.0,4.0,5.0,5.0,4,Yes,"Enjoyed every module, especially the live project work.",2026-04-01
STU-01716,Cybersecurity & Ethical Hacking,May 2025 Batch,St. Xavier's College Kolkata,Online,Male,3rd Year,4.0,4.0,3.0,3.0,3.0,3,Yes,"Content was okay, though a few topics felt rushed.",2025-05-01
STU-01025,Agentic AI,Mar 2025 Batch,Techno India University,Offline,Male,3rd Year,4.0,5.0,4.0,4.0,5.0,4,Yes,The program content was up to date and industry relevant.,2025-03-01
STU-01087,Data Science,May 2025 Batch,St. Xavier's College Kolkata,Online,Female,4th Year,4.0,4.0,4.0,5.0,3.0,4,Yes,Nothing to add.,2025-05-01
STU-01273,AI in Food Technology,Jun 2026 Batch,Narasingh Choudhuri Autonomous College,Offline,Male,2nd Year,4.0,5.0,4.0,5.0,4.0,4,No,"Really enjoyed the sessions, the trainer kept things engaging.",2026-06-01
STU-00927,Generative AI,May 2026 Batch,Neotia University,Online,Female,3rd Year,5.0,5.0,5.0,5.0,5.0,5,Yes,The projects assigned really helped me apply what was taught.,2026-05-01
STU-00516,Machine Learning,Nov 2025 Batch,JIS College of Engineering,Online,Male,Graduate,3.0,4.0,4.0,5.0,4.0,4,Yes,"Decent program, could use a bit more structure in scheduling.",2025-11-01
STU-00224,Web Development,Jul 2025 Batch,JIS College of Engineering,Hybrid,Female,4th Year,4.0,5.0,2.0,5.0,3.0,4,Yes,,2025-07-01
STU-01468,Cybersecurity & Ethical Hacking,Feb 2025 Batch,Techno India University,Offline,Male,3rd Year,5.0,4.0,5.0,4.0,5.0,5,Yes,Practical assignments made the concepts much easier to understand.,2025-02-01
STU-00614,Robotics & Embedded Systems,Nov 2025 Batch,Government College of Engineering & Textile Technology,Online,Male,1st Year,5.0,5.0,5.0,4.0,4.0,5,Yes,"Great balance of theory and practicals, exceeded my expectations.",2025-11-01
STU-00844,Generative AI,Jun 2025 Batch,St. Xavier's College Kolkata,Hybrid,Male,4th Year,4.0,4.0,4.0,4.0,5.0,4,Yes,Doubt resolution took longer than expected outside class hours.,2025-06-01
STU-01246,Cybersecurity & Ethical Hacking,Apr 2025 Batch,JIS College of Engineering,Hybrid,Male,3rd Year,5.0,5.0,5.0,5.0,4.0,5,Yes,The program content was up to date and industry relevant.,2025-04-01
STU-00053,UI/UX Design,Aug 2026 Batch,Heritage Institute of Technology,Online,Female,3rd Year,4.0,4.0,4.0,4.0,4.0,4,Yes,Could use an extra week or two to cover everything properly.,2026-08-01
STU-01832,Cybersecurity & Ethical Hacking,Mar 2025 Batch,Techno India University,Online,Female,4th Year,4.0,5.0,4.0,5.0,5.0,5,Yes,"Great balance of theory and practicals, exceeded my expectations.",2025-03-01
STU-00486,Java Development,Oct 2025 Batch,Government College of Engineering & Textile Technology,Offline,Female,1st Year,5.0,4.0,2.0,5.0,4.0,4,Yes,Too much content packed into too few sessions.,2025-10-01
STU-01903,Digital Marketing,Sep 2025 Batch,St. Xavier's College Kolkata,Offline,Male,3rd Year,4.0,5.0,4.0,5.0,4.0,5,Yes,One of the best training experiences I have had so far.,2025-09-01
STU-00819,UI/UX Design,Jul 2026 Batch,Techno India University,Online,Male,2nd Year,4.0,5.0,3.0,4.0,4.0,4,Yes,"Wish there was more time per topic, felt rushed throughout.",2026-07-01
STU-00156,Java FDP (Faculty Development),Sep 2025 Batch,St. Xavier's College Kolkata,Online,Male,Graduate,4.0,4.0,3.0,4.0,4.0,4,Yes,"Overall okay experience, a few sessions could have been better planned.",2025-09-01
STU-01367,Weather Forecasting ML Project,Jul 2026 Batch,Government College of Engineering & Textile Technology,Online,Male,4th Year,4.0,4.0,3.0,5.0,4.0,4,Yes,Could use an extra week or two to cover everything properly.,2026-07-01
STU-00601,DevOps,Nov 2025 Batch,Neotia University,Online,Male,2nd Year,5.0,5.0,4.0,5.0,4.0,5,Yes,The program content was up to date and industry relevant.,2025-11-01
STU-01592,Java FDP (Faculty Development),May 2026 Batch,Techno India University,Online,Female,Graduate,4.0,4.0,4.0,4.0,4.0,4,Yes,"Well-paced sessions and very approachable trainer, learned a lot.",2026-05-01
STU-00249,Internet of Things (IoT),Aug 2025 Batch,Heritage Institute of Technology,Online,Female,Graduate,5.0,5.0,4.0,5.0,4.0,5,Yes,"Very satisfied, the mentors were patient and encouraging throughout.",2025-08-01
STU-00762,Competitive Programming,Sep 2025 Batch,Techno India University,Hybrid,Female,2nd Year,4.0,4.0,3.0,4.0,3.0,4,Yes,"Wish there was more time per topic, felt rushed throughout.",2025-09-01
STU-01816,Web Development,Oct 2025 Batch,St. Xavier's College Kolkata,Online,Male,Graduate,4.0,4.0,5.0,4.0,3.0,4,Yes,,2025-10-01
STU-01131,Python Programming,Nov 2025 Batch,JIS College of Engineering,Offline,Female,3rd Year,5.0,5.0,5.0,5.0,5.0,5,Yes,"Well-paced sessions and very approachable trainer, learned a lot.",2025-11-01
STU-00543,Digital Marketing,Oct 2025 Batch,Narasingh Choudhuri Autonomous College,Online,Male,2nd Year,3.0,4.0,2.0,4.0,3.0,3,No,Could use an extra week or two to cover everything properly.,2025-10-01
STU-00794,Blockchain Basics,Apr 2026 Batch,Neotia University,Offline,Male,2nd Year,3.0,4.0,3.0,3.0,2.0,3,No,Faced frequent audio/video issues during classes.,2026-04-01
STU-01142,Data Science,Apr 2026 Batch,Techno India University,Online,Male,3rd Year,4.0,5.0,4.0,5.0,4.0,5,No,"Enjoyed every module, especially the live project work.",2026-04-01
STU-01446,Competitive Programming,Sep 2025 Batch,St. Xavier's College Kolkata,Online,Female,3rd Year,5.0,5.0,4.0,5.0,4.0,5,Yes,The projects assigned really helped me apply what was taught.,2025-09-01
STU-00629,Full Stack Development,May 2026 Batch,Government College of Engineering & Textile Technology,Online,Female,Working Professional,3.0,3.0,3.0,4.0,2.0,4,Yes,Had connectivity issues on the platform almost every week.,2026-05-01
STU-00151,Weather Forecasting ML Project,Mar 2026 Batch,Neotia University,Offline,Male,Graduate,5.0,4.0,4.0,5.0,5.0,5,Yes,One of the best training experiences I have had so far.,2026-03-01
STU-01678,DevOps,Nov 2025 Batch,Techno India University,Online,Male,3rd Year,4.0,3.0,2.0,3.0,3.0,3,Yes,"The program was decent overall, nothing major to complain about.",2025-11-01
STU-00292,Machine Learning,Apr 2026 Batch,JIS College of Engineering,Online,Female,3rd Year,4.0,4.0,3.0,4.0,4.0,3,No,"The program was decent overall, nothing major to complain about.",2026-04-01
STU-00382,AI in Food Technology,Jul 2026 Batch,Techno India University,Online,Male,Graduate,3.0,3.0,3.0,4.0,4.0,3,Yes,"Content was okay, though a few topics felt rushed.",2026-07-01
STU-00687,AI in Biotechnology,Jul 2026 Batch,St. Xavier's College Kolkata,Hybrid,Male,2nd Year,3.0,3.0,2.0,3.0,3.0,3,Yes,Session quality varied depending on the trainer.,2026-07-01
STU-01368,Cybersecurity & Ethical Hacking,Sep 2025 Batch,Heritage Institute of Technology,Online,Female,4th Year,4.0,4.0,4.0,4.0,4.0,4,No,The projects assigned really helped me apply what was taught.,2025-09-01
STU-01225,AI in Food Technology,Oct 2025 Batch,Neotia University,Online,Female,4th Year,4.0,3.0,4.0,4.0,3.0,4,Yes,Felt a few modules were not very relevant to the job market.,2025-10-01
STU-00898,AI in Food Technology,Jan 2025 Batch,Government College of Engineering & Textile Technology,Online,Male,3rd Year,5.0,5.0,5.0,4.0,5.0,5,Yes,"Clear explanations, useful resources, and prompt doubt-clearing sessions.",2025-01-01
STU-00855,Machine Learning,Mar 2025 Batch,JIS College of Engineering,Online,Male,4th Year,5.0,5.0,4.0,5.0,5.0,5,Yes,The projects assigned really helped me apply what was taught.,2025-03-01
STU-01072,Weather Forecasting ML Project,Feb 2026 Batch,Neotia University,Hybrid,Male,4th Year,5.0,5.0,5.0,4.0,4.0,5,Yes,"Excellent program overall, would definitely recommend to my juniors.",2026-02-01
STU-01985,Weather Forecasting ML Project,Apr 2025 Batch,St. Xavier's College Kolkata,Offline,Male,2nd Year,5.0,4.0,4.0,5.0,4.0,4,Yes,The trainer's real-world examples made the sessions very useful.,2025-04-01
STU-01518,Generative AI,Feb 2026 Batch,Independent / Working Professional,Online,Male,Graduate,3.0,3.0,2.0,3.0,2.0,3,Yes,"The sessions moved too fast, hard to keep up with the pace.",2026-02-01
STU-01677,Generative AI,Nov 2025 Batch,JIS College of Engineering,Online,Male,3rd Year,4.0,4.0,3.0,3.0,4.0,4,Yes,"The sessions moved too fast, hard to keep up with the pace.",2025-11-01
STU-00892,Java FDP (Faculty Development),Apr 2025 Batch,Techno India University,Online,Male,3rd Year,4.0,4.0,4.0,4.0,5.0,4,Yes,"Loved the hands-on projects, they really built my confidence.",2025-04-01
STU-01745,Networking Fundamentals,Feb 2025 Batch,Government College of Engineering & Textile Technology,Hybrid,Female,3rd Year,5.0,5.0,5.0,4.0,5.0,5,Yes,"Clear explanations, useful resources, and prompt doubt-clearing sessions.",2025-02-01
STU-01989,Machine Learning,Feb 2025 Batch,Government College of Engineering & Textile Technology,Offline,Male,Working Professional,5.0,5.0,4.0,5.0,5.0,5,Yes,The curriculum was well structured and relevant to current industry needs.,2025-02-01
STU-01365,Java Development,Aug 2026 Batch,Neotia University,Online,Male,4th Year,4.0,4.0,4.0,4.0,3.0,4,No,Had connectivity issues on the platform almost every week.,2026-08-01
STU-00616,Machine Learning,Feb 2026 Batch,Government College of Engineering & Textile Technology,Offline,Female,3rd Year,3.0,4.0,3.0,3.0,3.0,3,No,"Decent program, could use a bit more structure in scheduling.",2026-02-01
STU-00155,Weather Forecasting ML Project,Oct 2025 Batch,JIS College of Engineering,Hybrid,Female,2nd Year,5.0,4.0,5.0,4.0,3.0,4,Yes,The portal for assignments was confusing and slow to load.,2025-10-01
STU-01194,Weather Forecasting ML Project,Jan 2025 Batch,Maulana Azad College,Online,Female,4th Year,3.0,2.0,2.0,3.0,3.0,3,No,Session quality varied depending on the trainer.,2025-01-01
STU-01703,Python Programming,Sep 2025 Batch,Techno India University,Hybrid,Male,1st Year,5.0,5.0,4.0,4.0,4.0,5,Yes,"Loved the hands-on projects, they really built my confidence.",2025-09-01
STU-01983,Python Programming,Sep 2025 Batch,St. Xavier's College Kolkata,Hybrid,Male,1st Year,4.0,5.0,5.0,5.0,5.0,5,Yes,The trainer's real-world examples made the sessions very useful.,2025-09-01
STU-01769,DevOps,Oct 2025 Batch,Government College of Engineering & Textile Technology,Online,Male,4th Year,5.0,4.0,4.0,4.0,3.0,4,Yes,Had connectivity issues on the platform almost every week.,2025-10-01
STU-00323,AI in Biotechnology,Aug 2026 Batch,Neotia University,Online,Female,2nd Year,5.0,5.0,4.0,5.0,4.0,5,Yes,The trainer's real-world examples made the sessions very useful.,2026-08-01
STU-01538,App Development (Android),Jan 2025 Batch,Techno India University,Online,Male,Graduate,5.0,4.0,4.0,4.0,4.0,4,Yes,"Clear explanations, useful resources, and prompt doubt-clearing sessions.",2025-01-01
STU-01283,UI/UX Design,Mar 2025 Batch,Neotia University,Offline,Male,2nd Year,4.0,4.0,5.0,4.0,5.0,4,No,"Great mentorship throughout the program, felt supported at every step.",2025-03-01
STU-00083,Full Stack Development,Aug 2025 Batch,Government College of Engineering & Textile Technology,Online,Male,3rd Year,2.0,3.0,2.0,4.0,2.0,3,No,Would appreciate a more engaging teaching style.,2025-08-01
STU-00513,Web Development,May 2026 Batch,Maulana Azad College,Online,Female,3rd Year,4.0,5.0,4.0,5.0,4.0,5,Yes,The trainer's real-world examples made the sessions very useful.,2026-05-01
STU-01517,Generative AI,Feb 2025 Batch,Techno India University,Online,Female,2nd Year,4.0,3.0,4.0,3.0,4.0,4,Yes,Nothing to add.,2025-02-01
STU-01477,Generative AI,May 2025 Batch,Techno India University,Online,Female,4th Year,4.0,4.0,4.0,4.0,4.0,4,No,"Enjoyed every module, especially the live project work.",2025-05-01
STU-00930,Robotics & Embedded Systems,Sep 2025 Batch,Narasingh Choudhuri Autonomous College,Online,Female,3rd Year,3.0,3.0,2.0,3.0,3.0,3,Yes,"Wish there was more time per topic, felt rushed throughout.",2025-09-01
STU-01622,Generative AI,Sep 2025 Batch,St. Xavier's College Kolkata,Offline,Male,3rd Year,3.0,2.0,2.0,2.0,2.0,2,Yes,Some topics felt outdated compared to current industry trends. Struggled to keep up as new topics were introduced too quickly.,2025-09-01
STU-01358,AI in Food Technology,Apr 2025 Batch,Government College of Engineering & Textile Technology,Online,Male,Graduate,3.0,3.0,3.0,4.0,3.0,3,Yes,"Reasonably good, though I expected slightly more hands-on practice.",2025-04-01
STU-00011,Agentic AI,Nov 2025 Batch,Narasingh Choudhuri Autonomous College,Online,Female,3rd Year,4.0,4.0,3.0,3.0,5.0,4,No,"Wish there was more time per topic, felt rushed throughout.",2025-11-01
STU-00832,Competitive Programming,Feb 2026 Batch,Government College of Engineering & Textile Technology,Hybrid,Female,Graduate,3.0,3.0,3.0,3.0,2.0,3,Yes,Had connectivity issues on the platform almost every week.,2026-02-01
STU-00033,Advanced Excel & Power BI,May 2025 Batch,St. Xavier's College Kolkata,Hybrid,Female,1st Year,4.0,4.0,3.0,4.0,5.0,4,No,Struggled to keep up as new topics were introduced too quickly.,2025-05-01
STU-01750,Networking Fundamentals,Mar 2026 Batch,Techno India University,Hybrid,Male,4th Year,4.0,3.0,3.0,4.0,4.0,4,Yes,"Average experience, some sessions were better than others.",2026-03-01
STU-00414,Agentic AI,Mar 2025 Batch,Narasingh Choudhuri Autonomous College,Online,Male,2nd Year,5.0,5.0,5.0,5.0,5.0,5,No,"Great mentorship throughout the program, felt supported at every step.",2025-03-01
STU-00581,Database Management (SQL),Mar 2026 Batch,Narasingh Choudhuri Autonomous College,Offline,Male,1st Year,4.0,4.0,3.0,3.0,3.0,4,Yes,"Pace needs to slow down, especially for beginners in the batch.",2026-03-01
STU-01407,Networking Fundamentals,Apr 2026 Batch,Techno India University,Online,Female,3rd Year,4.0,4.0,4.0,5.0,3.0,4,Yes,Recorded session links took too long to be uploaded.,2026-04-01
STU-01915,Machine Learning,Feb 2026 Batch,Techno India University,Online,Female,Working Professional,3.0,3.0,3.0,3.0,3.0,3,No,"Overall okay experience, a few sessions could have been better planned.",2026-02-01
STU-01564,Full Stack Development,Jun 2025 Batch,Techno India University,Online,Male,2nd Year,5.0,4.0,4.0,4.0,4.0,4,No,"Clear explanations, useful resources, and prompt doubt-clearing sessions.",2025-06-01
STU-01894,Machine Learning,Jul 2025 Batch,Government College of Engineering & Textile Technology,Online,Male,Graduate,3.0,3.0,3.0,3.0,2.0,3,Yes,"Decent program, could use a bit more structure in scheduling.",2025-07-01
STU-00615,Full Stack Development,Nov 2025 Batch,Government College of Engineering & Textile Technology,Online,Male,3rd Year,5.0,4.0,5.0,5.0,5.0,5,Yes,"Great mentorship throughout the program, felt supported at every step.",2025-11-01
STU-01046,Data Science,Oct 2025 Batch,JIS College of Engineering,Online,Male,Working Professional,5.0,4.0,5.0,5.0,5.0,4,Yes,"Great mentorship throughout the program, felt supported at every step.",2025-10-01
STU-01403,AI in Biotechnology,Jul 2026 Batch,Narasingh Choudhuri Autonomous College,Online,Female,4th Year,5.0,5.0,5.0,5.0,4.0,5,Yes,"Loved the hands-on projects, they really built my confidence.",2026-07-01
STU-01015,Agentic AI,May 2025 Batch,Heritage Institute of Technology,Online,Male,1st Year,4.0,3.0,3.0,4.0,4.0,3,No,"Content was okay, though a few topics felt rushed.",2025-05-01
STU-00090,Competitive Programming,Apr 2025 Batch,Maulana Azad College,Online,Male,1st Year,4.0,3.0,3.0,4.0,2.0,3,No,Recorded session links took too long to be uploaded.,2025-04-01
STU-01765,Web Development,Apr 2025 Batch,Government College of Engineering & Textile Technology,Online,Female,3rd Year,3.0,4.0,4.0,3.0,3.0,3,Yes,"Sessions felt monotonous, needed more interactive teaching.",2025-04-01
STU-00602,Machine Learning,Mar 2025 Batch,JIS College of Engineering,Offline,Female,4th Year,2.0,3.0,2.0,3.0,2.0,3,Yes,"The program was decent overall, nothing major to complain about.",2025-03-01
STU-01238,Cybersecurity & Ethical Hacking,Feb 2025 Batch,St. Xavier's College Kolkata,Hybrid,Male,4th Year,5.0,5.0,5.0,5.0,4.0,5,Yes,The program content was up to date and industry relevant.,2025-02-01
STU-01827,AI in Biotechnology,Mar 2026 Batch,Techno India University,Online,Female,4th Year,5.0,5.0,4.0,5.0,5.0,5,Yes,The projects assigned really helped me apply what was taught.,2026-03-01
STU-00134,Web Development,Jul 2026 Batch,Maulana Azad College,Online,Male,3rd Year,4.0,4.0,4.0,4.0,3.0,4,Yes,The online platform kept lagging during live sessions.,2026-07-01
STU-01371,Data Science,Feb 2026 Batch,Techno India University,Online,Male,3rd Year,4.0,4.0,4.0,4.0,3.0,4,Yes,The online platform kept lagging during live sessions.,2026-02-01
STU-00556,Full Stack Development,Aug 2025 Batch,St. Xavier's College Kolkata,Online,Male,Graduate,3.0,4.0,3.0,3.0,2.0,3,No,"Average experience, some sessions were better than others.",2025-08-01
STU-01032,UI/UX Design,Aug 2026 Batch,Government College of Engineering & Textile Technology,Online,Female,2nd Year,4.0,4.0,4.0,4.0,4.0,4,Yes,"Well-paced sessions and very approachable trainer, learned a lot.",2026-08-01
STU-01557,App Development (Android),Jan 2025 Batch,St. Xavier's College Kolkata,Online,Female,Working Professional,4.0,5.0,4.0,5.0,3.0,4,No,,2025-01-01
STU-00321,App Development (Android),Feb 2025 Batch,Independent / Working Professional,Online,Female,3rd Year,4.0,4.0,3.0,5.0,4.0,4,Yes,"Content was okay, though a few topics felt rushed.",2025-02-01
STU-01760,Blockchain Basics,Jul 2026 Batch,Techno India University,Online,Male,2nd Year,4.0,5.0,3.0,4.0,4.0,4,Yes,Could use an extra week or two to cover everything properly.,2026-07-01
STU-01212,Generative AI,Mar 2025 Batch,Government College of Engineering & Textile Technology,Online,Male,3rd Year,5.0,4.0,4.0,5.0,4.0,4,No,"Enjoyed every module, especially the live project work.",2025-03-01
STU-01727,Networking Fundamentals,Feb 2026 Batch,Narasingh Choudhuri Autonomous College,Hybrid,Female,Graduate,4.0,2.0,3.0,3.0,3.0,3,Yes,"Decent program, could use a bit more structure in scheduling.",2026-02-01
STU-00635,Cybersecurity & Ethical Hacking,Jan 2025 Batch,Government College of Engineering & Textile Technology,Online,Female,3rd Year,4.0,3.0,3.0,4.0,3.0,4,No,Curriculum could include more project-based learning.,2025-01-01
STU-00553,UI/UX Design,Apr 2026 Batch,Techno India University,Online,Male,Graduate,5.0,4.0,4.0,5.0,4.0,4,Yes,"Excellent program overall, would definitely recommend to my juniors.",2026-04-01
STU-01329,Full Stack Development,Feb 2026 Batch,St. Xavier's College Kolkata,Offline,Female,Graduate,3.0,4.0,2.0,3.0,3.0,3,No,"Pace needs to slow down, especially for beginners in the batch.",2026-02-01
STU-01056,Cloud Computing (AWS),Aug 2025 Batch,Government College of Engineering & Textile Technology,Hybrid,Female,1st Year,4.0,3.0,4.0,4.0,4.0,4,Yes,Would like the syllabus to be updated more frequently.,2025-08-01
STU-01550,Database Management (SQL),Jun 2025 Batch,Government College of Engineering & Textile Technology,Hybrid,Male,3rd Year,4.0,4.0,5.0,4.0,3.0,4,Yes,Session quality varied depending on the trainer.,2025-06-01
STU-00797,Machine Learning,Aug 2026 Batch,Independent / Working Professional,Online,Female,4th Year,3.0,3.0,2.0,1.0,1.0,2,Yes,Needed quicker follow-up on queries raised after class. Could use an extra week or two to cover everything properly.,2026-08-01
STU-01652,Java FDP (Faculty Development),Aug 2025 Batch,Independent / Working Professional,Hybrid,Male,3rd Year,3.0,3.0,2.0,4.0,2.0,3,Yes,Could use an extra week or two to cover everything properly.,2025-08-01
STU-01265,AI in Food Technology,Mar 2025 Batch,Techno India University,Online,Prefer not to say,2nd Year,3.0,5.0,3.0,3.0,4.0,3,Yes,Trainer seemed unprepared in a couple of sessions.,2025-03-01
STU-01701,Machine Learning,Oct 2025 Batch,Government College of Engineering & Textile Technology,Online,Male,Graduate,3.0,3.0,2.0,4.0,3.0,3,No,Could use an extra week or two to cover everything properly.,2025-10-01
STU-00175,Blockchain Basics,Sep 2025 Batch,Government College of Engineering & Textile Technology,Offline,Prefer not to say,3rd Year,5.0,4.0,3.0,4.0,5.0,4,Yes,"Wish there was more time per topic, felt rushed throughout.",2025-09-01
STU-00767,Blockchain Basics,Feb 2026 Batch,Maulana Azad College,Online,Female,4th Year,3.0,4.0,3.0,4.0,4.0,3,Yes,The trainer could explain concepts more clearly.,2026-02-01
STU-00246,Machine Learning,May 2025 Batch,Techno India University,Hybrid,Female,4th Year,5.0,4.0,3.0,4.0,4.0,5,Yes,Could use an extra week or two to cover everything properly.,2025-05-01
STU-01081,Blockchain Basics,Aug 2025 Batch,Government College of Engineering & Textile Technology,Online,Female,3rd Year,5.0,5.0,4.0,5.0,4.0,5,Yes,"Very satisfied, the mentors were patient and encouraging throughout.",2025-08-01
STU-01726,DevOps,Sep 2025 Batch,JIS College of Engineering,Online,Female,2nd Year,4.0,4.0,3.0,4.0,3.0,4,Yes,"Pace needs to slow down, especially for beginners in the batch.",2025-09-01
STU-00146,Full Stack Development,May 2025 Batch,Government College of Engineering & Textile Technology,Offline,Female,3rd Year,5.0,5.0,5.0,5.0,5.0,5,Yes,"Very satisfied, the mentors were patient and encouraging throughout.",2025-05-01
STU-00091,Cloud Computing (AWS),Jul 2026 Batch,St. Xavier's College Kolkata,Online,Male,4th Year,5.0,5.0,5.0,5.0,4.0,5,Yes,"Great balance of theory and practicals, exceeded my expectations.",2026-07-01
STU-01417,Advanced Excel & Power BI,Oct 2025 Batch,JIS College of Engineering,Hybrid,Female,1st Year,3.0,3.0,3.0,4.0,3.0,3,Yes,"Content was okay, though a few topics felt rushed.",2025-10-01
STU-00683,Cybersecurity & Ethical Hacking,Nov 2025 Batch,Narasingh Choudhuri Autonomous College,Online,Female,Graduate,4.0,4.0,3.0,4.0,4.0,4,Yes,"Average experience, some sessions were better than others.",2025-11-01
STU-00311,Agentic AI,Feb 2026 Batch,St. Xavier's College Kolkata,Online,Female,1st Year,5.0,4.0,4.0,4.0,5.0,4,Yes,"Excellent program overall, would definitely recommend to my juniors.",2026-02-01
STU-01384,Machine Learning,Feb 2026 Batch,Neotia University,Hybrid,Female,Graduate,4.0,4.0,4.0,4.0,3.0,3,No,"Overall okay experience, a few sessions could have been better planned.",2026-02-01
STU-00094,Generative AI,May 2025 Batch,Neotia University,Online,Male,4th Year,4.0,4.0,3.0,4.0,3.0,4,Yes,"Pace needs to slow down, especially for beginners in the batch.",2025-05-01
STU-01559,AI in Food Technology,Mar 2025 Batch,Techno India University,Hybrid,Male,Working Professional,2.0,4.0,3.0,4.0,5.0,3,No,"Content was okay, though a few topics felt rushed.",2025-03-01
STU-00925,Full Stack Development,Nov 2025 Batch,JIS College of Engineering,Hybrid,Female,1st Year,5.0,5.0,5.0,5.0,4.0,5,Yes,,2025-11-01
STU-01676,Machine Learning,Feb 2025 Batch,St. Xavier's College Kolkata,Online,Female,2nd Year,3.0,3.0,2.0,5.0,2.0,3,No,Too much content packed into too few sessions.,2025-02-01
STU-01036,Web Development,Aug 2026 Batch,Government College of Engineering & Textile Technology,Online,Female,4th Year,5.0,5.0,4.0,5.0,4.0,4,Yes,The projects assigned really helped me apply what was taught.,2026-08-01
STU-01401,Web Development,Jan 2025 Batch,St. Xavier's College Kolkata,Online,Male,4th Year,5.0,4.0,5.0,4.0,4.0,5,Yes,"Really enjoyed the sessions, the trainer kept things engaging.",2025-01-01
STU-00244,Digital Marketing,Jul 2026 Batch,Neotia University,Online,Female,2nd Year,5.0,5.0,3.0,5.0,5.0,5,Yes,"Overall okay experience, a few sessions could have been better planned.",2026-07-01
STU-01112,Full Stack Development,Oct 2025 Batch,Techno India University,Offline,Female,4th Year,3.0,3.0,2.0,3.0,2.0,3,No,"It was fine, but I expected a bit more depth in the later modules.",2025-10-01
STU-00215,DevOps,Apr 2026 Batch,Independent / Working Professional,Hybrid,Male,4th Year,4.0,4.0,5.0,4.0,4.0,4,No,"Clear explanations, useful resources, and prompt doubt-clearing sessions.",2026-04-01
STU-00691,AI in Food Technology,Jul 2026 Batch,St. Xavier's College Kolkata,Online,Male,4th Year,4.0,3.0,3.0,3.0,2.0,3,No,"Content was okay, though a few topics felt rushed.",2026-07-01
STU-01198,Python Programming,Aug 2025 Batch,Maulana Azad College,Offline,Male,2nd Year,3.0,4.0,4.0,3.0,2.0,3,No,Had connectivity issues on the platform almost every week.,2025-08-01
STU-00999,Cybersecurity & Ethical Hacking,Apr 2025 Batch,Techno India University,Offline,Female,Working Professional,5.0,5.0,5.0,5.0,4.0,5,Yes,Practical assignments made the concepts much easier to understand.,2025-04-01
STU-00854,Cloud Computing (AWS),Mar 2025 Batch,JIS College of Engineering,Online,Male,3rd Year,3.0,3.0,2.0,4.0,4.0,3,No,Session quality varied depending on the trainer.,2025-03-01
STU-00426,Machine Learning,Aug 2025 Batch,Neotia University,Online,Male,3rd Year,4.0,4.0,4.0,5.0,3.0,4,Yes,Had connectivity issues on the platform almost every week.,2025-08-01
STU-01752,Machine Learning,Aug 2026 Batch,Techno India University,Hybrid,Male,Graduate,3.0,3.0,2.0,3.0,4.0,3,No,"Wish there was more time per topic, felt rushed throughout.",2026-08-01
STU-01143,Agentic AI,Oct 2025 Batch,Independent / Working Professional,Online,Male,Working Professional,4.0,5.0,3.0,4.0,4.0,4,Yes,"The sessions moved too fast, hard to keep up with the pace.",2025-10-01
STU-01144,DevOps,Mar 2026 Batch,Maulana Azad College,Offline,Male,Graduate,3.0,4.0,3.0,4.0,2.0,3,No,The online platform kept lagging during live sessions.,2026-03-01
STU-00227,AI in Food Technology,Oct 2025 Batch,St. Xavier's College Kolkata,Online,Male,3rd Year,3.0,3.0,2.0,4.0,4.0,3,No,"Overall okay experience, a few sessions could have been better planned.",2025-10-01
STU-01617,Networking Fundamentals,Jul 2026 Batch,Narasingh Choudhuri Autonomous College,Online,Male,4th Year,4.0,3.0,4.0,4.0,3.0,4,Yes,Felt a few modules were not very relevant to the job market.,2026-07-01
STU-00001,Machine Learning,Apr 2026 Batch,Government College of Engineering & Textile Technology,Offline,Female,4th Year,5.0,5.0,5.0,5.0,4.0,5,Yes,The curriculum was well structured and relevant to current industry needs.,2026-04-01
STU-01419,App Development (Android),Nov 2025 Batch,Government College of Engineering & Textile Technology,Online,Female,1st Year,4.0,4.0,3.0,4.0,3.0,4,Yes,"Decent program, could use a bit more structure in scheduling.",2025-11-01
STU-00402,Networking Fundamentals,Apr 2026 Batch,Techno India University,Online,Male,2nd Year,4.0,3.0,3.0,3.0,3.0,3,No,Some topics felt outdated compared to current industry trends.,2026-04-01
STU-01429,AI in Biotechnology,May 2025 Batch,Government College of Engineering & Textile Technology,Online,Male,4th Year,4.0,4.0,2.0,4.0,3.0,3,No,Could use an extra week or two to cover everything properly.,2025-05-01
STU-01104,AI in Biotechnology,Sep 2025 Batch,Government College of Engineering & Textile Technology,Offline,Female,1st Year,5.0,4.0,5.0,5.0,4.0,5,Yes,The program content was up to date and industry relevant.,2025-09-01
STU-00085,Internet of Things (IoT),Oct 2025 Batch,Maulana Azad College,Offline,Male,Graduate,3.0,3.0,2.0,3.0,3.0,2,No,"Wish there was more time per topic, felt rushed throughout. Sessions felt monotonous, needed more interactive teaching.",2025-10-01
STU-00163,DevOps,Sep 2025 Batch,Techno India University,Online,Female,4th Year,5.0,5.0,4.0,5.0,5.0,5,Yes,The support team responded quickly whenever I had doubts.,2025-09-01
STU-00115,Blockchain Basics,Dec 2025 Batch,Heritage Institute of Technology,Offline,Female,Graduate,4.0,4.0,3.0,4.0,5.0,4,No,"The program was decent overall, nothing major to complain about.",2025-12-01
STU-00671,Web Development,May 2025 Batch,JIS College of Engineering,Online,Female,3rd Year,5.0,5.0,5.0,5.0,5.0,5,Yes,"Enjoyed every module, especially the live project work.",2025-05-01
STU-01175,Generative AI,Feb 2025 Batch,Government College of Engineering & Textile Technology,Offline,Female,Working Professional,4.0,4.0,3.0,4.0,1.0,4,Yes,The portal for assignments was confusing and slow to load.,2025-02-01
STU-01519,Data Science,Jan 2025 Batch,Maulana Azad College,Online,Male,1st Year,4.0,4.0,4.0,3.0,2.0,3,Yes,"It was fine, but I expected a bit more depth in the later modules.",2025-01-01
STU-01509,Full Stack Development,Jan 2025 Batch,St. Xavier's College Kolkata,Offline,Female,2nd Year,4.0,5.0,4.0,5.0,3.0,5,Yes,"The program was decent overall, nothing major to complain about.",2025-01-01
STU-01393,AI in Biotechnology,Feb 2026 Batch,JIS College of Engineering,Hybrid,Female,1st Year,3.0,3.0,3.0,4.0,3.0,3,No,"Overall okay experience, a few sessions could have been better planned.",2026-02-01
STU-00890,Competitive Programming,Mar 2026 Batch,Government College of Engineering & Textile Technology,Online,Male,1st Year,5.0,5.0,4.0,5.0,5.0,5,Yes,The support team responded quickly whenever I had doubts.,2026-03-01
STU-01502,Weather Forecasting ML Project,Oct 2025 Batch,Government College of Engineering & Textile Technology,Online,Male,2nd Year,4.0,5.0,4.0,4.0,3.0,4,No,The online platform kept lagging during live sessions.,2025-10-01
STU-00626,App Development (Android),Sep 2025 Batch,Techno India University,Online,Male,4th Year,4.0,3.0,4.0,4.0,4.0,4,Yes,"Average experience, some sessions were better than others.",2025-09-01
STU-01948,AI in Biotechnology,Jul 2025 Batch,JIS College of Engineering,Online,Male,2nd Year,5.0,4.0,4.0,5.0,4.0,4,Yes,"Great mentorship throughout the program, felt supported at every step.",2025-07-01
STU-00953,Competitive Programming,May 2026 Batch,Independent / Working Professional,Hybrid,Male,3rd Year,4.0,5.0,3.0,4.0,3.0,4,Yes,"Reasonably good, though I expected slightly more hands-on practice.",2026-05-01
STU-00808,Generative AI,Oct 2025 Batch,Government College of Engineering & Textile Technology,Online,Male,Graduate,4.0,4.0,4.0,3.0,5.0,4,No,Needed quicker follow-up on queries raised after class.,2025-10-01
STU-00259,AI in Biotechnology,Jun 2025 Batch,Maulana Azad College,Hybrid,Male,2nd Year,5.0,4.0,4.0,4.0,4.0,4,Yes,"Excellent program overall, would definitely recommend to my juniors.",2025-06-01
STU-00625,DevOps,Sep 2025 Batch,Government College of Engineering & Textile Technology,Online,Male,Graduate,5.0,5.0,5.0,5.0,5.0,5,Yes,"Enjoyed every module, especially the live project work.",2025-09-01
STU-00827,Digital Marketing,Jun 2025 Batch,St. Xavier's College Kolkata,Offline,Male,Graduate,5.0,5.0,5.0,5.0,5.0,5,Yes,Practical assignments made the concepts much easier to understand.,2025-06-01
STU-01748,Machine Learning,Aug 2026 Batch,Narasingh Choudhuri Autonomous College,Online,Male,Graduate,3.0,3.0,3.0,3.0,4.0,3,No,"Overall okay experience, a few sessions could have been better planned.",2026-08-01
STU-00136,Data Science,Feb 2025 Batch,Heritage Institute of Technology,Offline,Prefer not to say,1st Year,4.0,5.0,5.0,5.0,4.0,4,Yes,Practical assignments made the concepts much easier to understand.,2025-02-01
STU-00617,Generative AI,Oct 2025 Batch,Techno India University,Online,Male,3rd Year,3.0,4.0,3.0,3.0,3.0,3,No,The trainer could explain concepts more clearly.,2025-10-01
STU-01949,UI/UX Design,Jul 2026 Batch,Neotia University,Offline,Male,1st Year,3.0,3.0,2.0,4.0,2.0,3,Yes,"Decent program, could use a bit more structure in scheduling.",2026-07-01
STU-00837,Blockchain Basics,Feb 2025 Batch,JIS College of Engineering,Online,Male,3rd Year,5.0,5.0,4.0,5.0,5.0,5,Yes,One of the best training experiences I have had so far.,2025-02-01
STU-00843,DevOps,Jun 2025 Batch,Neotia University,Hybrid,Male,3rd Year,4.0,5.0,4.0,4.0,5.0,4,Yes,"Enjoyed every module, especially the live project work.",2025-06-01
STU-00960,AI in Food Technology,Aug 2026 Batch,Neotia University,Offline,Female,1st Year,4.0,3.0,4.0,5.0,4.0,4,No,"The program was decent overall, nothing major to complain about.",2026-08-01
STU-00593,Java Development,Apr 2025 Batch,Government College of Engineering & Textile Technology,Hybrid,Male,4th Year,4.0,3.0,3.0,4.0,3.0,4,Yes,"Reasonably good, though I expected slightly more hands-on practice.",2025-04-01
STU-01315,Java FDP (Faculty Development),Aug 2026 Batch,JIS College of Engineering,Hybrid,Female,Graduate,4.0,5.0,4.0,4.0,4.0,4,Yes,Trainer was knowledgeable and made even tough topics easy to grasp.,2026-08-01
STU-01526,Internet of Things (IoT),Jul 2026 Batch,Government College of Engineering & Textile Technology,Online,Male,Graduate,2.0,3.0,3.0,2.0,2.0,2,No,The trainer could explain concepts more clearly.,2026-07-01
STU-01292,Machine Learning,Feb 2026 Batch,Narasingh Choudhuri Autonomous College,Hybrid,Female,Graduate,4.0,4.0,3.0,4.0,3.0,4,Yes,"Pace needs to slow down, especially for beginners in the batch.",2026-02-01
STU-00344,DevOps,Jul 2025 Batch,JIS College of Engineering,Hybrid,Male,2nd Year,5.0,5.0,5.0,4.0,4.0,5,Yes,The trainer explained concepts clearly and was always ready to help.,2025-07-01
STU-01993,Generative AI,Jul 2026 Batch,Techno India University,Online,Female,Working Professional,4.0,5.0,3.0,5.0,4.0,5,Yes,Struggled to keep up as new topics were introduced too quickly.,2026-07-01
STU-01567,Generative AI,May 2025 Batch,Neotia University,Hybrid,Male,Working Professional,4.0,4.0,5.0,5.0,3.0,4,Yes,Faced frequent audio/video issues during classes.,2025-05-01
STU-00294,Advanced Excel & Power BI,Jul 2026 Batch,Neotia University,Online,Male,Graduate,5.0,4.0,4.0,4.0,5.0,5,Yes,Trainer was knowledgeable and made even tough topics easy to grasp.,2026-07-01
STU-00365,Advanced Excel & Power BI,Apr 2025 Batch,Narasingh Choudhuri Autonomous College,Online,Male,2nd Year,4.0,3.0,2.0,3.0,2.0,2,No,"Struggled to keep up as new topics were introduced too quickly. Lab access was unreliable, lost a lot of time troubleshooting.",2025-04-01
STU-00179,Machine Learning,Jun 2025 Batch,Government College of Engineering & Textile Technology,Online,Male,4th Year,5.0,5.0,4.0,5.0,4.0,5,Yes,The program content was up to date and industry relevant.,2025-06-01
STU-00660,Generative AI,Aug 2026 Batch,Neotia University,Offline,Male,Graduate,5.0,4.0,3.0,4.0,4.0,4,Yes,"Decent program, could use a bit more structure in scheduling.",2026-08-01
STU-00997,Cloud Computing (AWS),Aug 2026 Batch,Neotia University,Hybrid,Prefer not to say,2nd Year,5.0,4.0,4.0,5.0,4.0,5,Yes,"Great mentorship throughout the program, felt supported at every step.",2026-08-01
STU-00015,Python Programming,Apr 2025 Batch,Techno India University,Online,Male,3rd Year,5.0,3.0,4.0,4.0,4.0,4,Yes,"It was fine, but I expected a bit more depth in the later modules.",2025-04-01
STU-01111,Web Development,Apr 2025 Batch,Techno India University,Offline,Male,Working Professional,3.0,3.0,3.0,3.0,3.0,3,Yes,"Decent program, could use a bit more structure in scheduling.",2025-04-01
STU-01395,Internet of Things (IoT),Apr 2026 Batch,St. Xavier's College Kolkata,Online,Female,3rd Year,3.0,3.0,4.0,3.0,2.0,3,Yes,,2026-04-01
STU-00166,Data Science,Jan 2026 Batch,Independent / Working Professional,Online,Prefer not to say,1st Year,5.0,5.0,5.0,5.0,4.0,5,No,"Loved the hands-on projects, they really built my confidence.",2026-01-01
STU-01869,Blockchain Basics,Jun 2026 Batch,Maulana Azad College,Online,Female,4th Year,3.0,3.0,3.0,3.0,3.0,3,No,"Decent program, could use a bit more structure in scheduling.",2026-06-01
STU-01360,Generative AI,Apr 2025 Batch,Government College of Engineering & Textile Technology,Online,Male,2nd Year,4.0,4.0,3.0,5.0,4.0,4,No,Too much content packed into too few sessions.,2025-04-01
STU-00060,Competitive Programming,Apr 2025 Batch,Maulana Azad College,Offline,Female,Graduate,4.0,3.0,2.0,4.0,2.0,3,No,"The sessions moved too fast, hard to keep up with the pace.",2025-04-01
STU-00710,Digital Marketing,Apr 2026 Batch,St. Xavier's College Kolkata,Online,Male,3rd Year,5.0,5.0,5.0,5.0,5.0,5,Yes,"Great balance of theory and practicals, exceeded my expectations.",2026-04-01
STU-00677,DevOps,Oct 2025 Batch,Government College of Engineering & Textile Technology,Offline,Male,4th Year,5.0,4.0,4.0,5.0,5.0,4,No,,2025-10-01
STU-01379,DevOps,Sep 2025 Batch,JIS College of Engineering,Online,Male,3rd Year,4.0,4.0,4.0,4.0,4.0,4,Yes,"Great mentorship throughout the program, felt supported at every step.",2025-09-01
STU-01206,Generative AI,Feb 2026 Batch,Government College of Engineering & Textile Technology,Hybrid,Female,Graduate,3.0,3.0,3.0,3.0,2.0,3,Yes,"Overall okay experience, a few sessions could have been better planned.",2026-02-01
STU-00425,Advanced Excel & Power BI,Feb 2025 Batch,Government College of Engineering & Textile Technology,Offline,Male,3rd Year,5.0,5.0,3.0,5.0,5.0,5,Yes,"Overall okay experience, a few sessions could have been better planned.",2025-02-01
STU-00293,Cybersecurity & Ethical Hacking,Sep 2025 Batch,Techno India University,Hybrid,Male,Graduate,4.0,3.0,4.0,4.0,5.0,4,No,"Average experience, some sessions were better than others.",2025-09-01
STU-01066,Blockchain Basics,Oct 2025 Batch,Government College of Engineering & Textile Technology,Hybrid,Female,3rd Year,4.0,5.0,4.0,5.0,4.0,4,Yes,The support team responded quickly whenever I had doubts.,2025-10-01
STU-01781,App Development (Android),Oct 2025 Batch,JIS College of Engineering,Online,Male,1st Year,5.0,5.0,5.0,4.0,4.0,4,No,"Enjoyed every module, especially the live project work.",2025-10-01
STU-00330,Python Programming,Sep 2025 Batch,St. Xavier's College Kolkata,Online,Female,1st Year,3.0,3.0,2.0,3.0,3.0,3,No,"The sessions moved too fast, hard to keep up with the pace.",2025-09-01
STU-00430,Blockchain Basics,Sep 2025 Batch,JIS College of Engineering,Offline,Male,3rd Year,4.0,4.0,3.0,4.0,3.0,4,Yes,"Wish there was more time per topic, felt rushed throughout.",2025-09-01
STU-01013,Data Science,Sep 2025 Batch,Government College of Engineering & Textile Technology,Offline,Female,1st Year,4.0,4.0,3.0,4.0,2.0,4,Yes,Had connectivity issues on the platform almost every week.,2025-09-01
STU-00080,Java FDP (Faculty Development),Jul 2026 Batch,Techno India University,Hybrid,Female,1st Year,5.0,5.0,5.0,5.0,5.0,5,Yes,The projects assigned really helped me apply what was taught.,2026-07-01
STU-01053,App Development (Android),Jul 2026 Batch,Narasingh Choudhuri Autonomous College,Offline,Male,3rd Year,5.0,3.0,3.0,3.0,3.0,4,Yes,"Overall okay experience, a few sessions could have been better planned.",2026-07-01
STU-00938,Blockchain Basics,Feb 2026 Batch,Heritage Institute of Technology,Online,Female,Graduate,4.0,4.0,5.0,4.0,4.0,4,Yes,,2026-02-01
STU-00835,Java Development,Apr 2025 Batch,Neotia University,Offline,Female,3rd Year,2.0,2.0,3.0,3.0,2.0,3,No,"It was fine, but I expected a bit more depth in the later modules.",2025-04-01
STU-00750,Full Stack Development,May 2026 Batch,Heritage Institute of Technology,Online,Male,4th Year,4.0,4.0,3.0,4.0,4.0,4,Yes,"It was fine, but I expected a bit more depth in the later modules.",2026-05-01
STU-00891,Weather Forecasting ML Project,Jul 2025 Batch,Government College of Engineering & Textile Technology,Online,Male,Working Professional,4.0,4.0,4.0,5.0,4.0,4,Yes,"Clear explanations, useful resources, and prompt doubt-clearing sessions.",2025-07-01
STU-00255,Robotics & Embedded Systems,Jul 2026 Batch,Neotia University,Online,Male,3rd Year,4.0,3.0,4.0,3.0,1.0,4,Yes,The portal for assignments was confusing and slow to load.,2026-07-01
STU-01724,Web Development,Jun 2026 Batch,St. Xavier's College Kolkata,Online,Female,3rd Year,5.0,5.0,4.0,5.0,3.0,5,Yes,"The program was decent overall, nothing major to complain about.",2026-06-01
STU-01483,Networking Fundamentals,Sep 2025 Batch,Maulana Azad College,Hybrid,Female,3rd Year,3.0,3.0,3.0,4.0,2.0,3,Yes,"It was fine, but I expected a bit more depth in the later modules.",2025-09-01
STU-01946,Networking Fundamentals,May 2025 Batch,Techno India University,Hybrid,Female,Graduate,5.0,4.0,4.0,4.0,4.0,5,Yes,The trainer explained concepts clearly and was always ready to help.,2025-05-01
STU-01408,Machine Learning,Apr 2026 Batch,Direct / Online (ASD),Online,Male,4th Year,5.0,5.0,5.0,4.0,5.0,5,No,The program content was up to date and industry relevant.,2026-04-01
STU-01338,Generative AI,Apr 2025 Batch,St. Xavier's College Kolkata,Offline,Male,4th Year,5.0,5.0,5.0,5.0,5.0,5,Yes,The trainer's real-world examples made the sessions very useful.,2025-04-01
STU-01109,Internet of Things (IoT),Jan 2026 Batch,St. Xavier's College Kolkata,Online,Female,Graduate,4.0,3.0,3.0,4.0,4.0,4,Yes,Some topics felt outdated compared to current industry trends.,2026-01-01
STU-00137,App Development (Android),May 2026 Batch,Techno India University,Offline,Male,Graduate,3.0,3.0,2.0,2.0,2.0,2,No,"Wish there was more time per topic, felt rushed throughout.",2026-05-01
STU-01136,Cybersecurity & Ethical Hacking,May 2025 Batch,Maulana Azad College,Online,Female,4th Year,3.0,4.0,3.0,3.0,4.0,3,Yes,"It was fine, but I expected a bit more depth in the later modules.",2025-05-01
STU-01219,Full Stack Development,Jun 2025 Batch,St. Xavier's College Kolkata,Online,Female,Graduate,3.0,4.0,2.0,4.0,4.0,4,Yes,Too much content packed into too few sessions.,2025-06-01
STU-00853,DevOps,Jul 2026 Batch,Government College of Engineering & Textile Technology,Hybrid,Male,4th Year,4.0,5.0,4.0,5.0,5.0,4,Yes,"Well-paced sessions and very approachable trainer, learned a lot.",2026-07-01
STU-01203,Blockchain Basics,Sep 2025 Batch,Government College of Engineering & Textile Technology,Hybrid,Male,Graduate,4.0,3.0,3.0,3.0,3.0,3,No,"Content was okay, though a few topics felt rushed.",2025-09-01
STU-00724,DevOps,Apr 2026 Batch,Government College of Engineering & Textile Technology,Offline,Male,3rd Year,4.0,4.0,4.0,4.0,5.0,4,Yes,"Really enjoyed the sessions, the trainer kept things engaging.",2026-04-01
STU-00860,Cybersecurity & Ethical Hacking,Feb 2026 Batch,Government College of Engineering & Textile Technology,Hybrid,Female,3rd Year,4.0,3.0,3.0,2.0,2.0,3,No,"It was fine, but I expected a bit more depth in the later modules.",2026-02-01
STU-00970,Networking Fundamentals,Feb 2025 Batch,Government College of Engineering & Textile Technology,Hybrid,Male,4th Year,3.0,5.0,2.0,3.0,3.0,3,No,Struggled to keep up as new topics were introduced too quickly.,2025-02-01
STU-00497,Full Stack Development,Jul 2025 Batch,Independent / Working Professional,Online,Male,2nd Year,3.0,3.0,2.0,3.0,3.0,3,No,"It was fine, but I expected a bit more depth in the later modules.",2025-07-01
STU-00951,Python Programming,Apr 2025 Batch,Techno India University,Hybrid,Female,4th Year,3.0,5.0,4.0,3.0,3.0,4,No,Would appreciate a more engaging teaching style.,2025-04-01
STU-00806,Cloud Computing (AWS),Jul 2026 Batch,Independent / Working Professional,Online,Female,3rd Year,3.0,3.0,3.0,4.0,3.0,3,Yes,Session quality varied depending on the trainer.,2026-07-01
STU-00130,Machine Learning,Jul 2026 Batch,Maulana Azad College,Offline,Female,3rd Year,5.0,5.0,4.0,4.0,4.0,4,Yes,Trainer was knowledgeable and made even tough topics easy to grasp.,2026-07-01
STU-00338,Blockchain Basics,Sep 2025 Batch,Techno India University,Online,Male,3rd Year,1.0,2.0,2.0,3.0,2.0,2,No,Would appreciate a more engaging teaching style.,2025-09-01
STU-01984,AI in Food Technology,Apr 2026 Batch,Independent / Working Professional,Online,Female,3rd Year,5.0,5.0,5.0,5.0,4.0,5,Yes,"Really enjoyed the sessions, the trainer kept things engaging.",2026-04-01
STU-00609,DevOps,Jul 2025 Batch,Government College of Engineering & Textile Technology,Online,Male,4th Year,5.0,4.0,3.0,5.0,3.0,4,Yes,"The sessions moved too fast, hard to keep up with the pace.",2025-07-01
STU-01149,DevOps,Sep 2025 Batch,Techno India University,Online,Male,2nd Year,5.0,5.0,4.0,5.0,4.0,5,Yes,Nothing to add.,2025-09-01
STU-00196,DevOps,Feb 2025 Batch,Government College of Engineering & Textile Technology,Online,Male,4th Year,5.0,5.0,5.0,4.0,4.0,5,Yes,"Clear explanations, useful resources, and prompt doubt-clearing sessions.",2025-02-01
STU-01251,Generative AI,Jun 2025 Batch,Government College of Engineering & Textile Technology,Online,Male,3rd Year,4.0,3.0,2.0,3.0,2.0,3,No,Could use an extra week or two to cover everything properly.,2025-06-01
STU-01293,Generative AI,May 2025 Batch,Government College of Engineering & Textile Technology,Online,Male,Working Professional,5.0,4.0,4.0,5.0,4.0,5,Yes,No comments.,2025-05-01
STU-01965,Machine Learning,Feb 2026 Batch,St. Xavier's College Kolkata,Hybrid,Male,2nd Year,4.0,4.0,3.0,4.0,3.0,3,Yes,"Overall okay experience, a few sessions could have been better planned.",2026-02-01
STU-00910,Machine Learning,May 2025 Batch,Government College of Engineering & Textile Technology,Online,Male,3rd Year,4.0,3.0,3.0,2.0,3.0,3,Yes,Support response on the query group was slow at times.,2025-05-01
STU-00585,Java FDP (Faculty Development),Jul 2026 Batch,JIS College of Engineering,Online,Female,4th Year,4.0,4.0,5.0,4.0,4.0,4,Yes,The trainer's real-world examples made the sessions very useful.,2026-07-01
STU-00104,DevOps,Aug 2026 Batch,Government College of Engineering & Textile Technology,Online,Female,2nd Year,5.0,4.0,3.0,4.0,4.0,4,No,"It was fine, but I expected a bit more depth in the later modules.",2026-08-01
STU-01839,Python Programming,Apr 2025 Batch,Maulana Azad College,Offline,Male,4th Year,5.0,5.0,5.0,5.0,4.0,5,Yes,,2025-04-01
STU-01857,Cloud Computing (AWS),Mar 2025 Batch,Narasingh Choudhuri Autonomous College,Online,Female,3rd Year,4.0,3.0,3.0,4.0,3.0,4,No,"The program was decent overall, nothing major to complain about.",2025-03-01
STU-00720,Java FDP (Faculty Development),Oct 2025 Batch,Government College of Engineering & Textile Technology,Online,Male,Graduate,3.0,4.0,4.0,4.0,4.0,4,Yes,The trainer could explain concepts more clearly.,2025-10-01
STU-00885,Weather Forecasting ML Project,Sep 2025 Batch,Government College of Engineering & Textile Technology,Hybrid,Female,2nd Year,5.0,4.0,5.0,5.0,5.0,5,Yes,"Great balance of theory and practicals, exceeded my expectations.",2025-09-01
STU-00777,Data Science,Jun 2026 Batch,Government College of Engineering & Textile Technology,Online,Male,3rd Year,4.0,3.0,4.0,4.0,3.0,4,Yes,"Decent program, could use a bit more structure in scheduling.",2026-06-01
STU-01570,Digital Marketing,Jul 2026 Batch,Government College of Engineering & Textile Technology,Online,Male,4th Year,4.0,4.0,3.0,5.0,4.0,4,Yes,Struggled to keep up as new topics were introduced too quickly.,2026-07-01
STU-00850,Python Programming,Mar 2026 Batch,Techno India University,Offline,Male,4th Year,4.0,4.0,3.0,4.0,4.0,4,Yes,"The program was decent overall, nothing major to complain about.",2026-03-01
STU-00895,App Development (Android),Jul 2026 Batch,Government College of Engineering & Textile Technology,Offline,Male,Graduate,5.0,5.0,5.0,5.0,4.0,4,No,"Clear explanations, useful resources, and prompt doubt-clearing sessions.",2026-07-01
STU-00228,App Development (Android),Oct 2025 Batch,Techno India University,Online,Male,3rd Year,3.0,2.0,2.0,3.0,4.0,3,No,"Content was okay, though a few topics felt rushed.",2025-10-01
STU-01871,Java Development,Apr 2025 Batch,Government College of Engineering & Textile Technology,Offline,Female,4th Year,4.0,4.0,5.0,4.0,4.0,4,Yes,"Well-paced sessions and very approachable trainer, learned a lot.",2025-04-01
STU-01326,Machine Learning,May 2025 Batch,Narasingh Choudhuri Autonomous College,Online,Female,Working Professional,5.0,5.0,4.0,5.0,4.0,5,Yes,One of the best training experiences I have had so far.,2025-05-01
STU-01300,Competitive Programming,Feb 2026 Batch,Techno India University,Offline,Male,1st Year,4.0,4.0,3.0,4.0,4.0,4,No,Could use an extra week or two to cover everything properly.,2026-02-01
STU-00127,Networking Fundamentals,Jun 2025 Batch,Neotia University,Online,Male,3rd Year,4.0,2.0,2.0,3.0,3.0,3,Yes,"Reasonably good, though I expected slightly more hands-on practice.",2025-06-01
STU-00406,Data Science,Aug 2026 Batch,Neotia University,Online,Male,Working Professional,4.0,5.0,4.0,5.0,4.0,5,Yes,"Loved the hands-on projects, they really built my confidence.",2026-08-01
STU-00776,Data Science,May 2025 Batch,Techno India University,Online,Male,3rd Year,4.0,4.0,5.0,4.0,4.0,4,Yes,The curriculum was well structured and relevant to current industry needs.,2025-05-01
STU-00822,Cybersecurity & Ethical Hacking,Dec 2025 Batch,Neotia University,Offline,Male,4th Year,5.0,5.0,4.0,4.0,5.0,5,Yes,The trainer's real-world examples made the sessions very useful.,2025-12-01
STU-00712,Advanced Excel & Power BI,Aug 2025 Batch,Techno India University,Online,Prefer not to say,2nd Year,4.0,3.0,2.0,5.0,3.0,3,No,"It was fine, but I expected a bit more depth in the later modules.",2025-08-01
STU-01879,App Development (Android),Jul 2025 Batch,St. Xavier's College Kolkata,Online,Female,3rd Year,3.0,4.0,3.0,4.0,3.0,3,No,"Average experience, some sessions were better than others.",2025-07-01
STU-01061,Python Programming,May 2026 Batch,St. Xavier's College Kolkata,Online,Male,3rd Year,5.0,3.0,5.0,4.0,3.0,4,Yes,Curriculum could include more project-based learning.,2026-05-01
STU-01164,Java Development,Aug 2026 Batch,Techno India University,Online,Male,Graduate,5.0,5.0,5.0,4.0,5.0,5,Yes,One of the best training experiences I have had so far.,2026-08-01
STU-00304,AI in Food Technology,Oct 2025 Batch,Government College of Engineering & Textile Technology,Online,Female,2nd Year,3.0,4.0,2.0,4.0,3.0,3,Yes,"Content was okay, though a few topics felt rushed.",2025-10-01
STU-00268,Machine Learning,Sep 2025 Batch,Independent / Working Professional,Online,Female,3rd Year,3.0,3.0,2.0,2.0,1.0,3,Yes,"The program was decent overall, nothing major to complain about.",2025-09-01
STU-01558,Cybersecurity & Ethical Hacking,Sep 2025 Batch,Heritage Institute of Technology,Online,Female,4th Year,5.0,5.0,4.0,5.0,4.0,5,Yes,Nothing to add.,2025-09-01
STU-00546,Agentic AI,Dec 2025 Batch,St. Xavier's College Kolkata,Online,Female,4th Year,3.0,3.0,3.0,4.0,2.0,3,No,Faced frequent audio/video issues during classes.,2025-12-01
STU-00213,Python Programming,Apr 2025 Batch,Government College of Engineering & Textile Technology,Online,Male,2nd Year,5.0,5.0,5.0,5.0,4.0,4,Yes,The program content was up to date and industry relevant.,2025-04-01
STU-00897,Data Science,Apr 2025 Batch,Government College of Engineering & Textile Technology,Online,Female,4th Year,5.0,5.0,5.0,5.0,5.0,5,Yes,"Excellent program overall, would definitely recommend to my juniors.",2025-04-01
STU-01493,Full Stack Development,Mar 2025 Batch,St. Xavier's College Kolkata,Hybrid,Female,3rd Year,4.0,4.0,3.0,4.0,3.0,3,Yes,"The sessions moved too fast, hard to keep up with the pace.",2025-03-01
STU-01223,Java Development,Jan 2026 Batch,Techno India University,Online,Male,Working Professional,2.0,3.0,2.0,3.0,3.0,2,No,Explanations were sometimes too fast to follow properly.,2026-01-01
STU-00917,Web Development,Apr 2025 Batch,JIS College of Engineering,Online,Female,3rd Year,4.0,4.0,3.0,4.0,3.0,4,No,Too much content packed into too few sessions.,2025-04-01
STU-01552,Weather Forecasting ML Project,Oct 2025 Batch,Government College of Engineering & Textile Technology,Online,Female,Graduate,2.0,1.0,3.0,3.0,2.0,2,Yes,Curriculum could include more project-based learning. Support response on the query group was slow at times.,2025-10-01
STU-00676,Competitive Programming,Nov 2025 Batch,Government College of Engineering & Textile Technology,Online,Female,4th Year,4.0,3.0,3.0,3.0,2.0,3,No,Recorded session links took too long to be uploaded.,2025-11-01
STU-01290,Cybersecurity & Ethical Hacking,Apr 2025 Batch,Narasingh Choudhuri Autonomous College,Online,Male,Graduate,5.0,5.0,3.0,4.0,5.0,4,Yes,Could use an extra week or two to cover everything properly.,2025-04-01
STU-00815,DevOps,Aug 2026 Batch,Government College of Engineering & Textile Technology,Online,Male,1st Year,4.0,4.0,3.0,4.0,3.0,4,Yes,"Content was okay, though a few topics felt rushed.",2026-08-01
STU-01266,AI in Biotechnology,Jul 2026 Batch,Government College of Engineering & Textile Technology,Online,Female,Graduate,4.0,5.0,4.0,5.0,4.0,5,Yes,The trainer's real-world examples made the sessions very useful.,2026-07-01
STU-00343,Blockchain Basics,Mar 2025 Batch,Narasingh Choudhuri Autonomous College,Offline,Prefer not to say,Graduate,4.0,4.0,3.0,4.0,3.0,4,Yes,"It was fine, but I expected a bit more depth in the later modules.",2025-03-01
STU-00550,App Development (Android),Nov 2025 Batch,Narasingh Choudhuri Autonomous College,Online,Male,Graduate,3.0,3.0,3.0,3.0,3.0,3,Yes,Trainer seemed unprepared in a couple of sessions.,2025-11-01
STU-01411,AI in Food Technology,May 2025 Batch,JIS College of Engineering,Hybrid,Female,Working Professional,2.0,2.0,2.0,3.0,2.0,2,No,The trainer could explain concepts more clearly.,2025-05-01
STU-01215,Cybersecurity & Ethical Hacking,May 2025 Batch,Government College of Engineering & Textile Technology,Offline,Male,Working Professional,4.0,5.0,4.0,4.0,5.0,4,No,"Loved the hands-on projects, they really built my confidence.",2025-05-01
STU-00967,Networking Fundamentals,Feb 2025 Batch,Government College of Engineering & Textile Technology,Hybrid,Female,4th Year,5.0,4.0,3.0,4.0,3.0,4,Yes,"Reasonably good, though I expected slightly more hands-on practice.",2025-02-01
STU-01231,Advanced Excel & Power BI,Oct 2025 Batch,Government College of Engineering & Textile Technology,Offline,Female,3rd Year,4.0,5.0,5.0,5.0,3.0,5,Yes,The portal for assignments was confusing and slow to load.,2025-10-01
STU-00296,UI/UX Design,May 2025 Batch,St. Xavier's College Kolkata,Online,Female,3rd Year,4.0,4.0,3.0,3.0,2.0,3,No,"It was fine, but I expected a bit more depth in the later modules.",2025-05-01
STU-00696,AI in Food Technology,Mar 2025 Batch,Government College of Engineering & Textile Technology,Hybrid,Male,Graduate,3.0,4.0,1.0,3.0,2.0,3,No,"Content was okay, though a few topics felt rushed.",2025-03-01
STU-01453,Cybersecurity & Ethical Hacking,May 2025 Batch,JIS College of Engineering,Online,Male,1st Year,5.0,5.0,4.0,5.0,5.0,5,Yes,No comments.,2025-05-01
STU-00074,Generative AI,Jul 2026 Batch,St. Xavier's College Kolkata,Online,Male,3rd Year,5.0,4.0,4.0,5.0,4.0,5,Yes,The program content was up to date and industry relevant.,2026-07-01
STU-00606,AI in Biotechnology,May 2026 Batch,St. Xavier's College Kolkata,Online,Female,1st Year,5.0,5.0,4.0,4.0,4.0,4,No,"Really enjoyed the sessions, the trainer kept things engaging.",2026-05-01
STU-00105,AI in Biotechnology,Aug 2026 Batch,Techno India University,Hybrid,Male,Graduate,4.0,4.0,3.0,4.0,4.0,4,Yes,Session quality varied depending on the trainer.,2026-08-01
STU-00646,Java Development,Jun 2025 Batch,Neotia University,Online,Male,2nd Year,5.0,5.0,4.0,5.0,4.0,5,Yes,Trainer was knowledgeable and made even tough topics easy to grasp.,2025-06-01
STU-01405,AI in Biotechnology,Jan 2025 Batch,Techno India University,Online,Female,4th Year,3.0,3.0,3.0,3.0,3.0,3,Yes,"Sessions felt monotonous, needed more interactive teaching.",2025-01-01
STU-01953,Cloud Computing (AWS),Jun 2026 Batch,Narasingh Choudhuri Autonomous College,Offline,Female,4th Year,4.0,4.0,2.0,3.0,3.0,3,No,Could use an extra week or two to cover everything properly.,2026-06-01
STU-01041,AI in Biotechnology,Feb 2026 Batch,JIS College of Engineering,Online,Male,1st Year,3.0,4.0,3.0,3.0,4.0,3,Yes,"The program was decent overall, nothing major to complain about.",2026-02-01
STU-00440,Blockchain Basics,May 2025 Batch,Heritage Institute of Technology,Online,Male,4th Year,3.0,3.0,4.0,4.0,4.0,3,Yes,"Average experience, some sessions were better than others.",2025-05-01
STU-01020,Competitive Programming,Oct 2025 Batch,Techno India University,Hybrid,Male,4th Year,3.0,4.0,3.0,4.0,4.0,4,Yes,Session quality varied depending on the trainer.,2025-10-01
STU-00092,Generative AI,May 2025 Batch,Direct / Online (ASD),Online,Male,3rd Year,5.0,4.0,5.0,5.0,5.0,5,Yes,Practical assignments made the concepts much easier to understand.,2025-05-01
STU-01113,Cybersecurity & Ethical Hacking,Feb 2025 Batch,Techno India University,Online,Male,Graduate,4.0,4.0,4.0,4.0,4.0,4,No,"Enjoyed every module, especially the live project work.",2025-02-01
STU-01747,Advanced Excel & Power BI,Jan 2025 Batch,Neotia University,Hybrid,Male,1st Year,3.0,4.0,3.0,4.0,2.0,3,No,"The program was decent overall, nothing major to complain about.",2025-01-01
STU-00909,Blockchain Basics,Apr 2026 Batch,Neotia University,Online,Male,1st Year,5.0,5.0,5.0,5.0,5.0,5,No,The curriculum was well structured and relevant to current industry needs.,2026-04-01
STU-01475,Web Development,Oct 2025 Batch,Techno India University,Online,Female,1st Year,2.0,3.0,2.0,4.0,3.0,3,No,"Content was okay, though a few topics felt rushed.",2025-10-01
STU-00103,Web Development,Apr 2026 Batch,Techno India University,Offline,Female,4th Year,4.0,4.0,3.0,4.0,3.0,4,Yes,"Wish there was more time per topic, felt rushed throughout.",2026-04-01
STU-00239,DevOps,Apr 2026 Batch,Techno India University,Online,Male,Graduate,4.0,3.0,2.0,3.0,3.0,3,Yes,Struggled to keep up as new topics were introduced too quickly.,2026-04-01
STU-01809,Weather Forecasting ML Project,May 2026 Batch,St. Xavier's College Kolkata,Hybrid,Female,3rd Year,5.0,5.0,4.0,5.0,5.0,5,Yes,"Very satisfied, the mentors were patient and encouraging throughout.",2026-05-01
STU-00943,Cloud Computing (AWS),Jul 2026 Batch,Independent / Working Professional,Offline,Female,4th Year,3.0,3.0,2.0,4.0,3.0,4,Yes,Struggled to keep up as new topics were introduced too quickly.,2026-07-01
STU-01271,Advanced Excel & Power BI,Feb 2025 Batch,Techno India University,Online,Male,4th Year,4.0,3.0,2.0,3.0,3.0,3,No,"The program was decent overall, nothing major to complain about.",2025-02-01
STU-00939,Competitive Programming,Oct 2025 Batch,St. Xavier's College Kolkata,Offline,Male,Graduate,3.0,3.0,4.0,4.0,3.0,3,No,"Sessions felt monotonous, needed more interactive teaching.",2025-10-01
STU-01685,Machine Learning,Feb 2025 Batch,Government College of Engineering & Textile Technology,Online,Female,1st Year,5.0,4.0,5.0,5.0,4.0,4,Yes,"Clear explanations, useful resources, and prompt doubt-clearing sessions.",2025-02-01
STU-01182,Networking Fundamentals,Jul 2026 Batch,Independent / Working Professional,Online,Male,2nd Year,4.0,4.0,4.0,3.0,4.0,3,No,"Sessions felt monotonous, needed more interactive teaching.",2026-07-01
STU-01504,Internet of Things (IoT),Feb 2025 Batch,Government College of Engineering & Textile Technology,Hybrid,Male,3rd Year,3.0,3.0,2.0,3.0,2.0,3,No,"Reasonably good, though I expected slightly more hands-on practice.",2025-02-01
STU-00006,DevOps,Oct 2025 Batch,Independent / Working Professional,Online,Female,2nd Year,4.0,4.0,4.0,4.0,2.0,3,No,Faced frequent audio/video issues during classes.,2025-10-01
STU-01807,Cybersecurity & Ethical Hacking,Jan 2025 Batch,JIS College of Engineering,Hybrid,Female,3rd Year,5.0,5.0,4.0,5.0,5.0,5,Yes,"Clear explanations, useful resources, and prompt doubt-clearing sessions.",2025-01-01
STU-00966,AI in Biotechnology,Feb 2025 Batch,Techno India University,Online,Male,2nd Year,3.0,3.0,3.0,4.0,3.0,3,No,The trainer could explain concepts more clearly.,2025-02-01
STU-00019,Machine Learning,Feb 2026 Batch,Government College of Engineering & Textile Technology,Online,Female,1st Year,1.0,2.0,1.0,3.0,1.0,2,No,Explanations were sometimes too fast to follow properly.,2026-02-01
STU-01431,Blockchain Basics,Oct 2025 Batch,Narasingh Choudhuri Autonomous College,Online,Female,3rd Year,5.0,5.0,5.0,5.0,5.0,5,Yes,"Really enjoyed the sessions, the trainer kept things engaging.",2025-10-01
STU-00122,Web Development,May 2026 Batch,Government College of Engineering & Textile Technology,Online,Male,1st Year,5.0,4.0,4.0,4.0,4.0,4,No,The curriculum was well structured and relevant to current industry needs.,2026-05-01
STU-00662,Advanced Excel & Power BI,Jul 2026 Batch,Heritage Institute of Technology,Offline,Male,1st Year,5.0,5.0,5.0,5.0,5.0,5,Yes,,2026-07-01
STU-01675,Cloud Computing (AWS),Sep 2025 Batch,St. Xavier's College Kolkata,Online,Female,Graduate,4.0,4.0,4.0,4.0,3.0,4,Yes,Session quality varied depending on the trainer.,2025-09-01
STU-00275,Advanced Excel & Power BI,Apr 2025 Batch,Techno India University,Online,Male,3rd Year,3.0,3.0,3.0,4.0,2.0,3,Yes,Faced frequent audio/video issues during classes.,2025-04-01
STU-00434,Python Programming,May 2026 Batch,Neotia University,Hybrid,Male,3rd Year,3.0,3.0,2.0,4.0,3.0,3,Yes,Session quality varied depending on the trainer.,2026-05-01
STU-00812,Machine Learning,Aug 2026 Batch,Techno India University,Online,Female,3rd Year,4.0,5.0,3.0,3.0,4.0,4,Yes,"Average experience, some sessions were better than others.",2026-08-01
STU-01301,Cloud Computing (AWS),Feb 2026 Batch,Government College of Engineering & Textile Technology,Hybrid,Female,2nd Year,4.0,5.0,4.0,5.0,2.0,4,Yes,The online platform kept lagging during live sessions.,2026-02-01
STU-01336,Python Programming,Feb 2025 Batch,St. Xavier's College Kolkata,Hybrid,Male,Graduate,3.0,3.0,3.0,5.0,3.0,3,Yes,"Average experience, some sessions were better than others.",2025-02-01
STU-01858,Weather Forecasting ML Project,Apr 2025 Batch,Direct / Online (ASD),Hybrid,Male,4th Year,4.0,5.0,4.0,5.0,4.0,5,Yes,"Great mentorship throughout the program, felt supported at every step.",2025-04-01
STU-01881,Python Programming,May 2025 Batch,Neotia University,Online,Female,3rd Year,4.0,4.0,4.0,5.0,4.0,5,Yes,The projects assigned really helped me apply what was taught.,2025-05-01
STU-01571,DevOps,Mar 2026 Batch,St. Xavier's College Kolkata,Hybrid,Female,3rd Year,4.0,2.0,3.0,4.0,3.0,3,No,"Average experience, some sessions were better than others.",2026-03-01
STU-00182,Blockchain Basics,Aug 2026 Batch,St. Xavier's College Kolkata,Hybrid,Female,4th Year,5.0,4.0,4.0,5.0,5.0,4,Yes,"Loved the hands-on projects, they really built my confidence.",2026-08-01
STU-00185,Java Development,Aug 2025 Batch,Maulana Azad College,Offline,Male,4th Year,4.0,4.0,5.0,4.0,3.0,4,Yes,"The program was decent overall, nothing major to complain about.",2025-08-01
STU-00407,AI in Food Technology,Dec 2025 Batch,Government College of Engineering & Textile Technology,Offline,Male,4th Year,4.0,4.0,4.0,4.0,4.0,4,Yes,The trainer's real-world examples made the sessions very useful.,2025-12-01
STU-00866,Java Development,Apr 2026 Batch,Direct / Online (ASD),Online,Male,4th Year,3.0,3.0,3.0,3.0,2.0,3,No,Faced frequent audio/video issues during classes.,2026-04-01
STU-01631,Advanced Excel & Power BI,Jul 2026 Batch,Government College of Engineering & Textile Technology,Online,Prefer not to say,3rd Year,4.0,4.0,5.0,5.0,4.0,5,Yes,"Clear explanations, useful resources, and prompt doubt-clearing sessions.",2026-07-01
STU-00521,Networking Fundamentals,Aug 2026 Batch,JIS College of Engineering,Online,Male,1st Year,4.0,5.0,4.0,5.0,4.0,5,Yes,"Well-paced sessions and very approachable trainer, learned a lot.",2026-08-01
STU-01004,Generative AI,Jul 2026 Batch,JIS College of Engineering,Online,Male,2nd Year,5.0,5.0,5.0,5.0,4.0,4,No,"Enjoyed every module, especially the live project work.",2026-07-01
STU-01883,Internet of Things (IoT),Aug 2026 Batch,Heritage Institute of Technology,Online,Female,3rd Year,4.0,3.0,4.0,4.0,4.0,4,Yes,Some topics felt outdated compared to current industry trends.,2026-08-01
STU-01435,AI in Food Technology,Jul 2025 Batch,Techno India University,Offline,Female,2nd Year,4.0,3.0,3.0,4.0,4.0,4,No,Curriculum could include more project-based learning.,2025-07-01
STU-01659,Python Programming,Jul 2026 Batch,Government College of Engineering & Textile Technology,Online,Male,4th Year,5.0,4.0,4.0,5.0,4.0,4,No,"Excellent program overall, would definitely recommend to my juniors.",2026-07-01
STU-01394,App Development (Android),Jan 2026 Batch,Techno India University,Online,Female,3rd Year,4.0,3.0,3.0,4.0,4.0,4,Yes,Some topics felt outdated compared to current industry trends.,2026-01-01
STU-01425,Cybersecurity & Ethical Hacking,Jun 2026 Batch,Neotia University,Online,Female,3rd Year,2.0,3.0,2.0,3.0,4.0,2,No,Trainer seemed unprepared in a couple of sessions.,2026-06-01
STU-01613,Java FDP (Faculty Development),May 2026 Batch,JIS College of Engineering,Offline,Female,Working Professional,4.0,4.0,4.0,4.0,3.0,4,No,The online platform kept lagging during live sessions.,2026-05-01
STU-00428,App Development (Android),Jun 2025 Batch,Maulana Azad College,Offline,Male,3rd Year,4.0,5.0,4.0,5.0,5.0,5,Yes,One of the best training experiences I have had so far.,2025-06-01
STU-00079,Machine Learning,May 2025 Batch,Independent / Working Professional,Online,Male,Working Professional,5.0,5.0,4.0,5.0,4.0,5,Yes,The projects assigned really helped me apply what was taught.,2025-05-01
STU-01598,Full Stack Development,Nov 2025 Batch,JIS College of Engineering,Online,Female,Graduate,4.0,5.0,4.0,4.0,5.0,4,Yes,Practical assignments made the concepts much easier to understand.,2025-11-01
STU-01010,Java Development,Nov 2025 Batch,Techno India University,Offline,Female,3rd Year,3.0,3.0,3.0,3.0,3.0,3,No,"Content was okay, though a few topics felt rushed.",2025-11-01
STU-01961,Cloud Computing (AWS),Apr 2025 Batch,Techno India University,Online,Male,1st Year,3.0,2.0,2.0,2.0,2.0,3,Yes,"Average experience, some sessions were better than others.",2025-04-01
STU-01662,Networking Fundamentals,Jul 2025 Batch,St. Xavier's College Kolkata,Hybrid,Female,1st Year,4.0,4.0,3.0,4.0,4.0,4,Yes,Struggled to keep up as new topics were introduced too quickly.,2025-07-01
STU-00608,Machine Learning,Apr 2026 Batch,Neotia University,Online,Female,Working Professional,3.0,3.0,2.0,4.0,4.0,3,No,Session quality varied depending on the trainer.,2026-04-01
STU-01775,UI/UX Design,Oct 2025 Batch,Narasingh Choudhuri Autonomous College,Hybrid,Female,3rd Year,4.0,3.0,3.0,4.0,3.0,3,No,"Reasonably good, though I expected slightly more hands-on practice.",2025-10-01
STU-01981,UI/UX Design,Jul 2026 Batch,Government College of Engineering & Textile Technology,Hybrid,Female,Graduate,4.0,5.0,5.0,5.0,4.0,4,No,The support team responded quickly whenever I had doubts.,2026-07-01
STU-01814,Digital Marketing,Aug 2025 Batch,Government College of Engineering & Textile Technology,Online,Male,4th Year,5.0,5.0,5.0,4.0,5.0,5,Yes,"Really enjoyed the sessions, the trainer kept things engaging.",2025-08-01
STU-01058,Java Development,Feb 2025 Batch,Government College of Engineering & Textile Technology,Online,Female,4th Year,4.0,4.0,3.0,4.0,3.0,4,Yes,"Pace needs to slow down, especially for beginners in the batch.",2025-02-01
STU-01441,Advanced Excel & Power BI,Jul 2026 Batch,St. Xavier's College Kolkata,Online,Female,Working Professional,4.0,4.0,3.0,3.0,4.0,4,Yes,Too much content packed into too few sessions.,2026-07-01
STU-01515,Robotics & Embedded Systems,Nov 2025 Batch,Techno India University,Online,Male,3rd Year,5.0,5.0,5.0,5.0,5.0,5,Yes,"Clear explanations, useful resources, and prompt doubt-clearing sessions.",2025-11-01
STU-01586,AI in Biotechnology,Apr 2026 Batch,Narasingh Choudhuri Autonomous College,Online,Female,3rd Year,4.0,3.0,3.0,3.0,4.0,3,No,Some topics felt outdated compared to current industry trends.,2026-04-01
STU-01092,Agentic AI,Mar 2025 Batch,Neotia University,Online,Male,1st Year,4.0,4.0,3.0,4.0,3.0,4,Yes,"The program was decent overall, nothing major to complain about.",2025-03-01
STU-01561,Machine Learning,Aug 2025 Batch,Government College of Engineering & Textile Technology,Hybrid,Female,Graduate,4.0,4.0,2.0,2.0,2.0,3,No,"Reasonably good, though I expected slightly more hands-on practice.",2025-08-01
STU-01102,Data Science,Feb 2026 Batch,St. Xavier's College Kolkata,Online,Male,Working Professional,5.0,5.0,5.0,4.0,5.0,5,Yes,"Enjoyed every module, especially the live project work.",2026-02-01
STU-01130,Cloud Computing (AWS),Oct 2025 Batch,Government College of Engineering & Textile Technology,Online,Male,4th Year,4.0,4.0,3.0,4.0,5.0,4,Yes,Session quality varied depending on the trainer.,2025-10-01
STU-01236,Competitive Programming,Mar 2025 Batch,Government College of Engineering & Textile Technology,Online,Male,1st Year,4.0,4.0,4.0,4.0,3.0,4,Yes,The online platform kept lagging during live sessions.,2025-03-01
STU-01757,Machine Learning,May 2025 Batch,Government College of Engineering & Textile Technology,Hybrid,Male,Graduate,5.0,4.0,4.0,5.0,4.0,5,Yes,Trainer was knowledgeable and made even tough topics easy to grasp.,2025-05-01
STU-00959,Database Management (SQL),Jun 2025 Batch,Government College of Engineering & Textile Technology,Online,Female,1st Year,4.0,4.0,3.0,4.0,4.0,4,Yes,"Wish there was more time per topic, felt rushed throughout.",2025-06-01
STU-01699,Python Programming,Feb 2025 Batch,Government College of Engineering & Textile Technology,Online,Male,Graduate,3.0,2.0,3.0,3.0,3.0,2,No,Curriculum could include more project-based learning. Would have liked more one-on-one mentorship time.,2025-02-01
STU-00560,Competitive Programming,Apr 2026 Batch,Techno India University,Online,Male,Working Professional,2.0,3.0,1.0,3.0,2.0,2,No,Struggled to keep up as new topics were introduced too quickly. Support response on the query group was slow at times.,2026-04-01
STU-00847,Internet of Things (IoT),Jul 2026 Batch,Techno India University,Hybrid,Male,3rd Year,4.0,5.0,3.0,5.0,3.0,4,Yes,"Content was okay, though a few topics felt rushed.",2026-07-01
STU-00691,AI in Food Technology,Jul 2026 Batch,St. Xavier's College Kolkata,Online,Male,4th Year,4.0,3.0,3.0,3.0,2.0,3,No,"Content was okay, though a few topics felt rushed.",2026-07-01
STU-01520,App Development (Android),Aug 2026 Batch,Government College of Engineering & Textile Technology,Hybrid,Female,Graduate,3.0,3.0,4.0,5.0,3.0,3,No,"The program was decent overall, nothing major to complain about.",2026-08-01
STU-01928,App Development (Android),Sep 2025 Batch,JIS College of Engineering,Offline,Male,4th Year,4.0,4.0,3.0,5.0,4.0,4,Yes,"Wish there was more time per topic, felt rushed throughout.",2025-09-01
STU-01856,Cybersecurity & Ethical Hacking,Oct 2025 Batch,Government College of Engineering & Textile Technology,Online,Female,Working Professional,3.0,4.0,3.0,2.0,3.0,3,Yes,Would have liked more one-on-one mentorship time.,2025-10-01
STU-00437,Machine Learning,Sep 2025 Batch,Government College of Engineering & Textile Technology,Online,Female,2nd Year,5.0,4.0,3.0,5.0,3.0,4,No,Too much content packed into too few sessions.,2025-09-01
STU-00491,Web Development,Feb 2025 Batch,Techno India University,Hybrid,Male,2nd Year,5.0,5.0,5.0,4.0,5.0,5,Yes,"Excellent program overall, would definitely recommend to my juniors.",2025-02-01
STU-01986,Machine Learning,Aug 2026 Batch,Government College of Engineering & Textile Technology,Online,Male,2nd Year,3.0,2.0,2.0,2.0,4.0,3,No,"Content was okay, though a few topics felt rushed.",2026-08-01
STU-01829,Generative AI,Nov 2025 Batch,Government College of Engineering & Textile Technology,Online,Female,2nd Year,5.0,4.0,3.0,4.0,3.0,4,Yes,"It was fine, but I expected a bit more depth in the later modules.",2025-11-01
STU-01630,Cybersecurity & Ethical Hacking,Aug 2026 Batch,Government College of Engineering & Textile Technology,Offline,Female,2nd Year,3.0,2.0,2.0,3.0,3.0,3,Yes,Some topics felt outdated compared to current industry trends.,2026-08-01
STU-01388,Python Programming,Sep 2025 Batch,Government College of Engineering & Textile Technology,Online,Male,Working Professional,5.0,5.0,5.0,5.0,5.0,5,Yes,The trainer's real-world examples made the sessions very useful.,2025-09-01
STU-00070,Cloud Computing (AWS),Feb 2026 Batch,Techno India University,Hybrid,Male,3rd Year,3.0,2.0,3.0,3.0,3.0,3,Yes,"Average experience, some sessions were better than others.",2026-02-01
STU-01573,Weather Forecasting ML Project,Oct 2025 Batch,Government College of Engineering & Textile Technology,Offline,Male,Graduate,4.0,4.0,3.0,4.0,3.0,4,No,"Reasonably good, though I expected slightly more hands-on practice.",2025-10-01
STU-00809,Internet of Things (IoT),Jul 2026 Batch,St. Xavier's College Kolkata,Online,Female,Graduate,4.0,5.0,4.0,5.0,4.0,4,Yes,The trainer explained concepts clearly and was always ready to help.,2026-07-01
STU-01185,Agentic AI,May 2025 Batch,Government College of Engineering & Textile Technology,Offline,Female,Working Professional,5.0,5.0,5.0,4.0,2.0,5,Yes,The online platform kept lagging during live sessions.,2025-05-01
STU-00012,Full Stack Development,Apr 2025 Batch,Government College of Engineering & Textile Technology,Online,Male,Graduate,2.0,2.0,1.0,1.0,2.0,2,Yes,Struggled to keep up as new topics were introduced too quickly. Wanted more advanced/real-world case studies in the curriculum.,2025-04-01
STU-00145,Advanced Excel & Power BI,Aug 2025 Batch,Government College of Engineering & Textile Technology,Online,Male,3rd Year,5.0,4.0,5.0,5.0,4.0,4,Yes,Trainer was knowledgeable and made even tough topics easy to grasp.,2025-08-01
STU-00918,AI in Food Technology,Aug 2026 Batch,Techno India University,Online,Female,Working Professional,5.0,5.0,4.0,4.0,4.0,5,Yes,The curriculum was well structured and relevant to current industry needs.,2026-08-01
STU-01542,Blockchain Basics,May 2025 Batch,St. Xavier's College Kolkata,Hybrid,Female,4th Year,5.0,4.0,3.0,3.0,4.0,4,Yes,"Content was okay, though a few topics felt rushed.",2025-05-01
STU-01452,Cybersecurity & Ethical Hacking,Apr 2025 Batch,Neotia University,Offline,Male,4th Year,4.0,4.0,3.0,4.0,4.0,4,Yes,Too much content packed into too few sessions.,2025-04-01
STU-00640,Agentic AI,Feb 2025 Batch,Techno India University,Online,Male,3rd Year,3.0,2.0,3.0,3.0,3.0,3,Yes,"Overall okay experience, a few sessions could have been better planned.",2025-02-01
STU-00177,Networking Fundamentals,Jan 2026 Batch,St. Xavier's College Kolkata,Online,Female,2nd Year,5.0,5.0,5.0,5.0,5.0,5,Yes,The program content was up to date and industry relevant.,2026-01-01
STU-00995,Cybersecurity & Ethical Hacking,Aug 2026 Batch,St. Xavier's College Kolkata,Offline,Male,Graduate,4.0,3.0,4.0,3.0,3.0,3,No,Curriculum could include more project-based learning.,2026-08-01
STU-00441,Blockchain Basics,Apr 2026 Batch,Techno India University,Online,Male,3rd Year,3.0,4.0,3.0,4.0,4.0,3,Yes,Explanations were sometimes too fast to follow properly.,2026-04-01
STU-00522,Data Science,Dec 2025 Batch,Neotia University,Offline,Male,Graduate,5.0,5.0,5.0,5.0,4.0,5,Yes,"Great balance of theory and practicals, exceeded my expectations.",2025-12-01
STU-01969,App Development (Android),Sep 2025 Batch,Maulana Azad College,Offline,Male,3rd Year,3.0,3.0,3.0,4.0,4.0,3,Yes,Explanations were sometimes too fast to follow properly.,2025-09-01
STU-01932,Digital Marketing,Jul 2025 Batch,Government College of Engineering & Textile Technology,Online,Male,Graduate,3.0,4.0,3.0,4.0,3.0,4,No,"Sessions felt monotonous, needed more interactive teaching.",2025-07-01
STU-01713,AI in Food Technology,May 2025 Batch,Government College of Engineering & Textile Technology,Online,Male,Graduate,3.0,4.0,3.0,4.0,3.0,3,No,"Overall okay experience, a few sessions could have been better planned.",2025-05-01
STU-01005,Web Development,Jul 2026 Batch,Techno India University,Online,Female,3rd Year,3.0,5.0,4.0,4.0,3.0,4,No,"It was fine, but I expected a bit more depth in the later modules.",2026-07-01
STU-01256,Machine Learning,Mar 2026 Batch,Neotia University,Online,Male,3rd Year,4.0,4.0,3.0,3.0,3.0,4,Yes,"Wish there was more time per topic, felt rushed throughout.",2026-03-01
STU-00185,Java Development,Aug 2025 Batch,Maulana Azad College,Offline,Male,4th Year,4.0,4.0,5.0,4.0,3.0,4,Yes,"The program was decent overall, nothing major to complain about.",2025-08-01
STU-01665,AI in Food Technology,Feb 2026 Batch,Techno India University,Online,Female,2nd Year,4.0,3.0,4.0,5.0,3.0,4,Yes,"Content was okay, though a few topics felt rushed.",2026-02-01
STU-00144,App Development (Android),Apr 2025 Batch,Narasingh Choudhuri Autonomous College,Online,Female,4th Year,4.0,3.0,3.0,4.0,4.0,3,No,,2025-04-01
STU-00754,Full Stack Development,Jul 2026 Batch,St. Xavier's College Kolkata,Online,Female,3rd Year,4.0,4.0,4.0,4.0,2.0,4,Yes,Recorded session links took too long to be uploaded.,2026-07-01
STU-00520,Networking Fundamentals,Aug 2026 Batch,Government College of Engineering & Textile Technology,Online,Male,Working Professional,3.0,3.0,4.0,3.0,3.0,3,No,Would appreciate a more engaging teaching style.,2026-08-01
STU-01992,Java Development,May 2025 Batch,JIS College of Engineering,Offline,Female,4th Year,4.0,4.0,4.0,5.0,3.0,4,No,Recorded session links took too long to be uploaded.,2025-05-01
STU-01323,UI/UX Design,Feb 2025 Batch,Maulana Azad College,Online,Female,2nd Year,5.0,5.0,4.0,4.0,5.0,4,Yes,The program content was up to date and industry relevant.,2025-02-01
STU-00823,Blockchain Basics,Oct 2025 Batch,St. Xavier's College Kolkata,Hybrid,Female,Graduate,5.0,5.0,4.0,4.0,4.0,5,Yes,The curriculum was well structured and relevant to current industry needs.,2025-10-01
STU-00429,Python Programming,Apr 2025 Batch,Neotia University,Hybrid,Male,Graduate,5.0,4.0,3.0,4.0,5.0,4,No,Struggled to keep up as new topics were introduced too quickly.,2025-04-01
STU-00613,Full Stack Development,Jun 2026 Batch,JIS College of Engineering,Online,Female,4th Year,3.0,3.0,2.0,4.0,2.0,3,Yes,"It was fine, but I expected a bit more depth in the later modules.",2026-06-01
STU-01506,Full Stack Development,Sep 2025 Batch,Government College of Engineering & Textile Technology,Offline,Prefer not to say,4th Year,3.0,3.0,2.0,3.0,3.0,3,No,"The sessions moved too fast, hard to keep up with the pace.",2025-09-01
STU-01033,Cybersecurity & Ethical Hacking,Mar 2026 Batch,St. Xavier's College Kolkata,Hybrid,Male,4th Year,3.0,3.0,3.0,4.0,3.0,3,No,Would appreciate a more engaging teaching style.,2026-03-01
STU-00157,Internet of Things (IoT),Mar 2025 Batch,Techno India University,Hybrid,Female,Graduate,4.0,5.0,4.0,5.0,3.0,4,No,"Content was okay, though a few topics felt rushed.",2025-03-01
STU-00540,Cybersecurity & Ethical Hacking,May 2025 Batch,Government College of Engineering & Textile Technology,Offline,Female,4th Year,4.0,3.0,3.0,5.0,5.0,4,Yes,Wanted more advanced/real-world case studies in the curriculum.,2025-05-01
STU-01531,Cloud Computing (AWS),Aug 2025 Batch,Narasingh Choudhuri Autonomous College,Hybrid,Male,3rd Year,2.0,3.0,2.0,2.0,3.0,2,No,The trainer could explain concepts more clearly.,2025-08-01
STU-01461,AI in Biotechnology,Feb 2026 Batch,Independent / Working Professional,Offline,Male,2nd Year,5.0,4.0,5.0,5.0,4.0,5,Yes,"Clear explanations, useful resources, and prompt doubt-clearing sessions.",2026-02-01
STU-01291,Blockchain Basics,Apr 2025 Batch,Techno India University,Online,Male,Graduate,3.0,2.0,3.0,3.0,1.0,3,No,Recorded session links took too long to be uploaded.,2025-04-01
STU-00462,Full Stack Development,Feb 2026 Batch,Maulana Azad College,Online,Female,3rd Year,3.0,3.0,1.0,3.0,1.0,2,Yes,"The sessions moved too fast, hard to keep up with the pace.",2026-02-01
STU-00577,Cybersecurity & Ethical Hacking,May 2025 Batch,Techno India University,Offline,Male,1st Year,5.0,5.0,3.0,5.0,4.0,4,Yes,Struggled to keep up as new topics were introduced too quickly.,2025-05-01
STU-01363,Digital Marketing,Feb 2025 Batch,Neotia University,Offline,Female,4th Year,3.0,4.0,3.0,3.0,4.0,4,Yes,"Content was okay, though a few topics felt rushed.",2025-02-01
STU-00256,Digital Marketing,Aug 2025 Batch,JIS College of Engineering,Online,Female,4th Year,5.0,4.0,4.0,4.0,4.0,5,Yes,The curriculum was well structured and relevant to current industry needs.,2025-08-01
STU-00980,AI in Food Technology,Jun 2026 Batch,Government College of Engineering & Textile Technology,Online,Female,Working Professional,5.0,5.0,3.0,4.0,5.0,4,Yes,"Pace needs to slow down, especially for beginners in the batch.",2026-06-01
STU-01186,UI/UX Design,Aug 2026 Batch,Independent / Working Professional,Online,Female,2nd Year,5.0,4.0,5.0,5.0,4.0,5,Yes,Trainer was knowledgeable and made even tough topics easy to grasp.,2026-08-01
STU-01007,App Development (Android),Dec 2025 Batch,Techno India University,Offline,Male,Graduate,2.0,2.0,2.0,4.0,2.0,2,No,"The trainer could explain concepts more clearly. Wish there was more time per topic, felt rushed throughout.",2025-12-01
STU-01522,Python Programming,May 2025 Batch,JIS College of Engineering,Online,Male,3rd Year,5.0,5.0,3.0,5.0,4.0,4,Yes,"Content was okay, though a few topics felt rushed.",2025-05-01
STU-01690,DevOps,Apr 2026 Batch,Techno India University,Online,Female,2nd Year,4.0,4.0,4.0,5.0,3.0,4,Yes,,2026-04-01
STU-00561,Advanced Excel & Power BI,Apr 2025 Batch,Maulana Azad College,Online,Female,Working Professional,3.0,2.0,3.0,3.0,2.0,3,No,"Reasonably good, though I expected slightly more hands-on practice.",2025-04-01
STU-00209,Advanced Excel & Power BI,Dec 2025 Batch,Government College of Engineering & Textile Technology,Offline,Female,2nd Year,5.0,4.0,3.0,4.0,4.0,4,No,Could use an extra week or two to cover everything properly.,2025-12-01
STU-00911,Cybersecurity & Ethical Hacking,Mar 2026 Batch,Maulana Azad College,Online,Female,1st Year,4.0,5.0,4.0,4.0,4.0,4,Yes,,2026-03-01
STU-01312,Blockchain Basics,Jun 2025 Batch,St. Xavier's College Kolkata,Online,Female,Graduate,3.0,4.0,5.0,4.0,4.0,4,Yes,"Reasonably good, though I expected slightly more hands-on practice.",2025-06-01
STU-00002,Blockchain Basics,Jul 2025 Batch,Techno India University,Online,Female,Working Professional,4.0,5.0,3.0,3.0,3.0,3,Yes,Session quality varied depending on the trainer.,2025-07-01
STU-01366,Cybersecurity & Ethical Hacking,Jul 2025 Batch,St. Xavier's College Kolkata,Online,Male,1st Year,4.0,4.0,4.0,4.0,4.0,4,Yes,"The sessions moved too fast, hard to keep up with the pace.",2025-07-01
STU-00270,Networking Fundamentals,Apr 2025 Batch,St. Xavier's College Kolkata,Online,Female,3rd Year,3.0,4.0,3.0,4.0,3.0,3,Yes,"The program was decent overall, nothing major to complain about.",2025-04-01
STU-00266,Competitive Programming,May 2025 Batch,Narasingh Choudhuri Autonomous College,Offline,Female,4th Year,4.0,4.0,4.0,4.0,3.0,4,No,"Average experience, some sessions were better than others.",2025-05-01
STU-00915,Advanced Excel & Power BI,May 2025 Batch,Narasingh Choudhuri Autonomous College,Online,Female,3rd Year,5.0,4.0,4.0,3.0,4.0,4,No,Session quality varied depending on the trainer.,2025-05-01
STU-00231,Python Programming,Nov 2025 Batch,Techno India University,Online,Female,1st Year,5.0,4.0,3.0,5.0,3.0,4,Yes,No comments.,2025-11-01
STU-01964,Generative AI,Apr 2026 Batch,Government College of Engineering & Textile Technology,Hybrid,Female,3rd Year,5.0,4.0,4.0,5.0,3.0,4,No,The portal for assignments was confusing and slow to load.,2026-04-01
STU-01120,AI in Food Technology,Sep 2025 Batch,JIS College of Engineering,Hybrid,Male,Graduate,4.0,4.0,3.0,4.0,3.0,4,Yes,Session quality varied depending on the trainer.,2025-09-01
STU-01959,Full Stack Development,Mar 2025 Batch,Techno India University,Online,Male,Graduate,5.0,5.0,4.0,5.0,4.0,5,Yes,One of the best training experiences I have had so far.,2025-03-01
STU-00865,Competitive Programming,Mar 2026 Batch,Government College of Engineering & Textile Technology,Online,Male,2nd Year,5.0,3.0,5.0,5.0,3.0,4,Yes,Curriculum could include more project-based learning.,2026-03-01
STU-01067,DevOps,Apr 2025 Batch,Techno India University,Online,Female,4th Year,4.0,5.0,4.0,5.0,5.0,5,Yes,The projects assigned really helped me apply what was taught.,2025-04-01
STU-00874,App Development (Android),Apr 2025 Batch,JIS College of Engineering,Online,Male,2nd Year,4.0,4.0,4.0,5.0,4.0,4,Yes,"Really enjoyed the sessions, the trainer kept things engaging.",2025-04-01
STU-01786,Generative AI,Jun 2025 Batch,Neotia University,Online,Female,4th Year,5.0,5.0,5.0,5.0,5.0,5,Yes,"Enjoyed every module, especially the live project work.",2025-06-01
STU-00399,App Development (Android),Mar 2026 Batch,St. Xavier's College Kolkata,Online,Female,4th Year,5.0,4.0,4.0,4.0,4.0,4,Yes,The program content was up to date and industry relevant.,2026-03-01
STU-01817,Internet of Things (IoT),May 2025 Batch,Narasingh Choudhuri Autonomous College,Online,Male,3rd Year,4.0,4.0,3.0,3.0,2.0,4,No,Recorded session links took too long to be uploaded.,2025-05-01
STU-01653,Cloud Computing (AWS),Feb 2025 Batch,Government College of Engineering & Textile Technology,Hybrid,Male,3rd Year,5.0,5.0,4.0,5.0,5.0,5,Yes,One of the best training experiences I have had so far.,2025-02-01
STU-00046,Advanced Excel & Power BI,Sep 2025 Batch,Techno India University,Online,Male,3rd Year,5.0,5.0,4.0,5.0,4.0,4,No,"Very satisfied, the mentors were patient and encouraging throughout.",2025-09-01
STU-00162,Competitive Programming,Sep 2025 Batch,Government College of Engineering & Textile Technology,Online,Male,4th Year,5.0,5.0,5.0,5.0,5.0,5,Yes,The trainer's real-world examples made the sessions very useful.,2025-09-01
STU-00992,AI in Food Technology,Sep 2025 Batch,Techno India University,Offline,Male,3rd Year,4.0,4.0,3.0,3.0,3.0,3,Yes,"Overall okay experience, a few sessions could have been better planned.",2025-09-01
STU-00728,Cybersecurity & Ethical Hacking,Feb 2025 Batch,Neotia University,Online,Male,2nd Year,4.0,4.0,3.0,4.0,3.0,4,Yes,"Decent program, could use a bit more structure in scheduling.",2025-02-01
STU-00630,UI/UX Design,Feb 2025 Batch,Techno India University,Hybrid,Male,3rd Year,4.0,3.0,3.0,4.0,3.0,3,No,"Average experience, some sessions were better than others.",2025-02-01
STU-00289,Agentic AI,May 2025 Batch,Government College of Engineering & Textile Technology,Hybrid,Female,2nd Year,4.0,3.0,2.0,3.0,3.0,3,Yes,"Decent program, could use a bit more structure in scheduling.",2025-05-01
STU-01614,Competitive Programming,Apr 2026 Batch,Techno India University,Online,Female,3rd Year,3.0,3.0,2.0,3.0,2.0,3,No,Struggled to keep up as new topics were introduced too quickly.,2026-04-01
STU-01060,Cloud Computing (AWS),Oct 2025 Batch,Government College of Engineering & Textile Technology,Hybrid,Female,3rd Year,4.0,4.0,3.0,4.0,3.0,4,Yes,"It was fine, but I expected a bit more depth in the later modules.",2025-10-01
STU-01943,Advanced Excel & Power BI,Jan 2025 Batch,St. Xavier's College Kolkata,Online,Female,3rd Year,4.0,3.0,3.0,4.0,3.0,4,No,Wanted more advanced/real-world case studies in the curriculum.,2025-01-01
STU-00576,Full Stack Development,Jul 2026 Batch,Government College of Engineering & Textile Technology,Online,Male,Graduate,3.0,2.0,3.0,3.0,2.0,3,No,"The program was decent overall, nothing major to complain about.",2026-07-01
STU-00851,Web Development,Mar 2025 Batch,Maulana Azad College,Online,Male,3rd Year,4.0,4.0,3.0,4.0,4.0,4,Yes,Too much content packed into too few sessions.,2025-03-01
STU-01340,DevOps,Jun 2026 Batch,Techno India University,Offline,Male,3rd Year,5.0,5.0,4.0,4.0,5.0,5,Yes,"Very satisfied, the mentors were patient and encouraging throughout.",2026-06-01
STU-00912,Agentic AI,Jan 2026 Batch,Heritage Institute of Technology,Online,Male,4th Year,3.0,3.0,2.0,2.0,2.0,2,No,Too much content packed into too few sessions.,2026-01-01
STU-01255,AI in Food Technology,May 2025 Batch,Techno India University,Hybrid,Female,Graduate,4.0,3.0,3.0,3.0,4.0,4,Yes,"Overall okay experience, a few sessions could have been better planned.",2025-05-01
STU-01723,Full Stack Development,Nov 2025 Batch,Government College of Engineering & Textile Technology,Online,Male,4th Year,5.0,5.0,4.0,5.0,4.0,4,Yes,"Reasonably good, though I expected slightly more hands-on practice.",2025-11-01
STU-01810,Web Development,Feb 2026 Batch,Techno India University,Offline,Female,4th Year,2.0,3.0,2.0,3.0,2.0,2,Yes,Explanations were sometimes too fast to follow properly.,2026-02-01
STU-01736,Machine Learning,Jul 2026 Batch,Government College of Engineering & Textile Technology,Online,Female,3rd Year,5.0,5.0,5.0,5.0,4.0,5,Yes,The curriculum was well structured and relevant to current industry needs.,2026-07-01
STU-00933,AI in Biotechnology,Aug 2026 Batch,Narasingh Choudhuri Autonomous College,Online,Female,3rd Year,4.0,4.0,3.0,3.0,3.0,3,No,"Wish there was more time per topic, felt rushed throughout.",2026-08-01
STU-01101,App Development (Android),Aug 2026 Batch,Techno India University,Online,Female,4th Year,5.0,5.0,3.0,5.0,4.0,5,Yes,"Pace needs to slow down, especially for beginners in the batch.",2026-08-01
STU-01658,Generative AI,Oct 2025 Batch,Techno India University,Online,Female,3rd Year,4.0,4.0,3.0,3.0,3.0,3,No,"Reasonably good, though I expected slightly more hands-on practice.",2025-10-01
STU-01208,Generative AI,Aug 2026 Batch,Government College of Engineering & Textile Technology,Online,Male,4th Year,2.0,2.0,3.0,3.0,1.0,2,Yes,The online platform kept lagging during live sessions. Wanted more advanced/real-world case studies in the curriculum.,2026-08-01
STU-00248,Generative AI,Feb 2026 Batch,Government College of Engineering & Textile Technology,Online,Female,Graduate,4.0,4.0,4.0,5.0,4.0,4,No,Trainer was knowledgeable and made even tough topics easy to grasp.,2026-02-01
STU-00477,Blockchain Basics,Sep 2025 Batch,Neotia University,Online,Female,1st Year,4.0,4.0,5.0,4.0,3.0,4,No,"Decent program, could use a bit more structure in scheduling.",2025-09-01
STU-01695,Cybersecurity & Ethical Hacking,Jan 2026 Batch,Neotia University,Hybrid,Male,2nd Year,3.0,3.0,3.0,4.0,2.0,3,No,"The program was decent overall, nothing major to complain about.",2026-01-01
STU-00086,AI in Biotechnology,May 2025 Batch,St. Xavier's College Kolkata,Offline,Male,3rd Year,4.0,4.0,2.0,4.0,2.0,4,Yes,No comments.,2025-05-01
STU-00470,Python Programming,Apr 2025 Batch,Techno India University,Online,Female,Graduate,4.0,4.0,3.0,4.0,5.0,4,No,Could use an extra week or two to cover everything properly.,2025-04-01
STU-00226,AI in Biotechnology,Apr 2025 Batch,St. Xavier's College Kolkata,Online,Female,Graduate,3.0,4.0,3.0,4.0,4.0,4,Yes,"Overall okay experience, a few sessions could have been better planned.",2025-04-01
STU-00775,Web Development,Sep 2025 Batch,Techno India University,Online,Female,Working Professional,5.0,5.0,4.0,4.0,5.0,5,Yes,"Excellent program overall, would definitely recommend to my juniors.",2025-09-01
STU-00332,Cloud Computing (AWS),Oct 2025 Batch,Heritage Institute of Technology,Online,Female,4th Year,3.0,3.0,4.0,3.0,4.0,3,No,Would appreciate a more engaging teaching style.,2025-10-01
STU-00234,Digital Marketing,Feb 2026 Batch,St. Xavier's College Kolkata,Online,Female,3rd Year,5.0,3.0,5.0,5.0,4.0,4,No,"It was fine, but I expected a bit more depth in the later modules.",2026-02-01
STU-00589,Cybersecurity & Ethical Hacking,Aug 2026 Batch,Neotia University,Online,Female,3rd Year,5.0,5.0,5.0,5.0,5.0,5,Yes,The support team responded quickly whenever I had doubts.,2026-08-01
STU-00476,Cloud Computing (AWS),May 2025 Batch,Techno India University,Online,Prefer not to say,3rd Year,3.0,4.0,4.0,3.0,3.0,3,No,"Content was okay, though a few topics felt rushed.",2025-05-01
STU-01285,Networking Fundamentals,Sep 2025 Batch,Techno India University,Online,Female,3rd Year,3.0,3.0,3.0,3.0,3.0,3,Yes,Trainer seemed unprepared in a couple of sessions.,2025-09-01
STU-01859,DevOps,Mar 2026 Batch,Government College of Engineering & Textile Technology,Offline,Female,3rd Year,5.0,5.0,5.0,5.0,5.0,5,Yes,"Well-paced sessions and very approachable trainer, learned a lot.",2026-03-01
STU-00600,Data Science,Jul 2026 Batch,Techno India University,Online,Female,3rd Year,3.0,4.0,2.0,4.0,3.0,4,Yes,"The sessions moved too fast, hard to keep up with the pace.",2026-07-01
STU-00422,Robotics & Embedded Systems,Oct 2025 Batch,Neotia University,Online,Male,3rd Year,5.0,5.0,4.0,4.0,4.0,4,Yes,"Enjoyed every module, especially the live project work.",2025-10-01
STU-01712,Generative AI,Feb 2026 Batch,Narasingh Choudhuri Autonomous College,Offline,Female,3rd Year,2.0,3.0,3.0,2.0,3.0,2,No,Trainer seemed unprepared in a couple of sessions. Support response on the query group was slow at times.,2026-02-01
STU-00183,Full Stack Development,Jul 2026 Batch,Maulana Azad College,Online,Female,3rd Year,4.0,5.0,4.0,5.0,3.0,5,Yes,Session quality varied depending on the trainer.,2026-07-01
STU-00989,App Development (Android),Aug 2026 Batch,St. Xavier's College Kolkata,Offline,Female,3rd Year,5.0,4.0,4.0,4.0,5.0,5,Yes,The trainer explained concepts clearly and was always ready to help.,2026-08-01
STU-01001,Networking Fundamentals,Oct 2025 Batch,Techno India University,Online,Female,Graduate,4.0,4.0,3.0,4.0,3.0,4,Yes,"Content was okay, though a few topics felt rushed.",2025-10-01
STU-01642,Advanced Excel & Power BI,Aug 2026 Batch,Maulana Azad College,Online,Female,3rd Year,3.0,3.0,3.0,4.0,3.0,3,Yes,"Reasonably good, though I expected slightly more hands-on practice.",2026-08-01
STU-01357,AI in Food Technology,Dec 2025 Batch,JIS College of Engineering,Online,Male,2nd Year,5.0,4.0,5.0,5.0,4.0,5,Yes,The projects assigned really helped me apply what was taught.,2025-12-01
STU-01463,Generative AI,Jul 2026 Batch,Government College of Engineering & Textile Technology,Online,Female,Working Professional,5.0,4.0,2.0,4.0,3.0,4,Yes,Struggled to keep up as new topics were introduced too quickly.,2026-07-01
STU-00050,Cybersecurity & Ethical Hacking,Mar 2026 Batch,Narasingh Choudhuri Autonomous College,Hybrid,Male,3rd Year,4.0,4.0,5.0,4.0,3.0,4,Yes,"Lab access was unreliable, lost a lot of time troubleshooting.",2026-03-01
STU-01908,DevOps,Apr 2026 Batch,Techno India University,Online,Female,2nd Year,4.0,4.0,4.0,3.0,3.0,3,No,Mentors were hard to reach outside scheduled session hours.,2026-04-01
STU-01030,App Development (Android),Oct 2025 Batch,Government College of Engineering & Textile Technology,Online,Female,3rd Year,4.0,3.0,4.0,4.0,2.0,3,No,"The program was decent overall, nothing major to complain about.",2025-10-01
STU-00530,Generative AI,Feb 2025 Batch,Maulana Azad College,Hybrid,Male,4th Year,3.0,3.0,4.0,4.0,3.0,3,Yes,"Overall okay experience, a few sessions could have been better planned.",2025-02-01
STU-01259,Generative AI,Aug 2026 Batch,Government College of Engineering & Textile Technology,Online,Female,3rd Year,5.0,5.0,5.0,5.0,4.0,5,Yes,The trainer's real-world examples made the sessions very useful.,2026-08-01
STU-00487,Data Science,Jul 2026 Batch,Government College of Engineering & Textile Technology,Offline,Female,Graduate,3.0,3.0,4.0,3.0,3.0,3,Yes,Explanations were sometimes too fast to follow properly.,2026-07-01
STU-01941,AI in Food Technology,May 2025 Batch,Narasingh Choudhuri Autonomous College,Hybrid,Female,2nd Year,2.0,4.0,1.0,3.0,2.0,3,No,Could use an extra week or two to cover everything properly.,2025-05-01
STU-00498,Machine Learning,Jun 2025 Batch,Government College of Engineering & Textile Technology,Online,Female,Graduate,4.0,5.0,3.0,4.0,4.0,4,Yes,"Overall okay experience, a few sessions could have been better planned.",2025-06-01
STU-01647,Generative AI,Aug 2025 Batch,St. Xavier's College Kolkata,Online,Prefer not to say,3rd Year,4.0,4.0,4.0,2.0,2.0,3,Yes,Mentors were hard to reach outside scheduled session hours.,2025-08-01
STU-00107,Advanced Excel & Power BI,Sep 2025 Batch,Techno India University,Online,Male,Graduate,4.0,4.0,4.0,5.0,4.0,4,Yes,"Clear explanations, useful resources, and prompt doubt-clearing sessions.",2025-09-01
STU-00444,AI in Food Technology,Jul 2025 Batch,Maulana Azad College,Hybrid,Male,Graduate,4.0,3.0,4.0,4.0,3.0,4,Yes,,2025-07-01
STU-01513,Digital Marketing,Feb 2025 Batch,Maulana Azad College,Offline,Male,4th Year,2.0,3.0,3.0,4.0,3.0,3,No,"It was fine, but I expected a bit more depth in the later modules.",2025-02-01
STU-00647,Competitive Programming,Jan 2026 Batch,Techno India University,Offline,Female,3rd Year,3.0,3.0,4.0,4.0,4.0,3,Yes,"Decent program, could use a bit more structure in scheduling.",2026-01-01
STU-01037,Data Science,Feb 2025 Batch,Government College of Engineering & Textile Technology,Online,Male,4th Year,4.0,4.0,2.0,4.0,2.0,4,Yes,Struggled to keep up as new topics were introduced too quickly.,2025-02-01
STU-01763,Competitive Programming,Aug 2026 Batch,Government College of Engineering & Textile Technology,Online,Male,2nd Year,4.0,5.0,4.0,4.0,4.0,4,Yes,The trainer explained concepts clearly and was always ready to help.,2026-08-01
STU-00727,Python Programming,Apr 2026 Batch,Neotia University,Online,Female,Working Professional,5.0,5.0,4.0,4.0,4.0,4,Yes,The support team responded quickly whenever I had doubts.,2026-04-01
STU-00191,Blockchain Basics,Oct 2025 Batch,Government College of Engineering & Textile Technology,Online,Female,1st Year,3.0,3.0,3.0,3.0,2.0,3,No,The online platform kept lagging during live sessions.,2025-10-01
STU-01789,DevOps,Jul 2026 Batch,Techno India University,Online,Male,4th Year,5.0,5.0,4.0,4.0,4.0,5,No,The curriculum was well structured and relevant to current industry needs.,2026-07-01
STU-00283,DevOps,Mar 2025 Batch,Government College of Engineering & Textile Technology,Online,Male,3rd Year,4.0,4.0,3.0,4.0,4.0,4,Yes,"Overall okay experience, a few sessions could have been better planned.",2025-03-01
STU-00030,Java Development,Sep 2025 Batch,Government College of Engineering & Textile Technology,Online,Male,Working Professional,2.0,2.0,3.0,3.0,4.0,3,No,"Overall okay experience, a few sessions could have been better planned.",2025-09-01
STU-00170,Web Development,Jul 2026 Batch,Narasingh Choudhuri Autonomous College,Offline,Male,2nd Year,4.0,4.0,4.0,5.0,4.0,4,Yes,The support team responded quickly whenever I had doubts.,2026-07-01
STU-01002,DevOps,Feb 2025 Batch,Techno India University,Offline,Male,3rd Year,2.0,3.0,2.0,2.0,2.0,2,No,Explanations were sometimes too fast to follow properly. Faced frequent audio/video issues during classes.,2025-02-01
STU-01205,Machine Learning,Feb 2025 Batch,Techno India University,Online,Male,Working Professional,5.0,5.0,5.0,5.0,4.0,5,Yes,The trainer explained concepts clearly and was always ready to help.,2025-02-01
STU-00101,Advanced Excel & Power BI,Apr 2025 Batch,Techno India University,Offline,Male,4th Year,4.0,3.0,2.0,5.0,2.0,3,No,Session quality varied depending on the trainer.,2025-04-01
STU-00198,Python Programming,Jul 2026 Batch,Government College of Engineering & Textile Technology,Hybrid,Male,3rd Year,2.0,2.0,1.0,1.0,1.0,2,Yes,"The sessions moved too fast, hard to keep up with the pace. The online platform kept lagging during live sessions.",2026-07-01
STU-00496,Weather Forecasting ML Project,Mar 2026 Batch,Neotia University,Hybrid,Male,4th Year,3.0,4.0,3.0,4.0,4.0,3,Yes,"Overall okay experience, a few sessions could have been better planned.",2026-03-01
STU-01746,DevOps,May 2025 Batch,JIS College of Engineering,Online,Male,1st Year,4.0,4.0,4.0,4.0,4.0,4,No,,2025-05-01
STU-00648,Robotics & Embedded Systems,Sep 2025 Batch,Techno India University,Online,Male,4th Year,4.0,3.0,4.0,4.0,3.0,3,No,Felt a few modules were not very relevant to the job market.,2025-09-01
STU-00988,UI/UX Design,Mar 2026 Batch,Government College of Engineering & Textile Technology,Online,Male,4th Year,4.0,5.0,4.0,4.0,4.0,4,Yes,"Excellent program overall, would definitely recommend to my juniors.",2026-03-01
STU-00045,DevOps,Mar 2025 Batch,Techno India University,Hybrid,Male,Graduate,5.0,4.0,4.0,5.0,4.0,4,Yes,"Very satisfied, the mentors were patient and encouraging throughout.",2025-03-01
STU-01925,Networking Fundamentals,Oct 2025 Batch,Government College of Engineering & Textile Technology,Offline,Male,3rd Year,3.0,4.0,4.0,3.0,4.0,3,Yes,"Reasonably good, though I expected slightly more hands-on practice.",2025-10-01
STU-00711,Machine Learning,Jun 2025 Batch,Neotia University,Online,Female,Working Professional,4.0,5.0,4.0,5.0,4.0,5,Yes,"Enjoyed every module, especially the live project work.",2025-06-01
STU-00374,Cybersecurity & Ethical Hacking,Nov 2025 Batch,Neotia University,Offline,Male,1st Year,5.0,5.0,5.0,5.0,5.0,5,Yes,"Great mentorship throughout the program, felt supported at every step.",2025-11-01
STU-00679,Internet of Things (IoT),Jul 2026 Batch,Techno India University,Hybrid,Female,1st Year,3.0,3.0,3.0,3.0,4.0,3,Yes,Recorded session links took too long to be uploaded.,2026-07-01
STU-00567,Blockchain Basics,Oct 2025 Batch,Techno India University,Online,Female,3rd Year,5.0,5.0,4.0,5.0,4.0,5,Yes,"Very satisfied, the mentors were patient and encouraging throughout.",2025-10-01
STU-01673,Data Science,Nov 2025 Batch,Techno India University,Online,Female,Working Professional,4.0,3.0,4.0,4.0,3.0,3,Yes,"It was fine, but I expected a bit more depth in the later modules.",2025-11-01
STU-01822,UI/UX Design,Oct 2025 Batch,Techno India University,Online,Male,Working Professional,4.0,3.0,4.0,2.0,4.0,3,Yes,"Overall okay experience, a few sessions could have been better planned.",2025-10-01
STU-00848,Machine Learning,Mar 2026 Batch,Government College of Engineering & Textile Technology,Online,Female,3rd Year,3.0,3.0,2.0,2.0,2.0,3,Yes,"Overall okay experience, a few sessions could have been better planned.",2026-03-01
STU-00461,App Development (Android),Aug 2026 Batch,JIS College of Engineering,Online,Male,4th Year,5.0,4.0,4.0,5.0,5.0,5,Yes,The trainer's real-world examples made the sessions very useful.,2026-08-01
STU-01438,Python Programming,Sep 2025 Batch,Government College of Engineering & Textile Technology,Online,Male,2nd Year,4.0,5.0,4.0,4.0,5.0,5,Yes,"Really enjoyed the sessions, the trainer kept things engaging.",2025-09-01
STU-01156,Competitive Programming,Jul 2026 Batch,St. Xavier's College Kolkata,Online,Female,Graduate,5.0,4.0,4.0,4.0,2.0,4,Yes,Had connectivity issues on the platform almost every week.,2026-07-01
STU-00040,Advanced Excel & Power BI,Apr 2026 Batch,Neotia University,Hybrid,Female,Working Professional,3.0,4.0,4.0,4.0,4.0,4,Yes,"The program was decent overall, nothing major to complain about.",2026-04-01
STU-00435,Python Programming,May 2026 Batch,Neotia University,Online,Female,1st Year,3.0,2.0,3.0,2.0,3.0,3,Yes,"It was fine, but I expected a bit more depth in the later modules.",2026-05-01
STU-00974,Python Programming,Aug 2026 Batch,St. Xavier's College Kolkata,Online,Male,1st Year,4.0,5.0,4.0,5.0,5.0,5,Yes,"Great mentorship throughout the program, felt supported at every step.",2026-08-01
STU-01240,Machine Learning,Feb 2025 Batch,Techno India University,Offline,Male,3rd Year,3.0,4.0,3.0,4.0,4.0,4,Yes,The trainer could explain concepts more clearly.,2025-02-01
STU-01008,Weather Forecasting ML Project,Jul 2026 Batch,Independent / Working Professional,Offline,Female,2nd Year,5.0,5.0,5.0,5.0,5.0,5,Yes,The support team responded quickly whenever I had doubts.,2026-07-01
STU-01580,Blockchain Basics,Jul 2026 Batch,Neotia University,Online,Prefer not to say,3rd Year,3.0,3.0,3.0,3.0,3.0,3,No,"Sessions felt monotonous, needed more interactive teaching.",2026-07-01
STU-01591,Blockchain Basics,Oct 2025 Batch,Maulana Azad College,Online,Male,1st Year,4.0,4.0,3.0,4.0,4.0,4,No,Struggled to keep up as new topics were introduced too quickly.,2025-10-01
STU-01787,Java Development,Feb 2026 Batch,Narasingh Choudhuri Autonomous College,Online,Female,3rd Year,3.0,2.0,2.0,3.0,2.0,3,No,"Content was okay, though a few topics felt rushed.",2026-02-01
STU-01499,Advanced Excel & Power BI,Sep 2025 Batch,Techno India University,Online,Female,Working Professional,3.0,4.0,4.0,4.0,4.0,4,Yes,"Content was okay, though a few topics felt rushed.",2025-09-01
STU-00457,Generative AI,Jul 2026 Batch,Government College of Engineering & Textile Technology,Online,Male,2nd Year,4.0,5.0,3.0,4.0,4.0,4,Yes,"Overall okay experience, a few sessions could have been better planned.",2026-07-01
STU-01836,App Development (Android),Aug 2026 Batch,Government College of Engineering & Textile Technology,Online,Male,Graduate,4.0,4.0,5.0,4.0,5.0,4,No,The trainer explained concepts clearly and was always ready to help.,2026-08-01
STU-00261,Python Programming,Feb 2026 Batch,Techno India University,Online,Female,Graduate,2.0,2.0,1.0,4.0,2.0,2,No,"Wish there was more time per topic, felt rushed throughout. Recorded session links took too long to be uploaded.",2026-02-01
STU-01841,AI in Food Technology,Sep 2025 Batch,Neotia University,Hybrid,Female,2nd Year,5.0,5.0,4.0,5.0,4.0,5,Yes,"Very satisfied, the mentors were patient and encouraging throughout.",2025-09-01
STU-00036,Competitive Programming,Jun 2026 Batch,JIS College of Engineering,Hybrid,Male,2nd Year,5.0,4.0,5.0,5.0,4.0,4,Yes,Practical assignments made the concepts much easier to understand.,2026-06-01
STU-00828,AI in Biotechnology,Apr 2025 Batch,JIS College of Engineering,Online,Male,Graduate,3.0,4.0,3.0,4.0,4.0,4,No,Explanations were sometimes too fast to follow properly.,2025-04-01
STU-00310,DevOps,Aug 2026 Batch,Techno India University,Online,Female,1st Year,5.0,5.0,4.0,5.0,4.0,5,Yes,Trainer was knowledgeable and made even tough topics easy to grasp.,2026-08-01
STU-00277,Machine Learning,Aug 2025 Batch,Techno India University,Online,Male,3rd Year,4.0,3.0,4.0,4.0,4.0,3,Yes,"Overall okay experience, a few sessions could have been better planned.",2025-08-01
STU-00637,Data Science,May 2025 Batch,St. Xavier's College Kolkata,Offline,Female,4th Year,5.0,5.0,5.0,4.0,5.0,4,No,The trainer explained concepts clearly and was always ready to help.,2025-05-01
STU-00655,Data Science,Jul 2026 Batch,St. Xavier's College Kolkata,Online,Female,4th Year,5.0,5.0,4.0,5.0,4.0,4,Yes,The support team responded quickly whenever I had doubts.,2026-07-01
STU-00623,Web Development,Jul 2026 Batch,Techno India University,Online,Male,4th Year,5.0,5.0,5.0,5.0,5.0,5,Yes,"Enjoyed every module, especially the live project work.",2026-07-01
STU-01860,Cloud Computing (AWS),May 2026 Batch,Techno India University,Online,Male,Graduate,3.0,4.0,3.0,3.0,3.0,3,No,Would appreciate a more engaging teaching style.,2026-05-01
STU-00845,Machine Learning,Apr 2025 Batch,Government College of Engineering & Textile Technology,Online,Female,Working Professional,3.0,3.0,3.0,4.0,3.0,4,Yes,"Sessions felt monotonous, needed more interactive teaching.",2025-04-01
STU-00394,Cybersecurity & Ethical Hacking,Jul 2025 Batch,Direct / Online (ASD),Online,Male,3rd Year,5.0,4.0,5.0,4.0,4.0,4,Yes,"Well-paced sessions and very approachable trainer, learned a lot.",2025-07-01
STU-01770,Web Development,Jan 2025 Batch,St. Xavier's College Kolkata,Online,Female,3rd Year,2.0,3.0,3.0,3.0,2.0,2,No,Trainer seemed unprepared in a couple of sessions.,2025-01-01
STU-00108,Blockchain Basics,Jun 2025 Batch,Techno India University,Online,Female,2nd Year,5.0,3.0,5.0,5.0,4.0,4,No,Wanted more advanced/real-world case studies in the curriculum.,2025-06-01
STU-00350,AI in Biotechnology,May 2025 Batch,JIS College of Engineering,Offline,Female,4th Year,3.0,5.0,4.0,4.0,3.0,4,Yes,"The program was decent overall, nothing major to complain about.",2025-05-01
STU-00525,Internet of Things (IoT),May 2025 Batch,Government College of Engineering & Textile Technology,Online,Female,2nd Year,4.0,4.0,4.0,4.0,3.0,4,No,"Reasonably good, though I expected slightly more hands-on practice.",2025-05-01
STU-00785,Full Stack Development,Nov 2025 Batch,Narasingh Choudhuri Autonomous College,Online,Male,3rd Year,4.0,3.0,1.0,3.0,3.0,2,Yes,Too much content packed into too few sessions. Would appreciate a more engaging teaching style.,2025-11-01
STU-00048,DevOps,Jul 2026 Batch,Government College of Engineering & Textile Technology,Hybrid,Prefer not to say,Working Professional,2.0,2.0,3.0,3.0,3.0,2,Yes,The trainer could explain concepts more clearly. The online platform kept lagging during live sessions.,2026-07-01
STU-00204,Web Development,Apr 2025 Batch,Techno India University,Offline,Male,2nd Year,4.0,3.0,3.0,3.0,2.0,3,Yes,"It was fine, but I expected a bit more depth in the later modules.",2025-04-01
STU-01996,App Development (Android),Jul 2026 Batch,Techno India University,Offline,Female,4th Year,3.0,4.0,4.0,3.0,3.0,3,Yes,Explanations were sometimes too fast to follow properly.,2026-07-01
STU-01656,Machine Learning,Jul 2026 Batch,Narasingh Choudhuri Autonomous College,Online,Male,1st Year,4.0,4.0,3.0,4.0,3.0,3,Yes,"It was fine, but I expected a bit more depth in the later modules.",2026-07-01
STU-00022,Data Science,Sep 2025 Batch,Techno India University,Online,Female,2nd Year,4.0,4.0,4.0,4.0,3.0,4,Yes,The portal for assignments was confusing and slow to load.,2025-09-01
STU-00403,Advanced Excel & Power BI,May 2025 Batch,Maulana Azad College,Online,Female,Working Professional,4.0,4.0,3.0,4.0,3.0,4,Yes,"Decent program, could use a bit more structure in scheduling.",2025-05-01
STU-01108,AI in Biotechnology,May 2025 Batch,Techno India University,Online,Male,2nd Year,5.0,4.0,3.0,5.0,4.0,4,Yes,"Pace needs to slow down, especially for beginners in the batch.",2025-05-01
STU-01155,Cybersecurity & Ethical Hacking,May 2025 Batch,Techno India University,Offline,Male,3rd Year,3.0,3.0,2.0,3.0,1.0,2,No,Recorded session links took too long to be uploaded.,2025-05-01
STU-01440,Data Science,Mar 2026 Batch,Government College of Engineering & Textile Technology,Online,Male,3rd Year,4.0,4.0,4.0,4.0,5.0,4,No,Practical assignments made the concepts much easier to understand.,2026-03-01
STU-00990,Generative AI,Jun 2026 Batch,Government College of Engineering & Textile Technology,Online,Female,Graduate,4.0,4.0,4.0,5.0,4.0,5,Yes,"Great mentorship throughout the program, felt supported at every step.",2026-06-01
STU-01866,Machine Learning,May 2025 Batch,Maulana Azad College,Online,Female,Working Professional,5.0,4.0,4.0,4.0,4.0,5,Yes,The support team responded quickly whenever I had doubts.,2025-05-01
STU-00742,Agentic AI,Nov 2025 Batch,Government College of Engineering & Textile Technology,Online,Male,3rd Year,4.0,4.0,3.0,3.0,3.0,3,No,Struggled to keep up as new topics were introduced too quickly.,2025-11-01
STU-01722,Generative AI,Sep 2025 Batch,JIS College of Engineering,Online,Male,3rd Year,4.0,4.0,4.0,4.0,4.0,4,Yes,"Excellent program overall, would definitely recommend to my juniors.",2025-09-01
STU-01311,Blockchain Basics,Feb 2026 Batch,Government College of Engineering & Textile Technology,Online,Female,3rd Year,4.0,5.0,3.0,5.0,4.0,4,Yes,"Wish there was more time per topic, felt rushed throughout.",2026-02-01
STU-01148,Generative AI,Sep 2025 Batch,Techno India University,Hybrid,Male,Working Professional,5.0,5.0,4.0,5.0,5.0,5,Yes,"Great mentorship throughout the program, felt supported at every step.",2025-09-01
STU-00034,Blockchain Basics,Apr 2025 Batch,Techno India University,Online,Female,2nd Year,5.0,4.0,3.0,3.0,4.0,4,Yes,Session quality varied depending on the trainer.,2025-04-01
STU-01835,Web Development,Oct 2025 Batch,Narasingh Choudhuri Autonomous College,Online,Male,3rd Year,4.0,4.0,3.0,5.0,3.0,4,Yes,"Overall okay experience, a few sessions could have been better planned.",2025-10-01
STU-01541,Web Development,Feb 2026 Batch,Direct / Online (ASD),Online,Male,4th Year,3.0,3.0,2.0,3.0,4.0,3,No,Session quality varied depending on the trainer.,2026-02-01
STU-00924,Digital Marketing,Nov 2025 Batch,Maulana Azad College,Hybrid,Female,3rd Year,4.0,5.0,3.0,3.0,2.0,3,No,"Overall okay experience, a few sessions could have been better planned.",2025-11-01
STU-01044,Python Programming,Jul 2026 Batch,Government College of Engineering & Textile Technology,Online,Male,1st Year,4.0,5.0,3.0,4.0,2.0,4,Yes,The online platform kept lagging during live sessions.,2026-07-01
STU-01922,Advanced Excel & Power BI,Apr 2025 Batch,Neotia University,Online,Female,3rd Year,3.0,4.0,4.0,4.0,4.0,3,Yes,No comments.,2025-04-01
STU-01244,Cybersecurity & Ethical Hacking,Apr 2026 Batch,Maulana Azad College,Online,Female,Graduate,3.0,3.0,4.0,2.0,3.0,3,Yes,Session quality varied depending on the trainer.,2026-04-01
STU-01916,Weather Forecasting ML Project,Jul 2026 Batch,Independent / Working Professional,Hybrid,Male,3rd Year,5.0,5.0,4.0,4.0,3.0,4,Yes,Faced frequent audio/video issues during classes.,2026-07-01
STU-00580,Competitive Programming,Feb 2025 Batch,Neotia University,Online,Female,Graduate,4.0,5.0,5.0,5.0,5.0,5,Yes,"Clear explanations, useful resources, and prompt doubt-clearing sessions.",2025-02-01
STU-00482,AI in Food Technology,Feb 2026 Batch,Government College of Engineering & Textile Technology,Online,Male,1st Year,4.0,4.0,4.0,4.0,3.0,4,Yes,"Reasonably good, though I expected slightly more hands-on practice.",2026-02-01
STU-00932,AI in Biotechnology,Feb 2025 Batch,Government College of Engineering & Textile Technology,Offline,Male,2nd Year,5.0,4.0,3.0,5.0,3.0,4,No,Session quality varied depending on the trainer.,2025-02-01
STU-00357,Python Programming,Apr 2025 Batch,Government College of Engineering & Textile Technology,Online,Male,1st Year,3.0,2.0,3.0,3.0,1.0,2,Yes,The portal for assignments was confusing and slow to load.,2025-04-01
STU-01686,Blockchain Basics,Oct 2025 Batch,Independent / Working Professional,Online,Female,2nd Year,4.0,4.0,4.0,4.0,4.0,4,Yes,"Great balance of theory and practicals, exceeded my expectations.",2025-10-01
STU-01249,DevOps,Oct 2025 Batch,Government College of Engineering & Textile Technology,Online,Male,4th Year,5.0,5.0,5.0,5.0,5.0,5,Yes,"Great mentorship throughout the program, felt supported at every step.",2025-10-01
STU-00760,Machine Learning,Jul 2026 Batch,Government College of Engineering & Textile Technology,Hybrid,Female,4th Year,3.0,5.0,4.0,3.0,3.0,4,Yes,"Content was okay, though a few topics felt rushed.",2026-07-01
STU-00093,Networking Fundamentals,Feb 2025 Batch,Narasingh Choudhuri Autonomous College,Hybrid,Female,4th Year,3.0,5.0,4.0,4.0,4.0,4,No,Explanations were sometimes too fast to follow properly.,2025-02-01
STU-01176,Cloud Computing (AWS),Aug 2025 Batch,Government College of Engineering & Textile Technology,Online,Male,1st Year,3.0,3.0,4.0,4.0,3.0,3,Yes,"Reasonably good, though I expected slightly more hands-on practice.",2025-08-01
STU-01416,Cloud Computing (AWS),Apr 2025 Batch,Government College of Engineering & Textile Technology,Online,Female,1st Year,5.0,4.0,4.0,5.0,4.0,5,Yes,The support team responded quickly whenever I had doubts.,2025-04-01
STU-01342,Competitive Programming,May 2026 Batch,Narasingh Choudhuri Autonomous College,Online,Female,3rd Year,5.0,5.0,4.0,5.0,5.0,5,Yes,"Really enjoyed the sessions, the trainer kept things engaging.",2026-05-01
STU-01473,Blockchain Basics,Jul 2026 Batch,St. Xavier's College Kolkata,Offline,Male,Graduate,4.0,4.0,3.0,5.0,3.0,4,Yes,"The program was decent overall, nothing major to complain about.",2026-07-01
STU-00804,Generative AI,Jun 2026 Batch,Maulana Azad College,Hybrid,Female,3rd Year,4.0,4.0,4.0,4.0,4.0,4,No,"Well-paced sessions and very approachable trainer, learned a lot.",2026-06-01
STU-00746,Competitive Programming,Feb 2026 Batch,Techno India University,Hybrid,Male,2nd Year,2.0,3.0,2.0,2.0,1.0,2,No,"Lab access was unreliable, lost a lot of time troubleshooting.",2026-02-01
STU-01547,Java Development,Jul 2026 Batch,St. Xavier's College Kolkata,Hybrid,Female,4th Year,4.0,3.0,3.0,3.0,3.0,3,No,"Decent program, could use a bit more structure in scheduling.",2026-07-01
STU-00280,Cybersecurity & Ethical Hacking,Feb 2025 Batch,Narasingh Choudhuri Autonomous College,Online,Male,4th Year,4.0,4.0,3.0,4.0,4.0,4,No,"The program was decent overall, nothing major to complain about.",2025-02-01
STU-01608,Weather Forecasting ML Project,Oct 2025 Batch,JIS College of Engineering,Online,Female,3rd Year,4.0,4.0,4.0,4.0,3.0,4,Yes,"Content was okay, though a few topics felt rushed.",2025-10-01
STU-00765,Internet of Things (IoT),May 2025 Batch,Government College of Engineering & Textile Technology,Online,Male,4th Year,5.0,5.0,3.0,3.0,3.0,4,No,"Reasonably good, though I expected slightly more hands-on practice.",2025-05-01
STU-00605,Robotics & Embedded Systems,Feb 2025 Batch,Government College of Engineering & Textile Technology,Online,Female,3rd Year,4.0,4.0,4.0,3.0,4.0,4,Yes,"Decent program, could use a bit more structure in scheduling.",2025-02-01
STU-01977,Python Programming,Jun 2025 Batch,Neotia University,Online,Female,2nd Year,4.0,5.0,5.0,5.0,4.0,5,Yes,The support team responded quickly whenever I had doubts.,2025-06-01
STU-01374,Advanced Excel & Power BI,May 2025 Batch,Techno India University,Online,Male,Graduate,5.0,5.0,4.0,4.0,4.0,5,Yes,Practical assignments made the concepts much easier to understand.,2025-05-01
STU-01399,Networking Fundamentals,May 2025 Batch,Independent / Working Professional,Online,Male,2nd Year,3.0,3.0,3.0,3.0,1.0,2,Yes,Faced frequent audio/video issues during classes. Could use an extra week or two to cover everything properly.,2025-05-01
STU-00401,Machine Learning,Jul 2025 Batch,St. Xavier's College Kolkata,Online,Male,2nd Year,4.0,4.0,3.0,4.0,3.0,3,Yes,No comments.,2025-07-01
STU-01729,AI in Biotechnology,Jul 2026 Batch,Neotia University,Hybrid,Male,Working Professional,4.0,4.0,3.0,3.0,2.0,3,No,Faced frequent audio/video issues during classes.,2026-07-01
STU-00028,AI in Biotechnology,Oct 2025 Batch,Government College of Engineering & Textile Technology,Offline,Male,3rd Year,3.0,4.0,3.0,4.0,2.0,3,Yes,,2025-10-01
STU-00945,Python Programming,Mar 2025 Batch,Government College of Engineering & Textile Technology,Online,Male,3rd Year,3.0,4.0,3.0,3.0,4.0,3,Yes,"Overall okay experience, a few sessions could have been better planned.",2025-03-01
STU-01876,Machine Learning,Jun 2026 Batch,Techno India University,Online,Male,Graduate,4.0,4.0,4.0,4.0,3.0,4,Yes,"Wish there was more time per topic, felt rushed throughout.",2026-06-01
STU-01097,Machine Learning,Nov 2025 Batch,Maulana Azad College,Hybrid,Female,3rd Year,5.0,5.0,4.0,4.0,3.0,4,No,"Lab access was unreliable, lost a lot of time troubleshooting.",2025-11-01
STU-01220,Agentic AI,Jul 2026 Batch,Government College of Engineering & Textile Technology,Offline,Female,3rd Year,3.0,4.0,2.0,3.0,4.0,3,No,,2026-07-01
STU-01508,Digital Marketing,Feb 2025 Batch,Neotia University,Online,Male,4th Year,3.0,3.0,2.0,3.0,3.0,3,No,Too much content packed into too few sessions.,2025-02-01
STU-01880,Machine Learning,Nov 2025 Batch,Independent / Working Professional,Online,Female,4th Year,5.0,5.0,4.0,5.0,4.0,4,Yes,"Great mentorship throughout the program, felt supported at every step.",2025-11-01
STU-01162,Generative AI,Nov 2025 Batch,Government College of Engineering & Textile Technology,Offline,Male,Graduate,4.0,4.0,3.0,4.0,3.0,4,Yes,"Pace needs to slow down, especially for beginners in the batch.",2025-11-01
STU-00495,Cloud Computing (AWS),Feb 2026 Batch,Techno India University,Online,Female,4th Year,4.0,3.0,4.0,3.0,3.0,3,Yes,Curriculum could include more project-based learning.,2026-02-01
STU-00773,Java Development,Aug 2025 Batch,Maulana Azad College,Online,Female,3rd Year,4.0,4.0,5.0,4.0,5.0,4,Yes,"Well-paced sessions and very approachable trainer, learned a lot.",2025-08-01
STU-00551,Python Programming,Feb 2026 Batch,Techno India University,Online,Female,4th Year,5.0,4.0,3.0,5.0,4.0,4,Yes,Too much content packed into too few sessions.,2026-02-01
STU-01487,Generative AI,Aug 2025 Batch,Heritage Institute of Technology,Online,Female,3rd Year,2.0,3.0,2.0,3.0,3.0,3,No,"Overall okay experience, a few sessions could have been better planned.",2025-08-01
STU-00202,Networking Fundamentals,Nov 2025 Batch,St. Xavier's College Kolkata,Online,Male,4th Year,3.0,3.0,4.0,4.0,3.0,4,No,Would appreciate a more engaging teaching style.,2025-11-01
STU-00313,Advanced Excel & Power BI,Feb 2025 Batch,St. Xavier's College Kolkata,Offline,Male,4th Year,5.0,5.0,5.0,5.0,4.0,4,Yes,The trainer explained concepts clearly and was always ready to help.,2025-02-01
STU-00291,AI in Biotechnology,Feb 2026 Batch,St. Xavier's College Kolkata,Online,Male,2nd Year,3.0,3.0,3.0,4.0,4.0,3,Yes,"Average experience, some sessions were better than others.",2026-02-01
STU-01214,Web Development,Mar 2025 Batch,Independent / Working Professional,Online,Female,4th Year,4.0,3.0,2.0,5.0,4.0,4,Yes,,2025-03-01
STU-00764,DevOps,Sep 2025 Batch,St. Xavier's College Kolkata,Offline,Female,4th Year,5.0,5.0,5.0,5.0,5.0,5,Yes,Trainer was knowledgeable and made even tough topics easy to grasp.,2025-09-01
STU-01137,Cybersecurity & Ethical Hacking,Feb 2025 Batch,Maulana Azad College,Offline,Female,4th Year,3.0,3.0,2.0,3.0,4.0,3,Yes,Session quality varied depending on the trainer.,2025-02-01
STU-00950,Internet of Things (IoT),Sep 2025 Batch,JIS College of Engineering,Online,Male,3rd Year,4.0,5.0,3.0,4.0,3.0,4,Yes,"Reasonably good, though I expected slightly more hands-on practice.",2025-09-01
STU-00184,Web Development,Mar 2026 Batch,Techno India University,Offline,Female,3rd Year,5.0,4.0,4.0,5.0,4.0,5,Yes,,2026-03-01
STU-01177,Internet of Things (IoT),May 2025 Batch,St. Xavier's College Kolkata,Online,Female,3rd Year,4.0,5.0,4.0,5.0,5.0,4,No,The curriculum was well structured and relevant to current industry needs.,2025-05-01
STU-01849,Web Development,Aug 2025 Batch,Neotia University,Offline,Female,4th Year,4.0,4.0,3.0,5.0,3.0,4,No,"Wish there was more time per topic, felt rushed throughout.",2025-08-01
STU-01350,Cloud Computing (AWS),Apr 2026 Batch,Neotia University,Online,Female,3rd Year,4.0,3.0,4.0,5.0,4.0,4,Yes,Curriculum could include more project-based learning.,2026-04-01
STU-01728,Digital Marketing,Oct 2025 Batch,Techno India University,Offline,Female,1st Year,3.0,4.0,4.0,2.0,3.0,3,No,Mentors were hard to reach outside scheduled session hours.,2025-10-01
STU-01069,Generative AI,Jul 2026 Batch,Government College of Engineering & Textile Technology,Hybrid,Male,Working Professional,5.0,5.0,4.0,5.0,4.0,5,Yes,The program content was up to date and industry relevant.,2026-07-01
STU-01469,AI in Biotechnology,Apr 2025 Batch,Government College of Engineering & Textile Technology,Offline,Male,Working Professional,4.0,5.0,5.0,5.0,3.0,5,Yes,"Average experience, some sessions were better than others.",2025-04-01
STU-01812,Python Programming,Feb 2025 Batch,Narasingh Choudhuri Autonomous College,Online,Male,3rd Year,5.0,4.0,4.0,4.0,5.0,5,Yes,"Enjoyed every module, especially the live project work.",2025-02-01
STU-01031,AI in Food Technology,Nov 2025 Batch,Narasingh Choudhuri Autonomous College,Online,Female,4th Year,4.0,4.0,3.0,4.0,3.0,4,Yes,Could use an extra week or two to cover everything properly.,2025-11-01
STU-00251,Digital Marketing,May 2025 Batch,Government College of Engineering & Textile Technology,Offline,Female,4th Year,5.0,5.0,5.0,5.0,5.0,5,Yes,"Enjoyed every module, especially the live project work.",2025-05-01
STU-00824,Digital Marketing,Apr 2025 Batch,Direct / Online (ASD),Online,Male,3rd Year,4.0,5.0,4.0,5.0,5.0,4,No,The support team responded quickly whenever I had doubts.,2025-04-01
STU-01100,Blockchain Basics,Mar 2026 Batch,St. Xavier's College Kolkata,Online,Male,Working Professional,3.0,3.0,4.0,3.0,4.0,3,No,"Overall okay experience, a few sessions could have been better planned.",2026-03-01
STU-01537,DevOps,Jul 2026 Batch,JIS College of Engineering,Offline,Male,1st Year,3.0,4.0,3.0,4.0,5.0,4,Yes,"It was fine, but I expected a bit more depth in the later modules.",2026-07-01
STU-00941,DevOps,Oct 2025 Batch,St. Xavier's College Kolkata,Online,Female,4th Year,3.0,2.0,2.0,4.0,2.0,2,No,Some topics felt outdated compared to current industry trends.,2025-10-01
STU-00392,AI in Biotechnology,Apr 2025 Batch,Government College of Engineering & Textile Technology,Hybrid,Female,4th Year,5.0,5.0,5.0,4.0,5.0,5,Yes,The trainer explained concepts clearly and was always ready to help.,2025-04-01
STU-01920,Web Development,Feb 2026 Batch,Techno India University,Online,Male,4th Year,4.0,4.0,4.0,4.0,4.0,4,Yes,"Well-paced sessions and very approachable trainer, learned a lot.",2026-02-01
STU-01457,Weather Forecasting ML Project,Jun 2026 Batch,Government College of Engineering & Textile Technology,Hybrid,Male,Graduate,3.0,4.0,4.0,3.0,4.0,4,Yes,,2026-06-01
STU-01093,Cloud Computing (AWS),Oct 2025 Batch,Heritage Institute of Technology,Offline,Female,Working Professional,4.0,4.0,4.0,4.0,4.0,4,Yes,The trainer's real-world examples made the sessions very useful.,2025-10-01
STU-01192,AI in Food Technology,Feb 2026 Batch,Neotia University,Online,Female,3rd Year,3.0,4.0,4.0,4.0,2.0,3,Yes,"Lab access was unreliable, lost a lot of time troubleshooting.",2026-02-01
STU-00905,Web Development,Apr 2025 Batch,Techno India University,Offline,Male,3rd Year,4.0,4.0,4.0,4.0,4.0,4,Yes,,2025-04-01
STU-00731,Weather Forecasting ML Project,Oct 2025 Batch,Techno India University,Hybrid,Male,3rd Year,5.0,5.0,3.0,5.0,4.0,4,Yes,"Pace needs to slow down, especially for beginners in the batch.",2025-10-01
STU-00555,Machine Learning,Feb 2026 Batch,Government College of Engineering & Textile Technology,Online,Male,Graduate,3.0,4.0,3.0,3.0,3.0,3,Yes,"Overall okay experience, a few sessions could have been better planned.",2026-02-01
STU-00367,Blockchain Basics,Jan 2026 Batch,Government College of Engineering & Textile Technology,Online,Male,2nd Year,4.0,3.0,4.0,5.0,3.0,4,Yes,Some topics felt outdated compared to current industry trends.,2026-01-01
STU-00346,Weather Forecasting ML Project,Feb 2025 Batch,Techno India University,Hybrid,Female,2nd Year,4.0,4.0,4.0,4.0,3.0,4,Yes,The portal for assignments was confusing and slow to load.,2025-02-01
STU-01609,Full Stack Development,Apr 2025 Batch,Government College of Engineering & Textile Technology,Hybrid,Male,4th Year,5.0,5.0,4.0,4.0,4.0,5,Yes,"Great balance of theory and practicals, exceeded my expectations.",2025-04-01
STU-00536,DevOps,Jun 2026 Batch,Neotia University,Offline,Female,3rd Year,5.0,5.0,5.0,5.0,4.0,5,Yes,The projects assigned really helped me apply what was taught.,2026-06-01
STU-01423,AI in Food Technology,Apr 2025 Batch,JIS College of Engineering,Online,Female,3rd Year,5.0,4.0,4.0,4.0,4.0,4,Yes,One of the best training experiences I have had so far.,2025-04-01
STU-01210,Agentic AI,May 2025 Batch,St. Xavier's College Kolkata,Online,Male,3rd Year,4.0,4.0,4.0,4.0,4.0,4,No,The program content was up to date and industry relevant.,2025-05-01
STU-01373,Java FDP (Faculty Development),Aug 2025 Batch,St. Xavier's College Kolkata,Hybrid,Male,Graduate,4.0,5.0,4.0,4.0,3.0,4,No,Faced frequent audio/video issues during classes.,2025-08-01
STU-01640,Full Stack Development,Jan 2026 Batch,Government College of Engineering & Textile Technology,Online,Female,3rd Year,4.0,3.0,3.0,4.0,2.0,3,No,Faced frequent audio/video issues during classes.,2026-01-01
STU-00920,Python Programming,Apr 2025 Batch,Neotia University,Online,Female,4th Year,4.0,4.0,3.0,4.0,3.0,4,Yes,"The program was decent overall, nothing major to complain about.",2025-04-01
STU-00212,Agentic AI,Apr 2025 Batch,St. Xavier's College Kolkata,Online,Female,4th Year,5.0,5.0,5.0,5.0,5.0,5,Yes,"Enjoyed every module, especially the live project work.",2025-04-01
STU-01604,Competitive Programming,May 2025 Batch,Government College of Engineering & Textile Technology,Hybrid,Female,2nd Year,5.0,4.0,4.0,5.0,4.0,5,Yes,"Clear explanations, useful resources, and prompt doubt-clearing sessions.",2025-05-01
STU-00503,Data Science,Jun 2026 Batch,Government College of Engineering & Textile Technology,Offline,Male,3rd Year,3.0,5.0,4.0,5.0,3.0,4,Yes,,2026-06-01
STU-00538,Machine Learning,Jun 2026 Batch,Techno India University,Online,Prefer not to say,3rd Year,4.0,3.0,2.0,3.0,3.0,3,No,Struggled to keep up as new topics were introduced too quickly.,2026-06-01
STU-01221,UI/UX Design,Jul 2026 Batch,St. Xavier's College Kolkata,Online,Female,Working Professional,5.0,5.0,5.0,5.0,4.0,5,Yes,Nothing to add.,2026-07-01
STU-00176,Generative AI,Sep 2025 Batch,Techno India University,Online,Male,3rd Year,5.0,4.0,3.0,4.0,3.0,4,No,"The sessions moved too fast, hard to keep up with the pace.",2025-09-01
